id_pr,tipo,righe_aggiunte,righe_rimosse,file_modificati,moduli_toccati,complessita_media,test_aggiunti,copertura_modulo,esperienza_autore_mesi,commit_autore_modulo,reviewer,commenti_review,ora_merge,giorno_merge,bug_entro_30gg
1001,feature,57,46,5,2,10.3,1,82.1,6,0,1,2,17,Ven,1
1002,fix,353,53,9,2,4.3,1,35.0,38,10,1,2,21,Lun,1
1003,refactor,99,90,3,2,10.0,1,72.7,23,12,1,4,14,Mer,0
1004,fix,376,146,9,2,3.3,1,77.0,9,0,2,3,8,Ven,0
1005,feature,96,32,6,2,6.5,1,73.6,45,15,0,0,12,Gio,0
1006,feature,26,103,3,2,5.2,1,67.6,41,5,1,2,19,Ven,0
1007,feature,206,5,4,1,2.7,1,38.8,27,8,1,3,12,Mer,0
1008,feature,40,302,6,3,17.3,1,48.4,16,3,3,3,17,Lun,0
1009,fix,126,219,6,3,18.9,0,40.2,17,3,2,4,16,Ven,1
1010,feature,290,22,8,3,1.4,1,76.9,8,3,1,6,16,Ven,1
1011,refactor,179,15,8,3,16.5,0,50.3,8,4,2,3,16,Gio,1
1012,refactor,117,14,5,1,8.5,1,74.2,36,3,1,5,12,Mar,0
1013,feature,25,9,1,2,6.1,1,64.9,54,9,2,1,10,Mar,0
1014,fix,77,30,6,3,7.4,0,56.6,22,5,1,3,10,Mar,0
1015,feature,35,25,2,2,16.7,0,67.2,58,13,1,4,14,Mar,0
1016,refactor,350,36,10,2,22.7,1,26.1,45,13,1,0,17,Gio,0
1017,refactor,149,7,7,3,4.6,0,76.8,15,4,1,4,17,Gio,0
1018,feature,206,12,5,1,8.5,1,54.1,41,10,1,4,8,Mar,0
1019,feature,271,3,8,2,1.7,1,81.5,12,2,2,3,10,Lun,0
1020,refactor,128,15,3,2,5.5,1,77.6,13,1,1,0,14,Gio,0
1021,feature,49,13,5,1,4.5,0,52.9,21,7,1,1,8,Mar,0
1022,feature,73,34,3,2,13.8,1,59.6,28,3,1,4,16,Gio,0
1023,feature,73,18,3,1,6.3,0,75.3,18,4,2,7,15,Mar,0
1024,fix,38,49,7,3,8.3,1,38.3,59,14,1,4,9,Gio,0
1025,refactor,93,58,5,2,10.6,1,58.0,22,7,3,3,16,Mar,1
1026,refactor,33,21,3,1,6.6,1,64.1,42,12,1,1,9,Lun,0
1027,refactor,91,75,4,2,7.0,0,88.8,24,6,1,7,11,Ven,0
1028,feature,59,36,4,2,4.2,0,67.2,9,1,2,6,11,Gio,0
1029,feature,79,89,3,2,6.1,1,51.4,45,18,1,7,21,Ven,1
1030,feature,1117,69,21,6,4.5,0,40.4,65,17,3,5,12,Mer,0
1031,refactor,50,7,3,1,9.3,0,69.7,18,6,1,3,12,Gio,0
1032,feature,209,4,5,1,6.4,1,55.4,14,4,3,6,0,Gio,0
1033,fix,22,26,3,2,10.5,1,42.5,15,2,1,4,16,Lun,1
1034,feature,136,19,4,2,11.3,1,86.6,46,8,0,0,11,Mer,0
1035,fix,205,26,5,1,15.6,1,96.0,7,1,1,5,13,Lun,0
1036,feature,107,63,4,2,17.5,1,67.4,13,6,3,4,12,Mar,0
1037,fix,75,46,3,1,7.3,1,63.0,12,4,2,2,11,Ven,0
1038,refactor,142,49,3,2,14.4,0,31.2,4,0,1,2,16,Ven,1
1039,fix,265,4,5,2,14.7,0,69.9,31,9,1,1,12,Lun,0
1040,fix,1211,6,21,6,10.1,1,59.7,23,6,1,2,8,Lun,0
1041,feature,22,35,2,2,10.7,0,23.4,6,1,1,5,9,Mar,0
1042,refactor,122,27,5,1,7.4,1,68.5,7,4,1,1,14,Lun,0
1043,feature,337,148,13,4,6.8,1,86.5,34,8,1,2,1,Ven,0
1044,feature,189,3,6,2,3.4,1,73.0,62,32,2,5,10,Gio,0
1045,fix,432,43,11,3,8.0,1,58.9,4,1,2,5,10,Mer,1
1046,fix,325,2,9,2,1.8,1,81.4,71,20,2,3,14,Ven,0
1047,feature,91,267,10,3,7.0,1,43.7,29,14,2,4,14,Gio,0
1048,fix,88,57,2,2,6.4,0,69.5,18,3,2,1,10,Mar,0
1049,feature,22,109,4,2,6.3,0,54.6,32,5,1,6,13,Mer,0
1050,feature,39,18,3,2,9.8,0,74.5,7,0,1,3,17,Ven,0
1051,refactor,40,21,3,1,3.0,0,85.1,9,5,1,4,14,Lun,0
1052,fix,484,7,9,3,10.4,1,70.8,22,8,3,4,16,Lun,0
1053,fix,219,12,5,2,4.1,1,69.9,52,19,2,4,18,Gio,0
1054,fix,32,118,3,1,12.2,1,56.4,32,6,2,3,19,Ven,0
1055,refactor,97,69,5,1,7.0,0,60.5,56,9,1,4,13,Mar,0
1056,refactor,83,29,6,2,12.9,1,72.6,14,1,1,4,18,Mar,0
1057,fix,56,44,4,2,8.2,0,61.7,69,18,1,3,14,Mar,0
1058,fix,36,24,1,2,5.9,0,81.7,26,7,2,1,15,Mar,0
1059,feature,36,18,4,2,8.1,0,58.4,9,1,3,6,15,Mer,0
1060,feature,643,10,12,4,17.5,0,75.6,103,20,1,3,11,Gio,0
1061,fix,11,45,5,2,26.1,0,65.1,10,3,1,0,14,Ven,0
1062,feature,11,14,1,1,5.6,1,78.0,13,3,2,1,18,Mar,0
1063,refactor,509,60,11,4,4.3,1,69.8,62,11,3,2,17,Mar,0
1064,fix,100,38,5,1,3.2,0,57.9,32,9,0,1,15,Gio,0
1065,refactor,60,81,5,1,11.6,1,70.9,13,4,1,2,11,Mer,0
1066,feature,167,2,3,2,12.4,0,77.9,15,2,1,3,11,Ven,0
1067,feature,39,105,4,1,15.0,0,66.2,13,2,2,2,10,Lun,0
1068,feature,63,12,4,2,4.5,1,62.5,30,8,3,3,12,Ven,0
1069,feature,12,41,3,2,11.9,1,38.4,13,4,1,3,15,Mer,0
1070,fix,13,76,2,1,9.3,1,36.1,12,6,1,5,10,Mar,0
1071,feature,358,13,7,3,5.7,0,44.1,19,3,1,1,17,Gio,0
1072,refactor,274,12,7,3,10.7,0,81.7,17,4,1,4,12,Lun,0
1073,fix,68,330,10,3,6.2,0,72.6,5,3,2,6,3,Mer,1
1074,feature,46,23,1,2,15.7,1,50.4,33,6,3,7,21,Mer,0
1075,feature,208,22,4,1,8.0,0,29.5,15,2,2,2,14,Mar,0
1076,feature,157,16,4,2,7.1,0,61.6,69,18,2,0,9,Gio,0
1077,fix,87,55,5,2,7.1,0,68.2,7,1,1,3,22,Gio,1
1078,feature,80,6,2,1,8.1,1,47.2,3,1,1,3,22,Mar,0
1079,fix,30,3,2,2,1.8,1,54.4,21,10,2,5,16,Lun,0
1080,feature,72,46,4,2,5.2,0,90.3,3,0,1,6,10,Lun,0
1081,feature,64,75,3,1,6.8,0,78.6,91,24,1,3,12,Mer,0
1082,fix,55,192,5,2,9.1,1,59.3,26,4,1,5,10,Gio,0
1083,feature,27,60,4,2,8.7,0,89.4,34,6,2,4,11,Lun,0
1084,feature,197,20,7,2,8.6,0,57.1,53,8,1,5,14,Lun,0
1085,feature,29,40,1,2,8.4,0,48.4,14,1,0,0,19,Gio,0
1086,fix,60,23,3,2,3.3,1,53.6,37,7,1,4,20,Mer,0
1087,fix,169,181,9,3,8.2,1,80.8,11,3,1,6,8,Gio,1
1088,refactor,98,17,4,2,2.5,1,90.0,28,11,2,4,11,Lun,0
1089,refactor,263,169,10,2,9.9,0,64.3,48,16,3,5,10,Ven,0
1090,feature,358,64,9,3,5.8,1,53.6,53,11,1,2,18,Gio,0
1091,refactor,512,16,9,2,14.8,1,43.3,98,15,1,5,14,Mer,0
1092,feature,101,48,2,2,9.5,0,43.9,59,11,1,2,19,Ven,0
1093,feature,61,41,6,3,3.7,1,49.4,52,13,2,5,17,Mer,0
1094,feature,67,40,3,2,16.4,1,51.2,44,10,1,8,14,Mer,0
1095,feature,51,13,1,1,11.2,1,53.3,66,21,3,6,10,Mar,0
1096,fix,32,31,2,2,1.3,0,82.6,50,11,2,5,17,Ven,0
1097,feature,500,20,10,2,5.3,1,35.5,24,5,2,5,16,Mar,0
1098,feature,142,82,4,1,8.6,1,60.7,53,16,1,3,15,Mer,0
1099,feature,360,6,8,2,8.6,1,20.5,7,2,1,7,17,Lun,0
1100,feature,437,99,9,2,8.5,0,59.5,7,3,2,1,12,Mar,1
1101,refactor,53,4,2,2,11.2,0,72.5,25,7,2,7,10,Ven,0
1102,refactor,70,78,2,1,14.2,1,76.2,18,6,1,1,15,Mer,0
1103,refactor,27,50,5,2,6.2,1,62.7,15,3,1,4,21,Mar,0
1104,feature,78,114,3,2,8.2,0,47.8,41,9,1,5,11,Mar,0
1105,feature,35,12,1,2,7.9,0,49.3,110,21,2,3,11,Mar,0
1106,fix,1475,10,31,7,5.2,1,50.7,28,7,1,3,11,Mar,1
1107,feature,99,111,7,2,2.8,1,84.1,35,14,2,7,14,Lun,0
1108,feature,27,8,4,2,7.7,1,74.6,41,10,2,5,17,Lun,0
1109,refactor,84,47,4,1,2.6,0,83.0,8,3,1,7,12,Gio,1
1110,feature,268,43,6,3,8.0,1,77.6,44,17,2,2,8,Ven,0
1111,fix,133,8,5,1,7.6,1,63.3,33,10,1,3,16,Ven,0
1112,fix,8,491,9,3,6.4,1,59.6,25,8,1,7,17,Mar,0
1113,feature,1388,28,27,7,11.5,1,78.9,47,9,2,4,10,Ven,0
1114,refactor,151,49,5,2,10.3,1,89.2,17,7,1,3,16,Mer,0
1115,fix,49,35,1,1,13.9,1,76.4,47,15,2,5,17,Lun,0
1116,feature,37,101,6,3,11.7,0,64.0,10,1,2,1,15,Gio,0
1117,refactor,43,10,1,1,5.2,1,65.5,6,1,1,3,14,Lun,0
1118,refactor,69,34,4,2,15.6,1,53.5,51,14,2,4,17,Mar,0
1119,refactor,189,51,4,1,9.2,1,60.3,8,1,0,1,14,Lun,0
1120,fix,195,39,5,2,5.0,1,72.4,11,2,2,11,11,Ven,0
1121,fix,121,31,6,3,1.8,1,61.9,22,4,1,5,11,Gio,0
1122,feature,46,139,5,1,4.7,1,59.2,16,1,1,5,16,Mer,0
1123,feature,313,126,9,3,6.0,1,62.6,33,9,1,10,17,Gio,0
1124,feature,114,8,4,2,10.3,0,34.6,57,13,1,5,11,Mar,0
1125,refactor,73,29,4,1,8.6,0,38.9,6,2,1,3,11,Mar,0
1126,feature,5,11,2,2,9.8,1,42.8,5,1,2,3,9,Lun,0
1127,feature,117,16,5,2,9.5,1,47.9,7,4,2,4,14,Mer,0
1128,fix,188,20,4,2,5.4,0,54.8,20,6,1,4,8,Gio,0
1129,fix,239,67,6,3,6.8,1,78.4,40,4,1,3,14,Gio,0
1130,feature,19,51,2,1,13.5,1,64.8,18,5,1,3,20,Ven,0
1131,feature,112,74,4,1,4.1,1,44.1,31,8,2,4,19,Mer,0
1132,fix,72,20,5,2,11.0,1,63.2,13,2,2,2,15,Mar,0
1133,feature,82,33,3,2,12.8,0,78.6,55,14,2,6,15,Mer,0
1134,fix,74,18,2,1,14.9,1,67.1,27,9,1,3,10,Ven,1
1135,feature,80,21,2,2,5.0,1,79.4,48,15,2,1,10,Ven,0
1136,feature,45,97,3,2,11.3,1,81.9,12,3,1,1,16,Ven,0
1137,feature,47,34,3,2,12.2,1,71.4,19,4,2,8,20,Lun,0
1138,feature,17,160,5,1,4.4,0,29.6,3,0,1,4,8,Lun,0
1139,refactor,77,11,3,2,7.4,1,88.9,39,9,2,5,14,Mar,0
1140,refactor,86,9,3,2,15.0,1,46.5,58,15,1,3,13,Mer,0
1141,feature,25,3,1,2,10.4,1,54.6,23,5,1,5,8,Ven,0
1142,fix,81,31,2,2,25.1,1,84.2,37,14,1,3,13,Mar,0
1143,feature,282,13,6,3,5.6,0,47.1,21,4,1,8,14,Mer,0
1144,refactor,29,114,3,2,1.2,0,58.4,38,4,1,3,15,Lun,0
1145,fix,16,50,6,3,18.7,1,72.1,8,0,1,2,9,Gio,0
1146,feature,700,14,13,4,12.1,1,37.7,45,16,2,9,16,Mar,0
1147,feature,37,146,7,2,7.9,1,27.5,75,26,1,4,9,Ven,0
1148,refactor,10,157,4,2,5.4,1,61.0,23,5,2,2,15,Ven,0
1149,feature,32,18,1,1,16.8,0,49.4,41,12,0,1,10,Gio,0
1150,refactor,188,6,3,1,8.2,0,37.4,49,10,2,1,12,Mar,0
1151,fix,27,13,4,1,12.2,0,18.2,17,4,2,2,8,Gio,1
1152,fix,36,211,4,1,3.3,0,84.6,21,6,2,3,16,Mar,0
1153,feature,12,15,2,2,9.4,0,63.6,43,8,1,6,11,Mar,0
1154,fix,178,30,3,1,7.3,0,70.2,16,3,1,7,18,Ven,1
1155,refactor,25,26,2,1,9.5,1,31.2,60,12,2,2,11,Lun,0
1156,feature,22,65,1,1,15.8,0,32.8,15,1,2,2,9,Mer,0
1157,feature,134,17,4,1,14.6,1,66.4,18,3,1,7,1,Gio,0
1158,refactor,15,156,6,3,9.5,0,44.4,24,4,0,3,15,Ven,0
1159,fix,414,20,9,3,14.9,0,80.3,23,9,1,8,16,Mer,1
1160,feature,99,18,4,2,8.3,0,39.1,22,5,2,3,11,Lun,0
1161,feature,70,235,5,2,10.1,0,78.5,13,5,3,5,17,Gio,0
1162,fix,179,20,3,1,22.2,0,57.0,26,6,1,4,9,Gio,0
1163,feature,26,4,2,1,17.1,1,59.8,65,14,2,2,19,Mar,0
1164,fix,32,77,4,1,5.1,0,66.7,17,3,1,4,15,Mer,0
1165,feature,303,45,7,2,3.5,1,76.0,17,2,1,2,21,Ven,1
1166,fix,102,140,6,2,5.5,0,54.9,33,6,1,7,14,Mar,0
1167,refactor,11,17,1,2,8.7,1,47.0,72,20,2,5,14,Ven,0
1168,refactor,494,106,11,3,9.9,1,57.3,5,2,1,3,12,Gio,0
1169,fix,63,3,3,2,8.7,0,81.4,31,9,1,2,18,Gio,0
1170,fix,113,28,2,2,5.8,1,53.5,45,9,1,6,14,Lun,0
1171,feature,99,13,2,1,9.6,1,53.7,32,9,1,3,14,Ven,0
1172,fix,206,199,10,3,8.8,1,73.6,62,17,1,0,11,Mer,0
1173,fix,111,68,9,3,9.3,0,93.2,106,14,1,2,15,Lun,0
1174,feature,21,7,1,1,6.0,1,77.6,21,5,2,2,17,Lun,0
1175,fix,198,99,6,2,4.9,0,59.8,35,9,1,6,11,Lun,0
1176,feature,16,53,2,1,4.9,1,40.9,15,3,2,1,17,Ven,0
1177,fix,119,24,3,1,2.4,1,42.6,66,18,1,7,12,Gio,0
1178,feature,73,23,5,1,15.6,1,38.6,23,5,1,5,20,Gio,1
1179,feature,44,5,5,2,14.3,1,40.1,34,8,2,3,17,Lun,0
1180,fix,37,9,2,2,10.6,1,40.7,38,11,3,3,7,Mar,0
1181,feature,47,21,2,2,7.8,0,45.9,45,9,0,1,10,Mer,0
1182,feature,25,74,3,1,11.8,1,64.4,27,7,3,3,17,Lun,0
1183,refactor,183,93,6,2,8.4,0,62.9,31,6,1,6,14,Gio,0
1184,refactor,188,5,4,1,3.3,0,51.7,24,4,2,8,16,Lun,0
1185,feature,116,3,6,2,8.7,1,76.6,20,2,2,6,11,Mar,0
1186,feature,21,90,3,1,10.3,1,44.8,9,1,1,3,14,Mer,0
1187,refactor,205,33,4,2,7.7,0,61.4,103,22,1,2,11,Gio,0
1188,feature,9,22,2,2,17.1,0,60.1,19,3,3,7,14,Mer,0
1189,fix,192,10,4,1,7.9,1,61.7,30,4,2,3,15,Gio,0
1190,fix,315,15,7,3,2.5,1,51.4,19,3,1,3,18,Mar,0
1191,feature,54,147,9,2,10.0,0,65.7,89,22,3,6,12,Ven,0
1192,feature,103,9,3,1,9.7,1,54.8,22,3,3,6,19,Lun,0
1193,feature,178,10,5,1,7.4,1,24.2,114,35,1,6,18,Mar,0
1194,fix,154,67,8,3,7.8,0,84.4,2,0,1,6,15,Gio,1
1195,feature,17,77,2,2,8.5,0,49.1,6,2,2,3,12,Ven,0
1196,refactor,130,8,4,2,6.8,1,66.4,25,9,2,3,9,Ven,1
1197,feature,63,7,4,1,4.9,0,51.5,18,4,0,1,16,Mar,0
1198,feature,89,14,2,1,14.1,1,61.5,5,3,2,3,17,Lun,0
1199,feature,18,15,4,1,2.7,0,77.7,50,12,1,4,17,Mar,0
1200,fix,118,38,3,2,18.5,1,45.8,10,1,1,4,18,Mar,0
1201,feature,471,9,10,2,5.7,0,62.2,28,2,0,1,17,Lun,1
1202,feature,1262,9,23,5,4.6,1,74.5,10,6,1,5,11,Lun,1
1203,feature,80,2,2,2,2.5,1,67.1,27,5,0,0,11,Ven,0
1204,feature,41,141,5,2,7.8,0,48.3,11,3,3,4,15,Gio,0
1205,fix,158,18,5,1,11.5,0,73.0,5,1,1,4,17,Ven,0
1206,feature,332,26,7,2,6.5,1,50.2,28,9,1,0,20,Mar,0
1207,refactor,42,19,5,2,10.1,0,56.0,17,6,2,5,16,Gio,0
1208,feature,10,3,1,1,3.1,0,74.9,88,20,2,1,16,Mar,0
1209,fix,103,6,3,1,7.0,1,64.9,98,23,1,4,10,Mer,0
1210,fix,65,14,6,2,6.2,1,73.4,10,4,0,3,14,Mer,0
1211,feature,40,26,3,2,1.4,1,77.7,6,1,1,3,16,Mer,1
1212,refactor,152,38,6,2,18.2,1,54.3,12,3,1,3,15,Gio,0
1213,feature,129,4,4,2,11.5,1,58.5,148,46,0,0,9,Lun,0
1214,refactor,99,29,3,2,6.5,1,52.5,43,13,1,4,16,Lun,0
1215,refactor,29,102,4,2,18.0,1,28.3,32,11,2,5,17,Mer,0
1216,feature,50,15,1,1,9.3,0,36.8,35,9,1,4,8,Lun,0
1217,refactor,544,6,10,2,5.8,0,64.7,6,2,1,7,10,Mer,1
1218,refactor,26,7,1,1,1.6,0,86.0,15,6,2,1,21,Mar,0
1219,refactor,67,58,5,1,8.8,0,58.3,28,8,1,7,14,Mar,0
1220,fix,52,22,2,2,15.5,0,77.2,43,10,0,1,14,Lun,0
1221,refactor,97,75,5,1,5.8,1,59.4,27,7,2,1,16,Gio,0
1222,feature,18,5,5,1,12.7,1,69.3,26,9,3,3,14,Lun,0
1223,fix,104,11,4,1,4.8,0,59.6,22,3,2,6,10,Mer,0
1224,feature,108,66,8,3,4.1,1,64.6,20,2,1,1,15,Lun,0
1225,feature,299,106,8,2,5.9,1,57.2,66,11,1,4,9,Gio,0
1226,feature,366,8,7,3,10.0,1,54.4,12,5,1,4,22,Mer,0
1227,fix,20,79,3,1,1.2,0,73.2,17,3,2,1,15,Lun,0
1228,fix,9,7,1,1,13.6,1,50.3,21,4,2,2,3,Mer,0
1229,refactor,84,45,3,2,11.9,0,35.7,27,8,1,5,17,Gio,0
1230,feature,46,71,4,2,5.6,1,69.5,5,2,2,6,14,Ven,0
1231,fix,31,21,2,1,18.2,1,38.3,80,28,2,4,15,Lun,0
1232,fix,22,14,3,1,10.5,0,26.1,14,5,2,3,13,Ven,0
1233,fix,36,17,2,2,6.9,0,60.2,8,4,1,2,17,Mer,0
1234,feature,328,38,6,2,14.6,0,77.4,28,6,2,7,10,Lun,0
1235,fix,52,18,2,1,8.2,1,77.9,42,11,3,2,11,Mar,0
1236,feature,818,234,18,5,19.6,1,51.3,97,27,1,5,17,Gio,0
1237,feature,29,19,2,1,10.3,0,67.2,84,26,0,0,14,Gio,0
1238,feature,135,342,8,3,8.1,1,69.4,33,8,1,3,5,Mer,0
1239,feature,91,58,5,1,8.9,1,75.1,25,5,1,2,14,Lun,0
1240,refactor,158,8,4,1,1.7,1,61.2,11,4,1,5,11,Ven,0
1241,feature,598,88,11,4,6.0,0,71.4,55,21,1,4,11,Lun,0
1242,refactor,133,17,4,2,3.9,1,79.5,18,6,1,5,21,Gio,0
1243,fix,314,170,9,3,6.1,0,82.1,43,11,2,6,16,Lun,1
1244,feature,118,79,4,1,5.3,0,47.5,31,5,2,6,16,Lun,0
1245,feature,58,63,3,1,14.3,0,58.1,70,12,1,3,9,Mar,0
1246,fix,93,24,2,1,15.3,0,38.0,23,3,1,2,5,Mer,1
1247,feature,33,28,3,2,6.3,0,79.6,21,7,2,6,9,Gio,0
1248,feature,90,86,4,2,2.7,0,62.4,8,1,1,3,12,Gio,0
1249,feature,233,6,8,3,9.6,1,90.3,55,10,1,4,6,Ven,0
1250,refactor,42,51,3,1,7.8,0,79.1,12,6,1,2,14,Lun,0
1251,fix,700,26,12,4,18.6,1,56.4,6,2,2,2,9,Mar,1
1252,feature,5,19,3,1,6.5,1,68.9,6,4,1,3,13,Gio,0
1253,fix,160,51,6,2,7.8,1,77.0,44,7,1,4,9,Ven,0
1254,feature,77,46,5,2,8.3,1,30.7,31,13,1,4,10,Gio,0
1255,refactor,43,38,1,2,5.7,0,65.7,37,7,1,2,17,Ven,0
1256,refactor,44,29,1,2,5.1,0,71.5,19,7,1,2,17,Gio,0
1257,feature,196,66,6,3,10.1,1,64.7,30,7,1,4,13,Gio,0
1258,feature,99,20,4,2,3.1,0,31.6,30,8,3,5,10,Gio,0
1259,feature,206,95,7,3,9.8,0,77.3,44,10,2,5,18,Mar,0
1260,feature,507,22,12,4,3.9,1,66.1,10,2,1,7,11,Mer,0
1261,feature,8,15,1,2,5.3,0,77.0,45,8,3,2,14,Gio,0
1262,feature,6,4,1,1,9.9,0,72.8,8,2,2,1,9,Gio,0
1263,feature,28,19,3,2,1.6,1,73.1,21,2,0,2,2,Mer,0
1264,feature,95,24,4,1,10.4,0,45.5,29,5,1,5,23,Mer,1
1265,refactor,67,43,4,1,9.6,0,28.1,27,4,2,2,7,Gio,0
1266,refactor,17,4,4,2,17.8,1,56.8,33,7,1,3,6,Mar,0
1267,fix,44,13,2,1,6.4,0,87.1,16,3,1,4,10,Mar,0
1268,fix,59,163,6,3,3.5,1,43.2,10,4,1,4,7,Gio,1
1269,feature,68,57,2,2,5.8,1,50.7,2,0,2,6,8,Mer,0
1270,refactor,34,13,3,2,11.1,1,68.7,23,12,1,2,10,Lun,0
1271,refactor,382,101,9,2,10.0,1,84.6,67,16,2,5,15,Gio,0
1272,feature,7,20,1,1,3.2,0,58.6,49,12,1,4,18,Ven,0
1273,feature,67,17,1,2,8.2,1,39.8,39,6,1,3,14,Mer,0
1274,fix,46,26,3,2,13.1,0,85.6,27,7,0,1,4,Lun,0
1275,refactor,28,5,2,1,10.2,0,62.4,28,7,1,4,14,Lun,0
1276,feature,17,1,1,2,14.9,0,71.6,45,16,2,2,15,Gio,0
1277,feature,11,22,4,1,20.8,1,63.5,71,21,1,6,9,Mar,0
1278,feature,68,28,4,2,7.7,1,77.6,102,25,1,3,18,Ven,0
1279,fix,22,26,2,1,4.7,0,59.2,54,15,2,1,14,Mar,0
1280,fix,21,90,2,1,8.4,1,34.8,21,3,1,5,11,Gio,0
1281,feature,13,63,3,2,17.0,1,50.9,37,15,2,4,11,Mer,0
1282,feature,41,9,2,1,5.8,1,63.1,104,24,1,2,19,Mer,0
1283,feature,23,47,3,1,1.8,1,51.4,29,7,1,3,6,Gio,0
1284,feature,315,23,9,3,2.2,0,53.2,1,0,2,6,15,Lun,1
1285,refactor,41,106,4,2,5.0,0,78.6,45,15,1,5,11,Gio,0
1286,feature,34,50,3,2,13.0,0,64.2,31,8,2,3,8,Lun,0
1287,feature,101,22,2,2,19.3,0,40.2,26,6,1,3,12,Mar,0
1288,feature,20,33,3,2,14.9,1,62.7,24,7,1,2,10,Mar,0
1289,fix,105,28,4,1,5.6,0,66.8,19,5,1,3,15,Lun,0
1290,fix,96,53,3,1,3.6,0,50.0,98,24,1,3,12,Mar,0
1291,fix,46,6,3,1,6.3,0,88.4,17,3,1,3,14,Mer,0
1292,refactor,37,62,3,2,13.5,1,76.3,17,4,2,4,3,Mar,0
1293,refactor,59,17,2,2,3.6,0,75.8,14,4,1,2,17,Mar,0
1294,feature,129,11,5,2,8.1,1,68.3,87,25,1,4,11,Ven,0
1295,feature,241,55,6,3,8.6,0,85.3,7,4,1,3,10,Gio,0
1296,fix,15,153,4,1,7.6,0,51.3,46,16,2,3,13,Mer,0
1297,fix,69,11,3,1,7.6,0,55.8,11,4,2,3,12,Ven,0
1298,feature,102,9,2,1,17.2,1,16.3,12,4,3,2,13,Mar,0
1299,feature,45,9,3,1,7.3,0,43.6,17,2,2,3,15,Mar,0
1300,fix,207,163,8,3,18.5,1,88.0,39,12,1,3,15,Mer,0
1301,feature,42,146,5,2,3.7,0,65.9,14,8,2,2,10,Ven,0
1302,fix,29,10,4,1,4.8,0,82.2,8,3,2,3,15,Mer,0
1303,feature,23,26,4,2,5.7,0,54.7,40,12,1,3,13,Lun,0
1304,feature,7,31,3,1,6.5,1,44.4,52,11,2,1,15,Lun,0
1305,feature,276,88,8,3,4.6,0,28.7,3,1,1,6,10,Mar,1
1306,feature,31,9,1,1,8.7,0,60.5,16,3,2,3,10,Mer,0
1307,fix,288,7,8,3,9.8,1,35.2,48,12,1,1,11,Mar,0
1308,refactor,184,16,3,1,1.3,0,53.4,10,1,1,3,10,Mar,0
1309,feature,34,87,4,1,17.9,1,70.3,32,8,2,4,18,Mar,0
1310,feature,145,40,5,2,10.1,0,59.5,11,2,1,2,10,Lun,0
1311,refactor,14,28,2,2,8.0,1,98.4,8,2,2,4,12,Ven,0
1312,feature,12,1371,25,6,15.2,1,52.4,36,11,2,7,17,Lun,0
1313,fix,164,90,8,2,10.7,0,95.4,12,3,2,4,15,Lun,0
1314,refactor,37,84,4,1,4.9,0,81.9,60,16,3,3,16,Mar,0
1315,fix,82,240,6,3,5.3,0,70.4,30,5,2,3,12,Mer,0
1316,feature,36,37,3,2,2.0,1,57.7,46,16,0,0,15,Mer,0
1317,feature,134,29,3,1,12.2,0,63.3,65,18,2,6,10,Gio,0
1318,fix,35,16,1,2,4.5,1,82.3,60,14,1,3,14,Mar,0
1319,feature,144,179,9,2,5.7,0,78.1,23,6,2,2,11,Mar,1
1320,feature,462,22,11,4,9.5,1,95.9,5,2,2,4,10,Mer,0
1321,fix,147,57,3,2,12.4,1,56.0,27,9,1,6,20,Ven,1
1322,refactor,150,105,5,2,13.1,1,62.3,48,11,2,6,14,Mer,0
1323,refactor,46,21,1,2,5.5,0,56.8,27,7,2,2,15,Gio,0
1324,fix,14,0,5,2,2.8,0,84.1,87,21,1,3,16,Ven,0
1325,fix,36,33,3,1,4.3,0,88.4,88,17,1,4,15,Mer,0
1326,feature,15,10,3,1,15.1,1,50.5,39,7,2,2,15,Gio,0
1327,feature,48,16,2,2,8.6,1,77.0,62,12,2,3,16,Lun,0
1328,feature,405,25,8,2,23.0,0,46.3,12,2,1,3,9,Mer,1
1329,fix,326,18,6,3,12.8,0,67.4,25,7,1,4,9,Ven,0
1330,refactor,94,9,4,1,14.8,1,73.5,39,12,0,0,12,Mar,0
1331,refactor,71,29,3,1,13.0,0,51.0,32,8,2,1,19,Gio,0
1332,refactor,89,13,3,2,11.8,0,86.1,144,31,1,2,16,Mar,0
1333,refactor,91,83,5,2,19.8,0,73.7,15,4,1,5,9,Lun,0
1334,fix,93,7,6,2,7.4,0,63.9,49,9,3,3,14,Mer,0
1335,feature,149,69,5,1,7.9,1,70.9,57,12,2,5,17,Lun,0
1336,feature,418,37,11,3,28.3,0,53.5,31,9,1,7,19,Lun,0
1337,fix,16,39,3,2,4.8,0,47.4,53,12,2,6,13,Ven,0
1338,feature,6,35,1,1,7.1,0,23.5,30,11,1,0,13,Gio,0
1339,fix,82,105,4,2,2.8,0,69.6,15,2,1,5,14,Mer,0
1340,feature,16,30,2,1,4.9,0,60.3,14,4,1,3,13,Lun,1
1341,fix,42,26,3,1,15.3,1,64.0,38,6,1,5,22,Mar,0
1342,feature,133,823,17,4,16.7,1,58.7,3,1,3,4,18,Mar,0
1343,feature,71,26,4,2,11.1,1,72.6,10,1,1,4,10,Ven,0
1344,feature,139,9,3,1,8.1,1,61.9,9,1,0,0,16,Lun,0
1345,fix,67,22,5,2,4.4,1,44.5,64,15,1,5,17,Lun,0
1346,feature,16,18,1,2,20.5,0,82.1,48,5,1,2,15,Mar,0
1347,refactor,78,265,9,3,16.6,0,41.3,10,1,2,6,13,Lun,1
1348,feature,209,31,6,3,12.1,0,69.4,20,6,1,3,11,Gio,0
1349,fix,89,9,4,1,10.1,1,60.4,10,5,2,4,14,Ven,0
1350,fix,10,95,3,2,16.9,1,43.7,65,16,0,0,17,Ven,1
1351,fix,173,59,4,1,6.4,1,49.8,67,21,3,4,13,Ven,0
1352,feature,142,156,6,3,6.6,1,40.9,18,4,1,5,10,Mer,0
1353,fix,107,114,4,1,6.0,1,45.8,40,12,1,3,10,Mar,0
1354,fix,111,19,5,1,12.7,0,76.3,22,6,0,3,7,Lun,0
1355,feature,27,12,3,1,4.3,1,66.0,13,3,1,5,11,Mer,0
1356,fix,71,82,4,2,1.3,1,88.8,23,6,2,2,10,Mar,0
1357,fix,113,8,5,1,15.1,1,41.5,20,9,2,5,9,Lun,0
1358,fix,130,82,6,2,6.8,1,47.1,30,7,0,0,15,Gio,0
1359,feature,117,16,4,2,8.9,0,44.0,17,1,1,2,18,Lun,0
1360,refactor,104,18,4,1,13.4,0,57.9,30,8,1,1,18,Mar,0
1361,feature,30,26,1,1,8.7,1,43.7,35,17,2,6,16,Lun,0
1362,feature,23,5,1,2,9.1,0,42.3,62,20,2,5,16,Mar,0
1363,refactor,96,6,2,2,18.6,0,93.2,16,2,2,6,10,Ven,0
1364,feature,48,252,7,3,8.9,1,44.8,7,3,1,7,17,Gio,1
1365,feature,90,30,5,2,8.9,1,58.3,49,14,3,4,9,Mar,0
1366,feature,16,28,4,2,5.4,0,32.0,9,5,0,3,9,Mar,0
1367,refactor,30,35,5,2,7.9,0,59.3,15,6,3,1,7,Gio,0
1368,refactor,176,42,4,2,7.1,0,94.4,17,4,0,0,20,Mar,0
1369,feature,285,110,8,2,12.0,1,66.6,32,13,3,4,9,Gio,0
1370,fix,70,2,2,2,12.2,1,73.5,33,6,1,4,10,Mar,0
1371,feature,54,53,3,1,9.3,1,59.7,40,11,2,3,14,Lun,0
1372,feature,17,39,3,2,5.7,1,74.2,40,12,1,3,10,Lun,0
1373,refactor,115,179,7,3,13.1,1,44.4,9,4,2,2,15,Mar,1
1374,feature,475,57,9,3,17.9,1,64.9,48,10,1,3,16,Gio,0
1375,feature,45,60,3,2,6.9,1,81.7,45,12,1,7,15,Gio,0
1376,refactor,679,25,13,3,9.9,1,81.6,29,5,0,0,15,Mer,0
1377,refactor,88,7,3,2,3.6,1,83.4,29,10,0,2,15,Mar,0
1378,feature,25,20,3,2,2.5,1,73.4,11,4,1,0,10,Ven,0
1379,fix,72,16,3,2,5.8,0,28.7,46,8,2,5,13,Mar,0
1380,refactor,123,24,3,2,6.0,1,65.0,30,8,1,7,16,Gio,0
1381,refactor,12,5,2,1,9.5,1,64.2,24,6,2,2,13,Ven,0
1382,fix,35,33,4,1,4.0,1,30.5,23,5,1,2,11,Mer,0
1383,feature,58,421,10,2,23.7,1,32.0,104,29,1,3,16,Ven,0
1384,feature,157,40,3,2,7.0,1,70.8,9,0,1,3,17,Mer,0
1385,feature,127,9,3,1,22.5,1,33.0,27,5,2,3,17,Ven,1
1386,refactor,139,6,3,1,5.7,1,52.5,12,2,1,6,20,Mer,0
1387,refactor,113,136,7,2,8.0,0,39.2,49,8,1,3,14,Lun,0
1388,refactor,225,79,6,3,20.0,0,79.7,47,14,1,6,4,Mer,1
1389,fix,121,67,5,1,3.8,1,25.2,46,11,1,3,16,Lun,0
1390,fix,201,6,4,1,3.7,0,37.1,50,13,1,4,18,Lun,0
1391,feature,127,17,3,2,5.0,1,81.5,46,12,1,4,14,Lun,0
1392,feature,175,51,5,1,14.3,1,45.8,39,14,0,0,14,Mar,1
1393,refactor,63,14,2,2,13.4,1,78.4,16,3,1,2,9,Gio,0
1394,feature,112,58,3,1,7.6,1,42.8,57,21,2,5,19,Lun,0
1395,feature,39,6,2,2,1.5,1,50.7,22,7,1,3,7,Mer,0
1396,feature,178,4,6,3,18.6,1,83.3,15,4,1,2,18,Lun,0
1397,fix,111,224,8,3,3.7,1,59.3,106,30,0,1,18,Mar,0
1398,feature,71,8,4,2,3.8,0,66.7,35,12,1,3,19,Lun,1
1399,refactor,103,91,4,2,3.1,0,88.6,46,11,2,7,15,Mer,0
1400,fix,203,12,5,1,10.1,1,88.1,45,13,2,1,22,Lun,0
1401,fix,142,60,4,2,3.5,1,52.7,29,3,1,6,14,Ven,0
1402,refactor,84,103,4,1,16.4,1,67.9,26,8,2,2,15,Mer,0
1403,feature,688,39,14,3,6.7,1,78.8,126,35,2,5,10,Gio,0
1404,feature,80,31,2,2,1.8,1,34.0,12,1,1,0,16,Lun,0
1405,fix,73,11,4,1,9.3,1,69.4,6,1,1,1,8,Lun,0
1406,refactor,17,2,1,2,8.4,0,50.0,76,21,1,0,15,Gio,1
1407,feature,109,5,4,1,3.5,0,78.3,17,5,1,3,10,Ven,0
1408,fix,40,187,4,2,3.8,1,39.6,48,12,2,5,18,Mer,0
1409,feature,80,8,1,1,4.8,0,64.6,30,6,2,7,17,Ven,0
1410,feature,157,370,9,2,2.4,1,76.4,23,4,1,7,12,Mer,0
1411,fix,52,16,2,2,5.8,1,83.4,53,11,1,3,20,Ven,0
1412,feature,91,8,2,2,19.5,1,61.2,7,1,1,4,18,Mer,0
1413,refactor,103,27,4,2,5.8,1,93.1,21,7,1,3,12,Gio,0
1414,feature,97,16,2,1,6.9,1,36.4,56,12,2,4,16,Mer,0
1415,refactor,1166,49,23,5,4.9,1,61.3,25,10,1,6,16,Mar,0
1416,feature,25,15,3,1,10.0,0,26.1,23,8,1,3,17,Mer,0
1417,feature,253,18,6,2,5.2,1,36.2,44,8,2,2,13,Ven,0
1418,fix,335,23,8,2,4.1,0,76.4,13,4,1,3,17,Ven,1
1419,feature,94,19,4,2,3.6,0,48.1,73,12,1,3,14,Ven,0
1420,refactor,120,25,4,2,5.5,0,38.7,117,31,1,2,14,Gio,0
1421,refactor,217,21,4,2,8.0,0,50.5,87,24,3,2,16,Mar,0
1422,fix,61,10,5,2,14.3,1,38.7,45,8,1,2,11,Lun,1
1423,feature,122,54,6,3,6.5,1,64.4,21,2,1,4,9,Gio,0
1424,feature,12,3,2,2,12.5,0,70.8,29,4,1,1,12,Mer,0
1425,refactor,48,310,7,2,6.1,1,49.2,8,6,3,1,6,Mer,0
1426,feature,87,25,2,1,6.7,1,68.2,8,4,1,7,15,Mer,1
1427,feature,165,86,5,1,6.6,1,59.1,35,15,1,2,16,Lun,0
1428,refactor,304,303,16,4,3.9,1,40.2,7,1,1,3,2,Gio,1
1429,feature,41,10,2,1,7.4,0,63.1,47,9,1,6,19,Gio,0
1430,fix,388,5,9,2,7.6,0,71.7,11,2,1,9,11,Ven,1
1431,feature,21,34,2,1,8.2,0,46.4,40,15,1,4,11,Lun,0
1432,feature,4,3,2,2,7.0,0,28.0,90,26,1,1,10,Gio,0
1433,fix,208,43,7,2,8.7,0,92.4,52,17,0,0,19,Mer,0
1434,feature,101,35,5,1,9.6,1,55.0,9,7,1,4,11,Mar,0
1435,refactor,149,307,9,3,8.1,0,63.0,36,7,1,5,15,Ven,0
1436,feature,64,4,3,1,6.7,1,67.9,91,23,1,3,10,Mer,0
1437,feature,37,7,4,1,15.1,0,55.4,67,20,2,3,14,Lun,0
1438,feature,126,3,4,1,17.0,1,53.0,7,6,2,2,16,Mar,0
1439,feature,169,29,3,1,15.2,1,57.1,8,0,1,1,15,Gio,0
1440,fix,354,30,7,3,12.8,1,64.8,59,13,1,6,12,Ven,0
1441,fix,196,15,5,1,16.3,0,30.7,10,2,1,1,20,Lun,1
1442,feature,100,18,4,2,2.2,0,60.1,4,0,2,2,18,Gio,0
1443,feature,9,53,3,1,3.7,1,51.8,40,10,2,4,10,Mar,0
1444,feature,326,84,11,3,8.5,1,73.5,13,2,2,2,18,Mer,0
1445,feature,112,31,4,2,12.5,1,74.3,89,23,2,2,8,Mer,0
1446,feature,21,133,4,2,9.5,1,64.0,35,8,2,3,14,Lun,0
1447,feature,16,11,2,2,13.6,0,76.3,10,4,2,6,13,Mer,0
1448,refactor,2557,20,44,8,4.7,1,78.8,15,4,1,6,17,Ven,0
1449,refactor,144,15,3,2,18.1,0,43.2,41,6,2,8,19,Ven,1
1450,feature,103,3,6,3,3.3,1,72.2,43,8,1,0,14,Mer,0
1451,feature,314,81,8,2,6.7,0,65.2,7,2,2,4,11,Mar,0
1452,feature,27,34,2,1,11.1,0,79.1,7,3,1,4,16,Gio,0
1453,refactor,213,16,8,3,6.1,0,86.7,31,11,1,4,13,Lun,0
1454,fix,98,62,5,2,2.6,1,77.9,39,1,1,4,18,Mar,0
1455,feature,8,97,4,2,5.2,0,51.3,32,10,1,3,11,Lun,0
1456,refactor,132,67,7,3,15.5,1,80.5,13,1,0,2,14,Mer,0
1457,fix,24,72,3,2,5.4,0,53.4,13,3,2,0,13,Lun,0
1458,feature,38,87,3,2,5.4,0,62.3,19,4,1,1,12,Gio,0
1459,fix,170,23,5,2,3.7,0,45.4,21,2,3,4,17,Gio,0
1460,feature,181,26,4,1,15.2,1,51.0,39,18,0,0,11,Lun,0
1461,feature,23,126,3,1,7.1,1,49.8,24,6,1,6,8,Gio,0
1462,feature,35,23,2,1,12.5,1,34.9,5,0,2,3,21,Mer,0
1463,feature,103,76,5,1,6.1,1,49.0,44,14,1,5,11,Mer,0
1464,feature,153,16,5,1,3.1,1,65.3,10,0,2,2,12,Gio,0
1465,feature,53,53,2,2,4.7,0,56.1,35,6,1,3,16,Lun,0
1466,feature,12,122,3,2,19.2,0,81.8,38,8,2,3,11,Lun,0
1467,fix,148,52,4,1,18.3,1,82.9,96,14,2,4,8,Mar,0
1468,refactor,215,164,6,2,5.6,1,79.0,80,24,1,8,9,Ven,1
1469,feature,376,17,8,2,6.0,0,75.0,9,3,3,3,14,Mar,0
1470,feature,122,6,2,2,9.9,1,67.6,88,20,1,6,16,Mar,0
1471,feature,51,36,4,2,6.9,1,59.3,62,18,1,3,10,Mer,0
1472,feature,33,111,7,3,7.9,1,71.4,44,8,1,6,18,Ven,0
1473,fix,115,40,4,1,16.7,0,37.4,4,1,2,3,11,Ven,1
1474,fix,1012,67,21,6,23.8,0,61.8,20,11,1,3,9,Lun,0
1475,feature,111,5,5,2,10.3,1,64.4,20,4,1,2,19,Ven,1
1476,fix,198,38,6,2,4.5,1,73.2,62,21,1,4,16,Ven,0
1477,fix,51,352,8,2,2.2,0,54.3,31,9,2,2,6,Lun,0
1478,feature,2847,18,49,8,10.0,0,39.2,26,7,1,7,15,Lun,0
1479,feature,130,70,5,2,13.8,0,78.1,10,3,2,4,16,Lun,0
1480,fix,547,704,22,5,8.3,1,75.3,21,4,1,3,14,Gio,0
1481,feature,62,130,5,1,2.4,1,95.6,30,6,1,1,16,Mer,0
1482,feature,22,11,2,1,18.5,1,63.5,81,23,2,1,20,Lun,0
1483,fix,420,9,9,2,8.2,1,43.8,85,19,1,6,14,Mer,0
1484,feature,206,15,4,1,15.8,0,70.2,1,0,3,4,10,Mar,0
1485,feature,69,46,5,1,5.0,0,61.5,25,8,1,2,18,Lun,0
1486,fix,88,8,3,1,12.3,1,76.1,13,3,0,1,15,Ven,0
1487,feature,265,56,6,2,7.8,1,49.2,20,5,2,2,7,Ven,0
1488,feature,132,4,2,2,7.2,1,58.8,65,21,3,5,16,Lun,0
1489,fix,1808,35,34,8,15.9,1,56.6,14,3,1,4,12,Mar,0
1490,feature,253,5,5,1,16.4,0,58.7,25,7,1,2,17,Mar,0
1491,fix,159,9,5,1,26.5,1,34.4,39,17,1,7,10,Lun,1
1492,fix,17,46,2,2,8.9,0,53.7,18,5,3,2,17,Ven,0
1493,fix,112,23,4,2,5.9,0,42.5,13,4,1,3,12,Lun,0
1494,feature,70,3,2,1,4.4,1,59.0,8,1,1,2,10,Lun,0
1495,feature,143,37,3,2,4.1,0,45.8,9,3,1,7,11,Gio,0
1496,feature,63,52,2,1,2.0,0,55.4,14,3,1,3,10,Mar,0
1497,feature,275,36,6,2,6.1,1,73.9,41,14,1,3,15,Lun,0
1498,feature,285,18,6,2,5.8,0,74.6,11,4,1,4,18,Lun,1
1499,refactor,514,63,11,4,13.6,0,89.0,33,10,3,7,9,Mar,0
1500,feature,95,16,3,2,11.9,1,93.3,25,5,2,11,12,Lun,0
1501,feature,601,43,13,3,6.7,1,61.2,20,4,1,6,12,Gio,0
1502,fix,68,76,2,1,5.9,0,75.3,4,2,2,1,15,Ven,0
1503,feature,587,15,13,4,11.0,0,76.1,65,11,2,5,9,Ven,0
1504,feature,67,7,2,1,7.2,1,37.5,14,4,1,3,16,Gio,0
1505,refactor,20,70,6,2,16.4,0,85.2,29,5,1,4,9,Gio,0
1506,feature,199,328,11,4,4.8,0,70.0,15,4,1,4,14,Mar,1
1507,fix,28,4,3,1,5.0,1,37.5,27,7,2,1,22,Mer,0
1508,feature,69,5,2,2,5.5,1,74.2,24,6,1,3,11,Ven,0
1509,fix,90,14,3,2,6.3,1,74.8,20,5,1,2,10,Lun,0
1510,feature,79,37,4,2,5.0,1,57.5,40,13,0,2,18,Gio,0
1511,fix,325,13,6,2,4.2,1,83.2,25,8,3,6,11,Lun,0
1512,feature,49,102,4,2,2.3,0,86.0,10,2,3,7,10,Gio,0
1513,feature,44,13,1,1,8.0,0,47.5,44,13,1,2,10,Gio,0
1514,feature,139,14,4,2,18.9,1,48.7,41,7,1,7,18,Gio,0
1515,fix,426,137,11,4,7.9,0,46.6,33,11,1,5,16,Mer,1
1516,fix,41,34,2,2,10.4,1,69.4,36,6,1,4,18,Mer,0
1517,fix,187,10,6,3,12.6,1,61.5,28,5,1,4,21,Ven,0
1518,fix,27,8,2,1,15.4,0,73.7,19,5,1,4,16,Mar,0
1519,feature,13,13,3,1,5.2,0,56.6,19,0,1,2,11,Mer,0
1520,feature,129,44,5,2,1.8,0,66.1,83,22,1,3,16,Mer,0
1521,refactor,79,6,1,1,9.2,0,89.7,7,1,3,0,12,Lun,0
1522,fix,117,83,4,2,7.9,1,47.9,60,14,1,5,11,Ven,0
1523,feature,42,209,4,1,12.8,0,56.3,49,11,1,2,10,Lun,0
1524,feature,167,24,3,2,3.3,0,65.0,10,4,2,4,15,Mer,0
1525,feature,82,17,3,2,7.6,1,34.6,20,4,1,3,14,Lun,0
1526,feature,209,16,5,2,14.6,1,51.9,9,2,2,1,8,Gio,0
1527,feature,147,26,7,3,21.7,1,87.9,60,26,2,2,16,Mer,0
1528,fix,8,1,2,1,1.4,1,41.2,4,1,2,2,10,Lun,0
1529,fix,72,8,2,1,17.1,1,73.5,7,3,2,5,15,Gio,0
1530,fix,25,7,2,1,6.1,1,54.1,82,21,2,0,18,Ven,0
1531,feature,64,115,4,2,17.4,0,58.9,13,4,2,4,18,Gio,0
1532,refactor,243,87,7,3,12.4,0,36.3,52,13,1,4,15,Mar,1
1533,feature,70,42,6,3,11.8,0,43.1,60,10,1,4,18,Mar,0
1534,feature,231,136,6,2,3.0,0,63.9,17,4,2,5,14,Lun,0
1535,feature,143,31,4,2,15.2,1,31.8,15,2,1,2,16,Mar,0
1536,fix,20,48,1,2,6.9,1,34.7,28,6,2,3,16,Gio,0
1537,fix,153,14,7,2,5.5,1,88.4,73,15,1,1,9,Lun,0
1538,fix,96,7,3,2,5.0,0,82.2,51,13,3,2,14,Mer,0
1539,refactor,310,37,7,3,14.6,1,45.6,23,8,1,5,15,Gio,1
1540,feature,58,51,3,1,12.0,0,43.4,59,12,1,5,7,Mer,0
1541,fix,9,29,2,1,11.0,0,63.9,19,3,2,4,9,Mar,0
1542,fix,144,27,4,2,1.0,0,27.2,50,14,2,0,12,Lun,0
1543,feature,49,6,1,2,11.5,1,55.7,15,1,1,3,14,Mar,0
1544,fix,76,23,4,2,1.5,1,79.4,17,4,3,2,13,Mar,0
1545,feature,89,70,4,1,1.0,0,48.7,21,9,1,2,12,Mer,0
1546,fix,29,34,2,1,7.9,1,60.3,31,9,2,2,11,Gio,0
1547,refactor,123,11,2,2,14.1,1,69.9,64,8,1,1,12,Mar,0
1548,refactor,9,307,6,3,8.7,1,62.8,9,1,1,4,17,Ven,0
1549,refactor,49,7,1,2,4.3,1,81.1,19,4,2,3,15,Ven,0
1550,feature,29,10,4,1,7.0,1,64.7,22,5,2,1,14,Gio,0
1551,feature,49,16,1,2,10.1,1,84.1,7,1,1,2,8,Gio,0
1552,fix,198,26,6,3,8.4,1,74.3,17,6,3,6,17,Gio,0
1553,feature,89,8,3,2,3.1,1,25.7,20,5,2,1,7,Mar,0
1554,refactor,16,26,3,2,8.2,1,58.9,6,0,2,1,3,Mer,1
1555,fix,109,30,2,2,10.2,1,67.3,21,4,3,3,18,Lun,1
1556,fix,247,187,8,3,12.4,0,89.9,31,3,1,4,12,Mer,0
1557,fix,87,2,2,2,13.6,1,85.8,6,0,2,4,9,Mer,0
1558,fix,25,8,1,1,6.3,0,37.3,53,20,1,2,15,Mar,0
1559,feature,1127,75,23,5,7.2,0,61.8,72,24,1,4,12,Mar,0
1560,refactor,158,10,6,2,10.1,1,83.6,10,6,1,5,16,Ven,0
1561,fix,117,30,2,2,2.6,1,35.7,13,2,1,7,17,Ven,0
1562,fix,141,8,5,1,30.6,0,67.4,4,2,1,3,10,Mar,0
1563,fix,11,8,2,1,1.0,0,84.8,40,11,1,5,14,Lun,0
1564,fix,159,51,4,1,11.4,1,82.8,31,8,1,4,17,Lun,0
1565,fix,17,7,1,2,6.4,1,62.9,18,1,2,3,14,Ven,0
1566,fix,131,178,8,2,14.5,1,63.4,17,6,3,9,17,Mer,0
1567,fix,143,179,6,3,7.1,0,75.5,84,23,3,2,11,Mar,1
1568,fix,465,10,8,2,13.1,0,62.9,52,8,1,3,12,Mar,0
1569,feature,94,35,2,2,12.4,1,84.4,8,2,1,3,21,Ven,0
1570,fix,214,159,8,3,9.6,1,29.9,30,5,1,3,15,Mer,0
1571,feature,21,4,2,2,26.1,1,46.7,18,5,3,1,13,Gio,0
1572,feature,153,226,8,3,13.5,0,49.6,12,1,1,3,13,Lun,1
1573,feature,70,7,3,1,1.8,0,75.9,21,4,1,5,10,Lun,0
1574,feature,55,66,2,2,3.2,0,89.5,27,4,1,4,16,Lun,0
1575,refactor,238,108,8,3,15.2,0,58.4,47,16,3,3,23,Ven,0
1576,feature,25,38,3,2,12.9,0,92.0,22,3,3,0,14,Ven,0
1577,feature,38,7,1,2,7.4,1,48.3,107,17,1,7,6,Lun,0
1578,feature,11,3,2,2,3.8,1,65.1,11,2,1,5,17,Ven,0
1579,feature,5,160,4,1,5.3,0,67.2,15,6,2,4,20,Lun,0
1580,fix,33,12,1,2,8.2,0,47.4,8,4,2,2,12,Ven,0
1581,refactor,31,14,3,1,20.8,0,65.2,11,6,1,1,9,Lun,1
1582,feature,214,9,5,2,11.3,1,79.3,4,1,1,5,14,Mer,0
1583,feature,127,18,2,1,6.1,1,35.4,52,12,1,2,10,Gio,0
1584,feature,44,718,18,4,5.0,0,37.3,22,5,2,6,13,Mar,0
1585,refactor,53,3,1,2,7.7,1,51.0,9,2,1,7,15,Ven,0
1586,feature,160,129,9,2,15.3,0,82.7,99,28,1,3,12,Lun,0
1587,refactor,205,75,7,3,4.0,0,47.7,41,7,1,1,14,Mer,0
1588,refactor,40,2,5,1,15.1,1,58.7,38,7,1,2,12,Mar,0
1589,fix,451,24,9,2,3.5,0,66.0,4,1,1,3,15,Mar,0
1590,feature,90,13,3,1,10.9,0,87.1,47,10,1,3,7,Lun,0
1591,fix,338,74,8,2,10.0,0,66.0,37,8,1,4,15,Gio,1
1592,fix,273,24,6,2,10.4,0,58.0,4,3,2,4,11,Mer,0
1593,feature,73,63,3,2,14.1,0,45.9,1,0,2,4,14,Lun,0
1594,feature,81,98,6,2,3.3,0,83.4,8,0,1,7,16,Ven,0
1595,refactor,104,7,3,2,5.0,0,41.9,49,16,1,2,17,Mar,1
1596,fix,1111,9,21,5,7.1,1,75.5,32,4,2,5,16,Mar,0
1597,feature,140,157,5,1,10.4,0,41.8,13,10,1,6,3,Lun,1
1598,refactor,97,2,4,1,31.9,1,74.3,31,12,1,1,16,Gio,0
1599,refactor,54,7,3,1,7.6,1,79.4,43,9,1,3,19,Mer,0
1600,feature,16,16,1,2,6.6,0,56.2,29,8,1,3,19,Lun,0
1601,feature,83,12,3,1,2.2,0,79.1,54,9,2,2,10,Gio,0
1602,fix,27,10,3,2,6.1,1,66.1,12,2,1,1,11,Ven,0
1603,feature,820,285,18,4,5.2,1,78.2,35,8,1,5,16,Mar,0
1604,fix,178,46,6,2,5.0,1,73.5,16,6,1,5,15,Lun,0
1605,feature,130,5,5,1,6.9,1,53.7,71,19,1,3,18,Mar,0
1606,refactor,91,24,3,1,9.0,1,60.8,15,4,2,3,17,Ven,0
1607,feature,77,54,4,1,4.5,0,60.7,3,0,1,5,14,Gio,0
1608,fix,33,44,2,1,10.5,0,46.8,11,3,2,3,18,Mar,0
1609,refactor,97,16,4,1,8.9,0,67.7,67,18,1,4,22,Gio,0
1610,refactor,35,39,1,1,5.6,1,57.4,21,8,1,5,17,Gio,0
1611,fix,364,31,7,2,12.4,1,40.4,10,2,2,2,20,Mar,0
1612,fix,142,12,6,3,5.5,1,61.0,50,8,3,2,10,Gio,0
1613,feature,60,159,5,1,5.9,1,56.1,58,23,2,6,17,Lun,0
1614,fix,115,4,3,1,20.3,0,80.5,13,0,3,5,12,Mer,0
1615,fix,35,17,2,1,13.5,0,72.4,8,2,1,2,9,Gio,0
1616,refactor,31,45,4,1,4.7,0,60.1,21,5,1,2,10,Mer,0
1617,fix,193,160,8,2,6.9,0,46.0,58,16,2,7,15,Lun,0
1618,feature,8,19,2,2,11.4,0,72.2,32,9,1,1,11,Lun,0
1619,fix,46,19,2,2,7.6,0,60.5,102,29,3,7,17,Lun,0
1620,feature,296,81,7,2,6.4,1,57.6,33,16,1,3,16,Gio,0
1621,feature,68,106,4,2,5.5,0,82.8,18,7,2,2,15,Mar,0
1622,refactor,81,82,3,2,12.9,1,59.1,39,11,2,2,15,Gio,0
1623,feature,168,11,3,2,8.4,1,68.1,9,3,3,4,15,Mar,0
1624,fix,165,59,5,1,4.1,1,62.2,10,2,3,5,15,Lun,0
1625,fix,63,170,5,1,6.0,1,67.5,55,17,1,5,19,Lun,0
1626,feature,21,127,3,1,19.4,0,54.9,31,13,1,2,6,Mer,0
1627,feature,472,64,10,3,5.6,1,64.0,40,8,2,5,17,Lun,0
1628,feature,65,716,15,3,1.8,0,82.1,16,1,2,6,10,Lun,0
1629,fix,24,84,3,1,3.7,0,60.9,45,10,2,1,14,Lun,0
1630,refactor,41,34,3,2,12.6,0,82.3,16,4,2,3,17,Mar,0
1631,feature,64,13,1,1,2.6,1,31.0,29,9,1,4,7,Mer,0
1632,feature,523,38,9,2,3.1,0,61.9,46,11,1,4,10,Mer,1
1633,feature,39,25,2,1,9.9,1,71.2,25,8,2,7,14,Gio,0
1634,feature,89,64,4,2,3.0,1,57.5,5,2,1,3,13,Gio,0
1635,refactor,47,33,2,2,6.1,0,77.8,14,2,1,4,10,Lun,0
1636,refactor,143,150,7,2,13.4,0,47.8,66,22,1,4,12,Gio,0
1637,refactor,92,37,5,2,12.9,1,66.5,85,13,1,2,11,Mer,0
1638,fix,34,23,3,1,16.1,0,26.5,9,2,1,3,21,Mar,1
1639,fix,79,16,4,2,6.4,1,55.3,52,10,2,7,15,Lun,0
1640,feature,7,13,1,2,14.3,0,60.2,18,4,1,2,9,Ven,0
1641,refactor,512,7,13,3,3.5,0,80.0,24,9,0,1,23,Mar,1
1642,feature,80,27,2,1,12.5,0,62.5,15,3,1,2,9,Mer,0
1643,feature,86,2,2,2,8.3,1,54.8,44,6,1,1,11,Lun,0
1644,feature,180,8,5,2,10.1,1,47.6,14,6,3,5,15,Gio,0
1645,feature,47,92,2,1,11.2,1,47.3,52,13,1,1,17,Mer,0
1646,refactor,37,56,4,1,3.9,1,51.4,14,1,1,2,17,Gio,0
1647,feature,70,18,3,2,4.1,0,83.7,40,8,1,4,10,Gio,0
1648,feature,64,19,1,2,8.5,0,88.7,60,15,3,3,9,Mer,0
1649,feature,6,15,1,1,17.1,0,56.0,27,12,1,1,10,Ven,0
1650,fix,62,71,2,1,6.2,1,59.2,21,6,2,5,11,Mer,0
1651,feature,108,46,4,1,7.8,0,63.5,26,5,3,6,9,Ven,0
1652,refactor,85,28,2,1,3.7,1,46.7,14,3,3,1,11,Ven,0
1653,feature,104,10,3,1,5.0,1,63.8,4,0,2,3,18,Gio,0
1654,refactor,90,163,6,3,5.4,1,43.0,17,6,1,5,15,Gio,0
1655,fix,126,161,5,2,7.9,0,58.1,102,24,1,6,9,Ven,0
1656,refactor,62,43,4,1,7.5,0,59.8,14,3,2,5,15,Lun,0
1657,fix,845,29,17,5,5.6,0,65.3,2,0,2,5,17,Mer,1
1658,feature,32,30,3,1,7.5,1,73.8,44,14,0,0,11,Lun,0
1659,feature,489,77,11,4,7.3,0,58.9,35,11,1,6,11,Ven,1
1660,refactor,305,33,8,3,9.9,1,75.4,23,5,2,7,10,Mar,0
1661,refactor,30,77,4,2,7.0,1,75.5,10,3,1,3,12,Ven,0
1662,feature,51,5,1,2,8.9,1,82.0,24,6,2,3,19,Ven,0
1663,feature,164,236,8,3,6.8,1,61.7,8,1,1,2,15,Lun,0
1664,feature,59,8,1,2,22.7,1,57.4,32,3,3,4,10,Ven,0
1665,fix,14,29,2,1,6.6,0,64.3,28,9,1,3,10,Gio,0
1666,refactor,76,12,2,2,2.7,0,83.5,18,9,1,1,16,Mer,0
1667,feature,25,17,3,1,10.1,0,53.5,5,1,1,1,17,Ven,0
1668,feature,74,45,6,2,14.7,1,86.7,33,5,2,4,16,Lun,0
1669,fix,9,88,3,1,10.8,1,75.9,65,21,3,4,17,Mar,0
1670,feature,175,30,3,2,3.9,0,61.8,3,1,1,3,16,Ven,1
1671,fix,12,64,4,1,7.6,0,78.2,22,7,1,5,17,Ven,0
1672,feature,175,211,7,3,21.4,1,66.2,30,9,1,5,3,Mer,0
1673,feature,116,45,7,3,7.5,0,69.3,53,11,1,4,13,Ven,0
1674,feature,47,99,4,1,4.0,0,56.0,47,12,2,3,8,Mar,0
1675,refactor,93,30,6,3,3.6,0,54.9,6,2,1,1,16,Ven,1
1676,feature,424,7,7,3,5.3,0,36.8,28,5,1,1,9,Mer,1
1677,fix,50,7,2,1,12.0,0,47.2,62,20,1,2,11,Lun,1
1678,refactor,320,35,8,2,4.3,0,56.9,21,3,2,5,16,Gio,0
1679,feature,76,197,7,3,3.0,0,56.8,31,5,1,2,11,Lun,0
1680,feature,65,9,2,1,11.6,0,16.7,51,10,2,6,11,Ven,0
1681,fix,257,67,10,3,8.8,1,59.9,31,11,2,4,8,Mar,0
1682,feature,17,11,1,2,2.8,1,53.1,33,12,1,5,7,Mar,0
1683,fix,55,19,6,3,31.3,1,63.5,66,20,2,4,23,Mar,0
1684,feature,109,36,3,1,10.6,1,70.5,18,4,2,1,9,Mer,0
1685,fix,584,37,10,3,1.4,0,77.7,4,1,1,8,16,Ven,1
1686,feature,161,3,4,2,7.5,1,68.6,67,19,1,4,17,Lun,0
1687,fix,258,10,6,2,10.0,0,43.2,17,2,2,4,17,Mer,0
1688,feature,44,48,3,1,6.1,1,83.9,23,7,2,2,8,Ven,0
1689,fix,16,117,3,1,12.1,1,83.3,41,12,2,6,10,Mar,0
1690,refactor,182,24,4,2,6.2,0,39.7,52,18,1,7,16,Mer,1
1691,feature,75,8,2,2,7.2,0,27.9,19,1,1,3,13,Mar,0
1692,fix,33,11,4,2,7.7,1,45.0,59,21,1,6,9,Mar,0
1693,fix,38,18,3,2,2.6,1,56.9,74,22,2,4,16,Mer,0
1694,feature,35,53,4,1,5.4,0,29.7,16,6,1,0,13,Mar,0
1695,feature,22,177,4,1,18.4,0,75.6,41,14,1,8,14,Mar,0
1696,fix,354,79,10,2,13.3,1,74.5,25,5,1,2,12,Lun,0
1697,fix,97,9,5,1,4.0,1,69.8,12,3,1,6,14,Mar,0
1698,feature,39,34,3,1,5.7,0,71.0,7,2,1,8,18,Mar,0
1699,fix,84,11,2,1,3.8,1,51.2,16,5,1,6,14,Lun,0
1700,feature,89,81,3,1,11.2,0,46.2,23,4,3,6,18,Mer,0
1701,feature,193,90,6,2,9.2,0,34.1,15,3,3,2,17,Ven,1
1702,fix,47,32,1,1,8.7,1,65.6,36,12,1,3,18,Lun,0
1703,feature,283,240,11,3,6.0,1,80.9,33,12,1,7,2,Lun,1
1704,fix,162,9,5,2,2.7,0,52.3,41,13,1,4,14,Lun,0
1705,fix,12,122,3,1,8.3,0,66.7,4,2,1,5,16,Ven,0
1706,feature,87,88,4,2,8.8,1,66.7,54,14,1,3,13,Mer,0
1707,feature,73,32,4,2,4.4,0,54.8,11,3,2,3,15,Lun,0
1708,fix,21,5,5,1,8.1,1,76.4,6,0,1,1,14,Lun,0
1709,feature,12,48,4,1,7.8,1,55.7,33,7,1,4,9,Lun,0
1710,fix,441,10,10,2,17.3,1,57.8,24,3,2,3,10,Ven,0
1711,fix,25,16,3,1,12.1,0,50.0,22,4,1,8,16,Ven,0
1712,feature,6,13,1,1,19.9,0,82.3,124,30,1,1,17,Gio,0
1713,feature,33,65,4,2,11.7,1,40.5,20,6,1,1,15,Mar,1
1714,feature,47,1,3,2,4.4,1,70.6,36,10,1,2,12,Lun,0
1715,refactor,49,29,4,1,22.3,0,44.0,31,5,1,4,11,Mar,1
1716,fix,1072,61,19,4,8.4,1,48.9,8,2,2,5,3,Mar,0
1717,refactor,72,86,7,3,16.1,0,49.3,14,6,3,3,13,Gio,0
1718,fix,200,9,4,2,7.0,0,52.0,53,9,1,3,10,Ven,0
1719,feature,48,31,1,1,5.3,0,32.9,18,6,1,2,10,Mer,0
1720,fix,320,6,7,2,3.5,0,72.5,14,5,1,7,16,Lun,0
1721,fix,87,55,3,2,8.5,0,88.2,38,7,1,5,12,Mar,0
1722,fix,425,48,8,3,5.2,0,55.0,8,3,1,5,16,Mar,1
1723,feature,27,18,4,1,15.2,1,44.2,25,7,2,3,16,Gio,0
1724,feature,161,363,13,4,9.1,0,52.8,69,17,3,7,20,Ven,1
1725,feature,141,77,4,2,13.7,1,63.1,12,5,3,3,10,Mar,0
1726,fix,88,217,6,3,14.3,0,80.1,14,4,2,1,16,Lun,1
1727,feature,26,19,3,1,14.3,1,25.7,26,2,2,1,11,Mar,0
1728,feature,15,37,4,2,10.8,1,81.8,15,6,1,1,15,Lun,0
1729,fix,117,70,4,1,10.2,0,58.7,23,5,2,4,6,Mer,0
1730,feature,27,17,3,2,4.1,1,62.0,97,25,2,2,16,Mer,0
1731,refactor,59,1,2,1,8.2,1,74.4,10,5,1,5,15,Mar,0
1732,feature,84,26,5,1,5.6,0,60.9,13,5,2,1,8,Lun,0
1733,feature,84,6,2,2,23.5,1,59.2,27,13,2,1,14,Lun,1
1734,feature,29,28,5,1,2.7,0,64.7,26,14,2,1,12,Mar,0
1735,fix,162,21,4,1,5.9,1,40.2,27,2,1,8,21,Gio,0
1736,feature,15,9,2,1,15.6,1,75.9,18,6,1,4,12,Mer,0
1737,refactor,62,9,2,2,10.9,1,64.4,51,15,1,3,15,Gio,0
1738,feature,165,96,6,2,11.2,1,84.6,20,7,1,1,14,Mer,0
1739,fix,36,37,1,2,3.3,1,83.6,44,12,2,3,11,Gio,0
1740,fix,83,8,3,1,20.3,1,83.9,23,7,1,1,14,Mer,0
1741,feature,173,21,4,2,9.8,0,85.9,53,15,2,4,10,Mar,0
1742,fix,72,83,4,2,12.6,1,52.0,10,3,0,3,15,Lun,0
1743,feature,70,19,1,1,5.2,0,40.1,58,12,1,5,17,Lun,0
1744,fix,618,14,12,4,9.3,1,64.6,64,21,1,3,17,Lun,0
1745,feature,104,28,2,2,12.0,1,78.9,22,6,1,7,15,Mer,0
1746,fix,272,14,7,2,11.2,0,80.1,4,0,1,2,16,Lun,0
1747,refactor,13,28,2,1,1.7,1,68.3,45,5,2,1,11,Gio,0
1748,refactor,279,36,5,1,8.0,0,47.4,99,28,1,3,12,Mar,0
1749,fix,110,6,3,1,2.0,0,93.7,18,3,2,2,16,Gio,0
1750,fix,140,66,6,3,1.4,0,43.6,18,4,2,1,12,Mer,0
1751,refactor,21,15,1,1,8.8,1,85.7,57,17,1,3,11,Lun,0
1752,fix,120,155,8,2,17.7,0,73.6,4,1,2,2,2,Mar,0
1753,feature,35,16,2,2,3.2,0,53.2,18,2,1,0,10,Gio,0
1754,fix,103,29,3,1,12.7,0,72.9,21,7,1,3,13,Lun,0
1755,feature,79,9,1,1,19.7,1,80.0,42,9,1,7,8,Ven,0
1756,refactor,38,3,1,2,1.5,0,87.4,10,3,1,2,12,Mar,0
1757,fix,81,11,2,1,8.4,0,72.4,35,8,2,7,11,Lun,0
1758,fix,211,16,7,3,9.6,0,57.8,19,7,1,4,18,Mar,0
1759,fix,116,1,3,2,13.3,1,27.6,16,5,1,2,10,Lun,1
1760,refactor,50,2,2,2,15.0,1,56.1,7,1,2,2,15,Ven,0
1761,feature,315,25,7,3,2.6,0,71.6,18,6,2,4,11,Lun,0
1762,feature,29,5,1,1,9.0,0,58.3,58,15,2,7,10,Mar,0
1763,feature,245,13,4,2,4.5,0,41.6,10,2,2,3,16,Gio,0
1764,feature,93,14,4,1,8.4,1,79.9,4,1,1,2,14,Mer,0
1765,refactor,84,32,3,2,6.1,1,36.0,13,3,1,7,15,Ven,0
1766,refactor,739,80,16,4,4.3,1,67.9,25,3,2,6,11,Lun,0
1767,fix,212,0,6,2,5.0,0,81.8,23,4,2,3,9,Lun,0
1768,feature,61,28,3,1,13.8,1,55.5,22,7,0,0,14,Mer,0
1769,refactor,31,42,2,2,7.1,0,87.5,11,4,2,6,12,Mar,0
1770,feature,132,94,6,3,4.6,0,34.5,49,13,2,1,9,Gio,0
1771,feature,138,83,5,1,8.9,1,83.5,34,4,1,2,16,Mer,0
1772,feature,47,18,4,1,8.6,0,43.2,52,9,2,3,11,Mer,0
1773,fix,78,17,6,2,3.1,1,78.1,25,14,1,3,8,Mar,0
1774,feature,40,7,3,2,4.4,1,81.7,12,3,1,2,10,Lun,0
1775,fix,88,6,4,2,10.7,1,24.3,29,10,2,4,16,Mer,0
1776,fix,46,24,2,1,9.4,1,65.9,37,6,1,5,22,Gio,0
1777,fix,338,64,7,3,9.3,1,34.0,15,4,0,1,10,Lun,0
1778,fix,186,11,3,1,11.2,1,76.3,14,1,2,4,9,Ven,0
1779,refactor,635,136,15,3,3.4,0,86.0,38,4,1,3,16,Mer,0
1780,fix,222,116,6,3,2.9,0,67.3,53,14,1,2,15,Lun,0
1781,refactor,109,19,3,2,17.7,1,44.7,22,4,1,2,14,Mer,0
1782,fix,178,192,7,2,12.4,0,83.4,12,4,1,4,16,Mer,0
1783,feature,35,15,3,2,7.5,0,82.9,7,1,3,1,13,Gio,0
1784,feature,100,27,5,2,3.8,1,61.2,67,20,1,1,15,Mar,0
1785,feature,44,641,13,3,8.8,1,73.4,18,2,1,6,13,Ven,0
1786,fix,351,39,7,3,3.9,1,60.2,16,3,2,9,15,Ven,0
1787,feature,102,32,4,2,4.7,1,79.8,65,18,0,2,15,Mer,0
1788,refactor,55,6,1,2,6.0,1,78.5,22,4,1,2,9,Mar,0
1789,feature,137,52,4,2,9.3,0,57.4,32,6,2,3,14,Ven,0
1790,fix,13,2,2,2,12.6,0,80.7,32,11,1,4,10,Ven,0
1791,refactor,109,91,3,2,6.9,1,61.5,50,12,3,3,14,Ven,0
1792,feature,217,28,4,1,5.5,1,72.8,29,6,2,5,14,Mar,0
1793,fix,53,453,10,3,7.1,1,39.6,22,6,1,8,10,Gio,0
1794,fix,75,36,4,2,11.4,1,55.6,98,21,1,3,7,Mar,0
1795,refactor,864,29,15,3,11.5,0,71.8,46,20,2,1,15,Lun,0
1796,feature,31,68,5,2,9.7,1,58.1,15,3,2,2,3,Mar,1
1797,feature,205,16,5,2,10.1,0,44.4,30,8,1,8,12,Mar,1
1798,feature,136,3,3,2,19.6,1,43.2,20,6,1,6,13,Gio,1
1799,feature,624,6,12,4,8.2,1,60.4,45,13,1,4,10,Mer,0
1800,refactor,53,11,3,2,6.8,1,53.4,17,5,2,4,15,Lun,0
1801,feature,196,289,10,3,4.5,0,78.9,6,0,2,2,10,Ven,1
1802,fix,13,48,2,2,23.3,1,72.0,96,18,1,4,9,Gio,0
1803,feature,39,12,3,1,6.0,1,35.4,1,0,1,3,1,Gio,0
1804,fix,91,6,3,2,3.9,0,40.2,25,4,2,2,18,Lun,0
1805,refactor,91,25,4,2,14.4,1,41.2,39,7,1,0,14,Gio,1
1806,feature,449,55,12,3,5.1,1,79.5,28,10,2,1,12,Mer,0
1807,feature,69,7,4,2,18.3,1,69.4,22,5,1,4,16,Mar,0
1808,feature,390,66,8,3,21.5,0,51.0,8,0,2,3,13,Ven,1
1809,feature,829,9,15,4,2.6,1,29.9,15,5,1,3,14,Lun,0
1810,refactor,47,3,1,2,11.7,1,51.9,16,2,1,0,15,Ven,0
1811,feature,21,82,5,1,16.9,0,51.0,8,2,3,3,13,Ven,0
1812,fix,23,46,2,2,4.2,0,78.7,13,4,1,7,14,Lun,0
1813,feature,134,12,2,2,10.9,1,81.9,60,13,0,0,19,Lun,0
1814,feature,26,198,9,3,3.5,1,84.8,19,8,1,2,12,Mar,0
1815,fix,209,49,6,3,4.4,1,70.7,15,2,1,4,12,Mer,0
1816,refactor,135,12,2,2,4.2,0,49.7,24,6,1,6,15,Mer,0
1817,feature,61,4,3,2,8.2,0,72.5,23,2,2,1,16,Ven,0
1818,feature,34,28,2,1,15.6,0,77.8,26,9,2,5,15,Ven,0
1819,refactor,162,31,7,2,2.9,1,79.9,20,5,1,3,11,Mer,0
1820,refactor,170,165,7,3,10.6,0,67.8,39,7,1,3,11,Ven,1
1821,fix,17,63,3,2,5.9,0,65.3,33,16,1,4,11,Mer,0
1822,refactor,822,132,18,5,11.3,1,74.2,88,25,2,4,16,Mer,0
1823,feature,97,60,6,2,7.3,0,51.2,74,20,2,0,17,Ven,0
1824,refactor,867,19,16,5,5.8,1,57.6,7,3,0,1,12,Mer,0
1825,refactor,123,7,4,2,7.5,0,47.0,38,9,1,4,16,Lun,1
1826,feature,41,18,6,2,18.8,0,49.7,77,18,1,4,14,Ven,0
1827,refactor,211,94,5,1,8.4,1,64.7,26,7,1,4,18,Mar,0
1828,refactor,17,11,1,2,1.0,1,43.7,36,12,1,1,15,Gio,0
1829,feature,26,11,1,1,8.3,0,81.5,34,15,1,1,16,Gio,0
1830,refactor,47,39,1,2,14.7,0,71.4,52,14,2,4,17,Gio,0
1831,feature,30,236,6,2,13.1,0,53.6,25,9,2,4,3,Ven,1
1832,refactor,370,25,7,2,6.2,0,43.4,56,13,1,3,17,Lun,0
1833,feature,27,279,6,3,8.9,1,46.6,17,4,1,4,16,Mar,0
1834,feature,24,1517,28,6,9.0,0,46.8,63,19,1,2,14,Lun,0
1835,fix,24,11,1,1,8.9,1,46.3,22,3,1,3,10,Ven,0
1836,refactor,587,35,11,4,14.1,1,66.1,35,7,1,3,8,Ven,0
1837,feature,4,21,2,2,10.3,1,30.6,10,1,2,1,14,Gio,0
1838,feature,19,3,1,2,16.2,0,59.1,6,0,2,1,17,Mer,0
1839,feature,129,15,4,1,2.5,1,78.5,63,9,1,5,12,Ven,0
1840,refactor,194,11,3,1,6.2,0,73.4,35,12,2,4,23,Mar,0
1841,refactor,6,26,2,2,21.9,1,72.4,68,13,3,7,10,Gio,0
1842,feature,84,32,4,1,15.5,0,38.7,53,18,2,7,9,Gio,0
1843,feature,212,48,8,3,11.4,1,68.3,18,3,1,3,19,Gio,0
1844,feature,71,12,2,2,27.5,1,71.2,7,3,1,1,15,Gio,0
1845,refactor,79,194,6,2,7.4,0,60.7,60,15,1,7,8,Mer,0
1846,feature,377,679,19,5,19.2,0,51.1,20,7,2,4,7,Gio,1
1847,fix,250,37,6,3,9.5,1,59.3,13,3,1,5,10,Mar,0
1848,fix,183,10,3,1,1.0,1,73.9,37,13,1,3,10,Mar,0
1849,feature,148,136,5,1,23.3,1,37.9,31,5,2,3,15,Gio,1
1850,refactor,24,28,2,2,12.4,0,83.6,20,7,1,6,11,Ven,0
1851,refactor,61,6,1,2,7.3,0,46.1,22,6,3,2,18,Gio,0
1852,feature,762,12,15,4,11.4,0,34.9,7,3,2,4,10,Mar,1
1853,feature,1411,15,24,5,14.0,0,68.9,25,5,2,6,15,Mer,1
1854,feature,5527,7,92,8,18.1,1,45.4,35,9,1,5,9,Mar,1
1855,refactor,23,7,4,2,3.0,0,75.6,39,10,1,3,16,Gio,0
1856,refactor,43,25,2,2,2.8,0,83.4,26,8,2,3,10,Ven,0
1857,feature,56,37,2,2,5.7,1,62.1,33,9,1,3,16,Ven,0
1858,fix,202,91,7,3,4.8,0,85.1,78,24,0,0,9,Ven,0
1859,refactor,1808,375,38,8,12.2,0,63.1,7,1,2,8,19,Gio,1
1860,refactor,123,35,5,1,6.3,0,54.5,8,6,1,2,10,Mer,0
1861,fix,420,109,10,2,9.2,1,60.7,8,2,1,7,10,Lun,0
1862,feature,95,12,4,1,12.9,1,67.7,59,12,1,3,12,Mar,0
1863,feature,139,4,3,2,8.0,1,69.9,48,12,1,2,11,Lun,0
1864,refactor,8,29,5,1,5.0,0,81.2,1,1,2,5,18,Mar,0
1865,refactor,24,35,3,1,4.3,0,46.6,54,12,2,5,13,Gio,0
1866,feature,1125,27,20,5,3.3,0,78.8,23,3,3,3,9,Mer,0
1867,feature,42,18,2,2,7.2,1,55.7,16,1,2,3,13,Ven,0
1868,fix,98,10,2,2,7.6,1,39.5,27,6,2,1,14,Mer,0
1869,fix,48,5,1,1,14.4,1,59.8,15,3,1,6,16,Gio,0
1870,feature,70,96,3,1,2.8,0,69.4,20,5,1,4,16,Mer,0
1871,feature,151,3,4,1,12.9,1,54.3,100,32,1,4,11,Lun,0
1872,fix,96,6,5,1,9.4,1,79.0,28,6,1,3,22,Mar,0
1873,feature,21,5,1,1,4.8,1,84.4,29,8,2,4,9,Mer,0
1874,fix,14,35,1,2,8.1,0,38.6,14,1,0,0,10,Gio,0
1875,feature,48,25,1,2,6.9,0,66.7,18,5,1,4,15,Mar,0
1876,refactor,46,89,4,1,7.7,1,84.7,6,0,2,8,10,Lun,0
1877,feature,27,235,6,2,4.9,0,52.1,52,11,1,5,15,Mer,0
1878,fix,35,19,3,2,13.9,1,39.4,62,16,1,1,8,Lun,0
1879,feature,11,17,1,1,7.1,1,48.5,29,9,1,1,10,Lun,0
1880,feature,19,131,3,1,3.9,0,75.1,13,3,2,5,10,Gio,0
1881,fix,108,86,7,2,14.1,0,81.5,6,0,1,3,8,Gio,0
1882,feature,18,16,1,1,6.1,1,49.2,28,7,2,0,15,Gio,0
1883,feature,137,36,4,1,24.5,1,55.3,30,5,2,6,8,Ven,0
1884,feature,66,188,6,2,11.8,1,55.3,11,1,1,5,19,Mer,0
1885,feature,30,291,8,3,10.1,1,51.0,4,1,1,4,15,Ven,0
1886,feature,110,6,2,1,6.7,1,88.2,90,25,1,4,15,Ven,0
1887,feature,74,248,8,2,6.6,0,72.9,45,5,1,3,10,Mar,0
1888,fix,67,11,3,1,11.3,1,66.2,33,8,1,6,9,Mer,0
1889,feature,190,36,6,2,5.3,0,19.6,5,0,1,5,9,Mar,0
1890,feature,237,113,6,2,3.2,0,54.7,66,16,2,2,10,Lun,1
1891,refactor,89,77,4,1,21.6,0,85.7,41,8,2,5,17,Mer,0
1892,fix,195,16,5,2,18.8,1,44.0,17,2,1,3,14,Gio,1
1893,fix,39,101,4,1,2.0,0,31.7,16,8,2,4,8,Mer,0
1894,feature,113,15,3,1,11.9,1,90.0,6,0,2,4,10,Ven,0
1895,fix,16,58,4,1,3.7,0,69.4,62,11,2,1,17,Mer,0
1896,refactor,25,477,13,3,13.0,0,87.6,26,5,1,2,16,Mer,0
1897,fix,55,56,5,2,7.7,0,63.3,8,2,2,6,16,Mer,0
1898,fix,343,51,8,2,10.1,0,31.6,39,8,1,4,10,Gio,0
1899,fix,38,43,5,2,3.9,1,65.9,49,12,2,3,12,Mer,0
1900,fix,124,10,3,2,13.7,1,40.9,36,8,1,0,18,Mar,0
1901,refactor,192,11,5,1,12.8,1,66.9,25,6,2,4,11,Mer,0
1902,feature,138,52,6,2,21.8,1,62.8,36,11,3,3,9,Mar,0
1903,feature,79,14,4,1,2.7,1,83.5,31,5,2,4,14,Gio,0
1904,feature,52,29,6,2,9.9,0,51.0,6,4,2,2,11,Mar,0
1905,feature,485,38,10,3,6.6,0,51.3,14,3,2,4,15,Gio,0
1906,refactor,184,64,7,2,8.2,0,61.6,29,5,1,5,17,Gio,0
1907,fix,65,67,5,2,3.2,1,76.7,22,6,1,5,11,Mar,0
1908,feature,37,11,3,2,18.2,0,65.3,46,12,1,7,17,Lun,0
1909,fix,107,4,4,2,8.0,0,62.5,34,9,1,3,14,Mer,0
1910,feature,97,3,2,2,7.5,1,81.7,29,4,3,4,1,Mar,0
1911,fix,75,48,5,2,12.1,1,36.2,15,4,1,5,18,Ven,1
1912,refactor,33,22,4,2,6.1,1,54.2,10,4,1,6,2,Ven,1
1913,feature,282,39,5,1,5.9,1,77.2,72,10,1,5,20,Mar,0
1914,fix,858,6,15,4,5.8,0,36.6,57,11,3,6,9,Mar,0
1915,feature,134,10,5,1,7.7,1,70.9,81,10,1,3,22,Ven,0
1916,fix,799,83,17,4,7.0,1,46.7,6,2,2,6,19,Ven,0
1917,feature,62,39,2,1,3.2,1,75.7,46,16,1,1,9,Gio,0
1918,refactor,136,3,3,2,3.4,1,46.4,16,5,1,2,14,Mer,0
1919,feature,68,10,3,2,7.6,0,83.4,38,3,3,2,17,Mer,0
1920,fix,25,1306,24,6,8.4,1,41.4,70,19,2,9,20,Ven,0
1921,feature,120,160,7,2,3.6,0,68.5,24,6,3,3,10,Ven,0
1922,fix,786,54,15,3,7.8,1,84.8,29,8,1,6,16,Mar,0
1923,feature,222,83,7,3,17.7,1,33.0,17,6,3,3,19,Gio,0
1924,refactor,541,26,12,3,11.4,1,75.5,16,4,1,3,14,Ven,0
1925,fix,61,18,1,1,4.5,0,52.3,56,18,1,3,11,Mar,0
1926,feature,34,14,3,2,13.8,0,41.8,60,14,1,3,11,Ven,0
1927,fix,7,122,3,1,7.5,0,80.6,39,5,1,6,20,Mar,0
1928,feature,30,49,3,2,19.6,1,51.8,22,3,1,2,13,Mar,0
1929,feature,62,6,2,2,6.6,1,58.1,38,8,2,7,15,Mar,0
1930,feature,51,5,5,1,12.5,0,65.8,50,9,1,3,20,Mer,0
1931,feature,18,37,2,1,7.3,1,54.8,12,3,1,2,17,Mer,0
1932,fix,22,399,10,2,10.9,0,53.0,37,11,1,4,13,Mer,0
1933,feature,46,10,3,2,12.7,1,82.8,13,6,2,5,11,Lun,0
1934,fix,649,3,13,3,4.8,1,73.2,30,6,3,6,20,Mer,1
1935,refactor,49,62,2,2,1.8,1,81.4,4,0,1,8,15,Gio,0
1936,refactor,83,152,5,1,13.0,0,70.0,39,12,1,6,10,Ven,0
1937,feature,285,46,7,2,7.4,1,73.4,8,4,1,2,9,Gio,0
1938,feature,82,5,1,2,8.8,0,49.1,54,17,1,5,14,Lun,0
1939,feature,104,29,3,2,16.7,1,86.0,23,5,1,5,17,Mar,0
1940,refactor,210,26,4,2,4.7,1,60.2,19,2,0,0,11,Ven,0
1941,feature,56,59,3,1,6.8,1,88.1,31,7,3,4,17,Gio,0
1942,feature,322,63,7,2,14.9,0,60.1,33,6,2,4,16,Ven,1
1943,feature,412,11,9,2,5.7,1,44.1,18,5,0,1,13,Mer,0
1944,fix,22,7,1,1,12.0,0,43.6,10,5,1,3,17,Mer,0
1945,fix,92,60,4,2,9.7,1,77.3,14,4,3,5,17,Ven,0
1946,refactor,184,142,5,1,10.9,1,76.1,25,8,2,5,10,Mer,0
1947,refactor,117,44,4,2,5.9,1,48.1,10,3,3,6,12,Mer,0
1948,fix,52,12,3,1,4.6,0,32.4,55,12,2,7,10,Gio,0
1949,feature,34,11,3,2,8.1,0,45.4,21,5,1,3,14,Mer,0
1950,feature,460,4,8,3,7.3,0,58.4,15,1,1,4,17,Lun,1
1951,fix,85,21,3,2,8.6,0,67.1,37,10,1,4,19,Gio,0
1952,feature,14,74,1,2,4.9,0,60.0,25,10,1,3,16,Lun,0
1953,refactor,148,94,5,2,6.0,1,65.8,43,4,2,3,9,Mar,0
1954,fix,277,20,5,1,12.0,1,54.3,5,4,2,5,18,Lun,0
1955,fix,35,77,2,1,9.2,1,45.2,10,2,1,4,12,Ven,0
1956,feature,42,94,4,1,9.2,0,69.4,30,5,1,9,9,Mer,0
1957,refactor,216,13,6,2,10.4,0,80.5,14,2,2,5,15,Lun,0
1958,feature,277,55,8,2,11.5,1,78.6,67,16,1,4,10,Mar,0
1959,fix,32,5,3,1,7.9,1,40.6,46,9,1,4,15,Lun,0
1960,refactor,41,26,7,2,4.8,1,79.8,6,1,1,3,20,Mar,0
1961,feature,165,65,6,3,1.9,1,33.5,25,6,0,1,9,Ven,0
1962,fix,43,3,1,2,4.7,0,53.0,40,6,2,4,15,Mer,0
1963,feature,46,9,1,1,23.5,0,42.2,50,16,1,6,14,Mar,0
1964,fix,35,25,5,2,8.0,1,26.5,45,13,2,3,17,Lun,0
1965,refactor,42,65,3,2,13.1,0,43.6,37,12,1,1,11,Lun,0
1966,fix,175,78,6,3,7.5,1,84.1,16,2,2,3,22,Ven,0
1967,feature,1349,20,23,6,2.4,1,83.8,27,9,3,4,11,Mer,0
1968,feature,110,143,6,3,7.0,0,74.7,20,5,2,1,15,Gio,0
1969,fix,76,12,2,1,6.5,1,49.8,8,1,2,0,11,Ven,0
1970,feature,156,258,9,2,5.3,0,27.3,7,3,1,3,20,Mer,1
1971,feature,51,39,4,2,8.0,0,60.7,26,9,1,3,14,Ven,0
1972,refactor,69,17,5,2,7.1,1,57.4,5,1,3,1,10,Gio,0
1973,refactor,12,50,3,1,7.6,0,62.2,20,11,1,8,11,Mar,0
1974,feature,11,24,3,1,16.0,1,73.6,35,10,2,2,11,Lun,0
1975,feature,125,22,3,1,7.6,1,74.3,34,10,2,6,16,Ven,0
1976,fix,57,50,6,2,11.5,1,50.2,72,20,0,1,15,Ven,0
1977,feature,397,117,9,2,10.6,1,54.7,23,7,1,7,13,Mer,0
1978,refactor,4,47,2,2,7.9,0,69.4,22,6,1,4,9,Mar,0
1979,fix,19,389,8,3,23.6,1,93.6,15,4,1,5,11,Lun,0
1980,feature,156,90,5,1,6.8,1,83.7,102,23,1,3,18,Mar,0
1981,feature,60,6,1,2,1.1,0,60.8,75,15,1,6,3,Mer,1
1982,feature,117,9,3,1,4.3,0,49.8,36,12,1,3,20,Lun,0
1983,feature,67,13,1,1,3.9,1,92.6,17,7,1,1,10,Mer,0
1984,refactor,8,7,3,2,2.7,1,78.3,21,1,1,3,16,Gio,0
1985,refactor,48,25,2,1,13.4,1,50.6,24,6,1,4,10,Ven,0
1986,feature,53,108,3,2,14.8,0,91.3,26,9,3,2,10,Ven,0
1987,feature,160,102,6,3,13.0,1,53.0,8,3,1,4,15,Mar,0
1988,feature,128,12,3,2,8.5,0,79.1,28,6,1,7,13,Mer,0
1989,fix,324,16,6,3,5.7,1,72.5,42,10,2,8,11,Mer,0
1990,fix,343,11,11,4,7.2,1,41.2,28,7,1,3,8,Mer,0
1991,feature,23,6,2,1,27.8,0,46.0,16,2,1,2,14,Mer,1
1992,refactor,311,38,7,2,6.3,1,50.8,30,8,1,6,15,Mar,0
1993,feature,77,134,4,1,11.6,1,81.1,12,5,3,5,16,Lun,0
1994,refactor,60,115,3,1,12.6,1,26.4,84,17,2,2,10,Mer,0
1995,feature,254,100,7,3,18.9,1,70.7,18,2,1,7,11,Ven,0
1996,feature,14,43,5,2,1.5,1,84.1,39,12,1,4,13,Mar,0
1997,fix,146,56,5,2,16.0,1,56.9,8,0,1,10,21,Lun,0
1998,feature,297,66,6,3,6.0,0,52.4,20,5,2,4,15,Ven,0
1999,feature,143,7,3,2,21.4,1,61.3,31,13,3,5,15,Mar,0
2000,refactor,7,78,2,2,3.3,1,60.6,44,12,1,6,15,Ven,0
2001,feature,393,81,11,3,1.8,0,69.2,18,2,1,3,11,Mer,0
2002,refactor,47,7,6,2,4.6,1,73.7,43,17,1,4,14,Mar,0
2003,fix,127,26,4,2,14.9,1,74.9,6,2,1,3,18,Gio,0
2004,fix,173,3,5,2,4.3,0,50.3,57,16,3,2,11,Ven,0
2005,refactor,12,74,3,2,5.6,1,73.2,24,4,1,2,10,Ven,0
2006,refactor,123,76,5,2,9.5,0,74.1,14,11,1,3,17,Gio,0
2007,feature,463,58,13,3,10.5,0,64.6,45,12,1,5,16,Mer,1
2008,feature,159,93,5,2,5.3,1,38.4,29,9,2,3,17,Ven,0
2009,feature,7,3,1,2,1.8,1,84.3,18,6,1,2,11,Mer,0
2010,refactor,13,12,4,1,8.2,1,37.2,75,14,1,4,16,Mer,0
2011,refactor,153,26,3,2,17.1,1,82.5,21,3,1,5,14,Mar,1
2012,fix,38,40,3,2,14.4,1,63.9,29,6,1,3,11,Mar,0
2013,feature,7,6,1,1,11.9,1,81.5,15,1,2,2,12,Gio,1
2014,fix,189,49,7,3,5.2,0,66.9,42,21,2,4,5,Ven,0
2015,fix,232,3,6,3,5.9,1,79.0,53,13,3,4,19,Lun,0
2016,fix,482,57,10,2,14.2,0,52.4,20,4,2,5,16,Mer,0
2017,fix,286,34,9,2,4.7,1,49.8,36,9,1,5,13,Mer,0
2018,feature,123,9,4,1,6.8,0,72.0,3,0,1,4,10,Mer,0
2019,fix,11,88,2,1,5.6,1,88.4,65,13,3,3,11,Mar,0
2020,feature,23,12,1,2,15.8,0,67.7,28,7,0,0,9,Lun,0
2021,feature,156,35,6,2,2.5,0,67.0,12,2,1,4,14,Gio,0
2022,feature,292,7,6,3,1.0,0,70.9,6,4,1,4,17,Ven,1
2023,refactor,8,18,1,2,9.3,1,70.8,41,4,1,0,10,Mar,0
2024,feature,111,15,4,2,6.9,1,74.3,11,1,1,4,14,Ven,0
2025,feature,13,7,1,2,10.1,1,78.2,40,13,0,2,12,Mar,0
2026,feature,35,22,2,1,4.8,0,70.2,6,0,2,3,18,Lun,0
2027,fix,331,16,7,3,4.7,1,49.1,29,8,3,7,21,Gio,0
2028,feature,140,12,3,1,3.2,0,55.4,5,1,1,6,2,Gio,0
2029,refactor,46,217,9,2,5.4,1,71.1,29,9,1,4,11,Ven,1
2030,fix,50,17,1,1,10.7,1,66.5,96,30,1,1,17,Mer,0
2031,fix,41,1,4,1,14.6,0,36.5,51,15,1,7,11,Gio,0
2032,refactor,36,20,3,2,2.7,0,42.1,1,0,2,2,10,Mar,1
2033,feature,20,12,3,1,5.1,0,88.0,27,14,1,4,14,Mar,0
2034,feature,259,32,8,2,16.8,0,82.3,45,9,2,1,17,Gio,0
2035,feature,347,29,11,4,10.2,0,87.5,20,9,1,2,17,Gio,0
2036,feature,521,7,9,3,9.4,0,49.4,14,1,2,2,11,Mar,1
2037,fix,67,74,2,1,10.4,1,72.1,22,5,3,3,18,Ven,0
2038,refactor,98,43,3,1,28.2,0,69.2,16,5,1,2,11,Lun,0
2039,feature,66,276,8,2,8.2,1,80.7,20,2,1,4,16,Mar,0
2040,refactor,43,20,4,1,6.0,0,74.0,35,7,1,6,4,Gio,0
2041,feature,231,14,7,3,7.8,0,51.6,33,10,2,7,10,Ven,0
2042,feature,68,151,8,3,4.7,0,96.1,7,2,1,1,11,Mer,0
2043,refactor,156,8,4,2,9.3,0,79.2,48,11,1,4,7,Gio,0
2044,feature,46,117,5,2,7.9,1,84.6,45,9,2,3,15,Gio,0
2045,fix,117,166,5,2,11.6,0,70.4,24,8,1,6,17,Mar,0
2046,feature,109,94,4,1,8.3,1,63.2,7,3,2,6,12,Mer,0
2047,feature,264,15,6,3,7.0,0,67.2,87,31,2,1,10,Mar,0
2048,refactor,25,8,4,1,14.7,1,25.3,4,1,2,4,21,Ven,1
2049,refactor,350,66,9,2,11.6,0,71.6,14,5,2,5,13,Ven,1
2050,refactor,31,29,4,2,5.6,0,77.8,38,11,1,6,14,Gio,0
2051,fix,14,40,2,2,6.2,1,69.3,27,7,1,8,18,Mar,0
2052,fix,84,31,2,2,16.7,1,38.1,65,13,1,3,9,Mer,0
2053,feature,39,31,3,2,19.4,0,82.3,29,5,1,4,19,Mer,0
2054,feature,533,44,10,2,1.7,0,65.9,24,5,1,4,18,Lun,1
2055,refactor,17,62,3,1,7.4,1,61.9,90,21,2,4,17,Mar,0
2056,feature,59,39,2,1,12.4,1,72.8,15,7,2,5,10,Mar,0
2057,feature,189,14,4,1,13.0,0,79.0,14,2,1,5,18,Gio,0
2058,refactor,96,133,8,2,2.9,1,81.8,86,25,0,0,8,Lun,0
2059,feature,29,58,2,1,6.3,1,45.3,42,11,3,4,17,Gio,0
2060,refactor,47,10,4,1,8.3,1,64.8,26,6,1,3,11,Lun,0
2061,feature,358,8,10,2,3.5,1,25.1,19,3,1,4,16,Mar,0
2062,feature,98,11,3,2,5.6,1,57.3,17,1,2,2,12,Mer,0
2063,feature,247,7,6,2,8.7,0,65.6,36,13,2,3,14,Mar,0
2064,fix,108,202,6,3,2.7,0,21.7,20,2,2,1,4,Mar,0
2065,fix,76,83,5,2,11.2,1,87.4,39,8,1,2,16,Mar,0
2066,feature,50,37,3,2,10.2,1,78.6,29,11,2,5,12,Gio,0
2067,fix,38,22,3,1,2.6,1,42.4,8,1,1,4,9,Mer,0
2068,feature,247,7,5,1,7.9,0,76.8,6,3,0,1,16,Gio,0
2069,feature,65,395,12,4,2.0,1,49.7,12,2,1,8,18,Lun,0
2070,feature,180,2,4,1,7.9,0,70.3,38,6,2,5,17,Gio,0
2071,feature,19,92,6,3,4.8,0,43.9,42,6,2,4,14,Mer,0
2072,refactor,398,9,8,2,9.9,1,60.4,61,11,1,2,17,Mar,0
2073,fix,33,14,3,1,11.2,1,70.1,47,11,3,3,17,Mer,0
2074,feature,148,57,5,2,3.1,1,14.2,27,6,1,2,12,Mar,0
2075,refactor,98,20,3,1,5.6,0,67.0,36,8,3,3,12,Lun,0
2076,refactor,28,73,4,1,11.6,0,48.0,11,7,3,5,5,Ven,0
2077,feature,180,3,4,2,11.6,0,58.6,11,3,1,7,15,Gio,0
2078,refactor,9,78,1,1,8.4,1,49.1,54,10,2,7,13,Ven,1
2079,refactor,34,43,2,1,7.9,0,68.7,10,3,1,5,11,Mar,0
2080,feature,97,24,2,1,7.7,1,37.5,17,4,2,3,12,Lun,0
2081,feature,32,10,2,1,2.8,0,68.3,60,12,2,1,17,Gio,0
2082,feature,16,162,3,2,12.1,0,78.4,48,9,1,5,20,Mer,0
2083,fix,117,42,4,1,4.1,0,83.2,9,4,1,2,10,Mar,0
2084,fix,41,77,2,2,8.3,0,77.0,44,12,2,4,18,Mar,0
2085,fix,432,60,8,2,7.1,0,41.7,16,3,1,4,14,Mar,0
2086,fix,23,9,2,1,10.2,0,78.3,35,8,3,6,10,Ven,0
2087,fix,289,13,9,3,7.8,1,53.4,17,6,1,2,7,Gio,0
2088,fix,33,49,3,2,5.6,0,35.9,48,12,3,3,15,Mer,0
2089,refactor,135,13,3,2,2.8,1,66.6,48,8,3,3,8,Mar,0
2090,feature,120,9,2,2,22.3,0,62.9,7,1,1,0,9,Ven,1
2091,feature,188,12,3,2,14.3,1,78.4,49,10,2,2,11,Gio,0
2092,refactor,66,56,4,1,13.3,1,87.2,15,5,3,5,9,Lun,0
2093,feature,83,45,4,2,10.0,1,79.0,150,40,0,1,14,Mer,0
2094,refactor,53,13,1,2,8.6,0,35.8,67,16,1,2,15,Ven,1
2095,refactor,68,101,4,1,6.9,0,38.6,10,0,1,7,13,Lun,0
2096,feature,138,35,4,2,12.8,1,63.1,14,3,1,3,12,Mer,0
2097,refactor,86,14,4,2,20.6,1,75.8,22,7,2,7,14,Lun,0
2098,feature,107,13,3,1,5.5,0,65.2,9,4,1,10,11,Lun,0
2099,feature,116,75,4,2,14.0,0,53.4,21,4,1,4,15,Lun,0
2100,fix,174,58,7,3,14.4,0,74.1,13,1,1,3,14,Mar,0
2101,fix,62,56,4,2,11.8,0,65.7,8,1,1,7,15,Gio,0
2102,refactor,15,26,2,2,17.8,0,90.8,37,7,2,2,16,Ven,0
2103,feature,208,59,5,1,5.8,1,63.1,29,6,1,11,20,Mer,1
2104,feature,32,99,4,2,3.6,1,68.8,23,5,2,7,15,Mer,0
2105,refactor,114,29,5,1,3.4,1,51.8,25,0,1,4,18,Mer,0
2106,feature,54,29,3,2,8.0,1,35.6,11,2,1,4,17,Lun,0
2107,refactor,106,173,5,1,16.2,0,39.7,8,2,3,1,19,Gio,0
2108,feature,59,316,10,2,6.5,1,43.1,53,12,3,6,15,Mar,0
2109,refactor,475,105,11,4,8.6,0,81.3,66,16,2,5,11,Gio,0
2110,feature,132,23,5,1,4.6,0,62.8,19,5,1,4,13,Ven,0
2111,fix,68,10,3,2,15.8,1,50.0,46,8,3,4,15,Mar,0
2112,feature,1332,2,24,6,14.6,1,49.8,12,5,1,3,15,Gio,0
2113,feature,343,30,8,2,32.7,1,66.4,14,4,1,7,11,Mar,0
2114,refactor,17,2,2,2,18.2,1,57.3,58,15,1,3,16,Lun,0
2115,refactor,506,112,13,4,10.1,1,42.8,21,9,1,7,14,Gio,1
2116,feature,45,28,1,2,5.9,1,53.4,50,17,0,0,11,Ven,0
2117,feature,45,16,1,2,6.1,0,76.4,24,7,1,2,15,Lun,0
2118,feature,38,157,6,2,1.7,0,71.2,22,5,3,3,13,Gio,0
2119,refactor,123,13,4,1,6.6,1,53.4,44,12,1,1,12,Mer,0
2120,refactor,87,15,4,2,4.9,1,68.2,26,3,3,3,17,Lun,0
2121,fix,83,3,3,2,7.3,1,62.1,47,12,1,7,16,Ven,0
2122,feature,93,243,8,3,9.9,1,62.2,30,9,2,3,10,Lun,0
2123,refactor,67,12,3,1,4.0,1,88.1,61,12,2,5,19,Mar,0
2124,refactor,250,19,6,3,3.2,1,38.4,16,4,1,4,13,Mar,0
2125,feature,82,19,5,1,13.8,0,54.2,30,7,1,4,9,Mar,0
2126,feature,22,84,4,2,4.5,0,85.8,59,14,2,4,14,Mer,0
2127,feature,24,10,1,2,9.6,1,55.1,41,9,3,4,11,Mar,0
2128,feature,285,67,8,2,4.7,1,78.5,24,5,0,0,10,Mer,0
2129,feature,241,37,5,1,3.9,1,93.4,89,24,2,6,14,Lun,0
2130,feature,187,4,4,1,18.4,0,59.7,57,16,1,2,20,Mer,0
2131,feature,281,90,7,2,17.7,1,45.9,18,7,0,3,13,Ven,1
2132,feature,68,6,1,2,3.6,1,30.0,10,1,1,1,16,Gio,0
2133,feature,15,17,2,2,4.3,1,80.2,14,3,2,5,11,Mar,0
2134,refactor,123,56,3,2,17.2,0,46.8,13,8,1,6,9,Ven,1
2135,refactor,35,53,3,1,6.5,1,67.6,33,7,1,2,10,Mer,0
2136,feature,665,65,13,3,9.2,1,78.0,90,13,1,3,11,Lun,0
2137,feature,62,23,1,2,5.1,1,53.5,11,2,1,6,15,Ven,0
2138,refactor,80,42,4,2,12.2,0,60.5,29,4,1,6,17,Lun,0
2139,feature,117,37,5,2,20.8,0,68.0,21,8,1,3,15,Mer,0
2140,feature,149,16,3,2,1.1,0,67.9,36,7,3,6,12,Mer,0
2141,refactor,294,161,9,2,7.4,0,60.2,18,7,1,3,15,Lun,1
2142,fix,44,54,5,2,11.8,0,69.6,55,13,1,6,10,Mar,0
2143,feature,629,7,14,3,2.5,1,64.0,27,10,1,6,9,Gio,0
2144,feature,270,64,10,3,9.1,0,73.3,31,4,1,4,17,Mer,0
2145,feature,61,4,5,2,11.0,1,58.1,17,1,3,4,10,Lun,0
2146,feature,11,12,1,1,16.6,1,72.1,40,5,1,4,10,Gio,0
2147,fix,115,20,4,1,10.0,1,37.5,18,3,1,1,10,Mer,1
2148,feature,100,70,3,1,5.1,0,62.9,25,7,1,5,13,Mer,0
2149,feature,110,56,4,1,6.5,1,44.7,11,1,2,2,8,Ven,0
2150,feature,139,45,5,2,1.8,0,35.6,28,2,1,2,15,Gio,0
2151,feature,70,47,3,2,8.2,0,77.4,26,9,1,4,15,Lun,0
2152,feature,54,169,5,2,13.2,0,66.0,24,6,1,2,14,Ven,1
2153,feature,144,28,8,3,7.1,1,78.1,35,7,1,4,9,Ven,0
2154,feature,210,31,5,1,17.7,1,83.4,32,6,2,1,10,Lun,0
2155,refactor,166,7,4,2,5.5,0,80.0,16,3,0,1,13,Lun,0
2156,feature,27,90,3,2,3.1,1,55.5,19,1,0,0,17,Mer,0
2157,feature,62,6,3,1,2.7,1,48.1,51,12,2,2,17,Gio,0
2158,fix,9,30,3,2,4.8,1,61.7,32,8,1,1,11,Mar,0
2159,fix,79,69,3,1,7.4,1,32.7,29,1,3,4,20,Mar,0
2160,fix,82,336,8,3,7.6,0,25.4,23,6,1,5,22,Gio,1
2161,feature,132,112,7,2,5.1,1,66.9,54,15,2,1,11,Mar,0
2162,fix,63,21,2,1,10.1,0,78.7,29,14,2,2,16,Mar,0
2163,fix,141,44,4,1,5.1,1,54.8,8,3,2,3,15,Gio,0
2164,refactor,80,15,6,2,2.2,0,78.0,26,4,1,4,9,Lun,0
2165,feature,144,8,4,1,10.9,1,58.9,6,0,2,5,2,Mar,0
2166,fix,39,4,3,1,21.0,0,66.8,38,11,1,3,16,Lun,0
2167,refactor,88,271,7,2,6.2,1,96.6,28,3,0,0,15,Ven,0
2168,feature,344,64,10,2,15.8,1,87.0,4,0,2,6,1,Ven,0
2169,fix,78,16,6,2,8.3,1,18.5,42,8,1,9,15,Gio,0
2170,feature,90,54,4,1,11.9,1,44.7,9,1,3,2,21,Gio,1
2171,feature,16,17,4,2,4.6,0,86.0,19,6,2,2,20,Mar,0
2172,refactor,19,8,2,2,7.2,1,39.8,4,3,1,4,18,Lun,0
2173,refactor,36,29,2,1,5.5,1,59.6,18,6,1,5,15,Lun,0
2174,feature,80,3,2,1,5.2,0,83.8,41,7,2,5,18,Gio,0
2175,feature,178,24,4,1,15.3,1,51.0,44,9,1,2,16,Mar,0
2176,refactor,342,3,7,2,6.7,1,63.4,35,8,1,4,16,Ven,0
2177,fix,95,4,3,2,7.8,1,67.7,25,6,2,4,12,Ven,0
2178,feature,72,5,3,2,13.1,1,46.0,33,8,1,2,17,Ven,1
2179,feature,83,8,3,1,7.0,0,68.6,53,17,1,7,18,Ven,0
2180,refactor,26,13,3,2,7.5,0,52.9,10,2,2,3,15,Lun,0
2181,refactor,24,29,4,2,8.1,1,76.0,35,12,1,4,16,Mar,0
2182,fix,17,43,4,2,5.6,1,55.1,20,6,2,1,17,Lun,0
2183,fix,36,96,6,3,7.2,0,64.4,26,8,0,1,17,Mar,0
2184,feature,62,24,4,2,10.8,1,24.5,34,4,3,3,10,Mer,0
2185,feature,56,48,4,1,5.7,1,65.0,89,16,1,3,4,Lun,0
2186,feature,21,34,4,2,12.7,1,70.6,93,22,2,2,10,Ven,0
2187,fix,38,88,4,2,8.7,1,62.0,15,1,3,6,12,Ven,0
2188,fix,58,10,3,2,14.8,1,84.9,2,0,0,0,16,Mar,0
2189,feature,289,27,8,2,10.1,1,71.5,64,13,1,5,16,Mer,0
2190,refactor,430,5,9,2,11.8,1,47.7,23,6,1,4,9,Mar,0
2191,refactor,72,65,4,1,4.5,1,80.9,88,32,1,5,17,Lun,0
2192,fix,196,25,7,3,2.4,0,41.2,4,2,0,0,11,Lun,0
2193,feature,93,4,3,1,5.1,1,65.9,20,7,3,4,11,Gio,0
2194,fix,14,94,3,2,14.3,1,78.1,52,16,1,4,10,Gio,0
2195,refactor,559,8,9,2,7.0,1,78.2,30,10,1,5,12,Gio,0
2196,feature,25,24,4,1,5.9,1,33.1,7,4,2,2,14,Ven,0
2197,feature,56,44,2,2,9.5,0,64.7,52,17,0,0,17,Mer,0
2198,fix,104,17,3,2,7.8,0,83.8,24,7,1,0,6,Mer,0
2199,fix,27,8,4,1,9.5,1,59.4,19,5,3,2,10,Lun,0
2200,feature,111,109,7,3,11.7,0,25.5,7,3,2,6,12,Lun,1
2201,fix,12,77,2,1,9.1,0,72.8,8,1,3,2,16,Gio,0
2202,feature,45,137,7,3,9.7,1,84.1,21,4,1,2,10,Gio,0
2203,feature,61,4,2,1,15.9,0,48.8,15,8,1,2,15,Ven,0
2204,feature,85,46,4,2,5.4,1,73.2,5,0,3,5,19,Mar,0
2205,feature,42,14,3,2,14.7,1,46.0,9,5,2,5,22,Lun,0
2206,feature,41,359,9,3,8.3,0,31.3,21,6,1,6,15,Ven,1
2207,feature,89,26,3,2,6.6,0,74.9,41,15,1,4,15,Gio,0
2208,fix,45,59,2,2,8.6,0,55.9,17,6,2,4,16,Gio,0
2209,feature,96,156,4,1,8.3,0,55.6,32,6,1,2,17,Lun,0
2210,fix,155,236,8,2,24.0,1,53.8,11,3,1,6,14,Mar,0
2211,feature,170,4,3,2,8.8,1,48.0,17,4,1,0,20,Mar,0
2212,feature,85,42,3,1,17.9,1,57.2,4,3,2,1,8,Lun,0
2213,feature,389,183,13,4,6.2,1,62.5,37,12,1,2,18,Lun,0
2214,refactor,36,247,7,2,3.5,1,47.3,53,20,1,4,10,Gio,0
2215,refactor,38,8,1,2,3.3,0,49.0,35,4,1,1,18,Gio,0
2216,feature,60,7,4,1,5.4,0,51.7,39,5,0,1,12,Ven,0
2217,feature,35,292,7,3,9.8,0,70.7,23,5,1,7,15,Lun,0
2218,fix,23,12,1,2,8.1,0,70.7,50,10,1,4,16,Mer,0
2219,fix,124,8,2,1,15.6,0,62.9,26,4,1,9,8,Mer,0
2220,refactor,244,38,7,2,9.1,1,93.4,13,2,0,3,9,Gio,0
2221,feature,254,196,10,3,18.5,1,87.2,23,10,3,3,16,Lun,0
2222,fix,20,167,4,2,16.8,1,76.8,16,1,1,2,8,Mer,1
2223,fix,81,52,2,2,7.6,0,62.1,19,3,3,1,17,Ven,0
2224,feature,45,64,2,2,11.0,1,42.4,30,3,3,3,12,Gio,0
2225,fix,66,330,9,3,3.4,0,71.9,40,7,1,2,17,Lun,0
2226,feature,59,224,6,2,8.8,1,80.4,1,0,3,3,10,Lun,0
2227,refactor,23,15,3,2,6.8,1,55.4,12,2,1,4,12,Mer,0
2228,feature,42,52,3,2,11.8,0,75.9,13,2,2,1,8,Mer,0
2229,fix,20,28,3,1,4.9,0,69.4,9,2,1,5,16,Mer,0
2230,feature,27,5,1,2,19.6,1,90.6,9,4,1,5,11,Mer,0
2231,feature,199,84,5,2,11.9,0,42.8,6,1,1,3,12,Mer,1
2232,feature,121,22,4,2,2.6,1,71.6,23,5,2,3,10,Lun,0
2233,feature,302,29,9,2,6.5,1,34.9,45,8,2,6,10,Mer,0
2234,feature,18,27,2,2,4.1,1,80.1,28,5,1,4,11,Ven,0
2235,feature,32,86,2,1,15.6,1,69.4,44,9,0,1,15,Ven,0
2236,fix,61,54,3,2,3.5,1,46.6,24,4,1,4,9,Mar,0
2237,fix,39,210,6,3,8.4,0,39.3,5,2,1,4,17,Mar,0
2238,fix,33,47,3,2,9.2,1,86.9,12,3,0,1,17,Mar,0
2239,feature,139,104,6,2,3.8,1,73.1,17,3,0,2,7,Mer,0
2240,feature,111,76,5,1,8.2,0,57.6,28,4,0,2,14,Ven,0
2241,fix,94,111,4,2,6.4,1,52.5,17,4,0,0,11,Gio,0
2242,fix,28,94,3,2,9.0,1,78.4,20,7,0,1,8,Mer,0
2243,fix,61,169,8,3,4.9,1,65.0,72,15,1,4,10,Mer,0
2244,fix,23,3,1,2,13.5,1,75.2,21,7,1,3,14,Ven,0
2245,feature,158,119,5,2,12.0,1,29.8,56,8,1,4,12,Lun,1
2246,refactor,93,18,2,1,12.4,0,67.5,27,7,2,2,10,Ven,0
2247,feature,80,40,3,2,8.5,1,60.9,14,4,2,5,19,Mer,0
2248,feature,158,79,5,1,17.6,1,58.5,21,4,1,4,10,Lun,0
2249,fix,143,65,3,2,6.5,0,48.1,36,8,1,9,16,Lun,0
2250,feature,151,24,7,3,6.6,1,72.8,15,6,1,4,12,Mer,0
2251,fix,35,37,3,1,16.8,1,71.9,19,5,1,3,10,Mar,0
2252,fix,15,12,4,2,4.8,1,46.3,6,2,2,2,9,Mer,0
2253,fix,27,124,5,1,10.2,0,80.6,73,23,1,5,13,Lun,0
2254,feature,12,33,3,1,5.1,0,71.3,22,10,3,4,10,Mer,0
2255,fix,75,146,5,1,3.4,0,40.7,65,15,1,10,9,Lun,0
2256,feature,24,44,2,1,4.6,1,85.7,18,5,1,1,12,Gio,0
2257,feature,138,51,5,2,5.0,1,55.1,44,12,1,6,17,Mer,0
2258,fix,440,1,8,2,5.4,0,60.9,85,20,1,11,11,Mar,1
2259,feature,60,52,3,1,16.0,0,70.8,19,8,2,3,15,Mer,0
2260,refactor,41,6,2,1,5.6,1,54.2,12,3,2,0,11,Gio,0
2261,refactor,124,6,5,1,5.3,0,78.9,34,6,2,8,17,Mer,0
2262,feature,604,82,13,3,5.9,1,60.2,51,12,2,4,16,Ven,0
2263,fix,55,3,1,2,4.4,1,88.8,46,20,1,5,13,Mer,0
2264,refactor,402,11,8,3,8.3,0,45.2,17,5,1,5,0,Mar,1
2265,feature,16,46,2,1,11.1,1,58.5,30,8,2,6,17,Mer,0
2266,feature,37,7,4,1,11.5,0,71.0,40,8,0,1,15,Ven,0
2267,fix,103,39,6,3,14.2,0,63.0,14,5,2,3,9,Lun,0
2268,feature,82,2,2,2,13.0,0,60.0,45,9,1,5,14,Gio,0
2269,feature,258,4,7,3,5.7,1,52.7,5,2,1,5,15,Lun,0
2270,feature,60,22,1,1,8.4,1,87.7,9,2,1,2,22,Lun,0
2271,feature,44,8,4,1,8.5,0,72.8,39,6,1,4,16,Mar,0
2272,feature,291,66,8,3,7.2,1,86.1,16,5,2,4,10,Ven,0
2273,feature,93,20,2,1,14.7,1,70.5,4,0,1,3,13,Mar,0
2274,feature,342,80,9,2,16.9,0,37.4,28,10,1,8,10,Mer,1
2275,feature,86,98,4,2,4.6,1,52.7,50,17,1,7,17,Lun,0
2276,fix,13,8,2,2,8.9,0,77.0,40,15,2,5,17,Gio,0
2277,feature,107,3,2,1,14.5,1,36.3,20,4,2,5,10,Gio,0
2278,fix,53,765,16,4,8.2,1,66.7,28,2,1,5,13,Lun,0
2279,feature,77,178,5,1,5.5,1,79.0,13,5,1,3,9,Ven,0
2280,fix,249,39,5,2,14.8,0,40.9,12,4,1,5,14,Ven,0
2281,refactor,43,24,3,1,2.8,1,63.4,9,0,1,5,13,Mer,0
2282,feature,540,49,12,3,7.5,0,30.2,16,6,1,9,15,Gio,1
2283,feature,128,21,4,1,17.3,0,56.8,6,2,1,3,10,Lun,1
2284,fix,244,23,5,1,14.1,1,44.6,33,6,0,1,7,Gio,1
2285,fix,34,21,1,2,5.2,1,88.3,18,5,1,7,15,Mar,0
2286,fix,63,102,3,2,9.6,1,85.0,41,15,1,7,14,Gio,0
2287,feature,42,12,4,1,14.3,1,67.6,55,10,1,0,10,Ven,0
2288,fix,253,334,11,3,8.4,0,74.1,39,5,3,1,9,Gio,0
2289,fix,162,24,4,1,9.7,1,68.7,46,20,3,3,16,Ven,0
2290,fix,8,29,6,2,3.5,1,45.3,6,2,1,6,12,Ven,0
2291,refactor,39,37,2,1,18.1,1,85.2,6,1,2,1,20,Gio,0
2292,feature,87,364,9,2,10.8,0,44.5,96,20,1,4,7,Gio,1
2293,feature,122,61,5,1,5.5,1,41.1,59,10,2,3,16,Gio,0
2294,fix,52,16,1,2,10.3,1,47.4,17,3,1,3,14,Lun,0
2295,fix,93,38,5,2,5.9,1,75.2,7,2,2,4,10,Mer,0
2296,feature,131,9,3,1,5.7,1,44.5,3,0,2,5,4,Gio,0
2297,feature,34,15,2,1,20.6,0,53.0,10,3,2,7,16,Lun,0
2298,feature,247,161,8,3,23.4,1,69.1,12,2,1,3,12,Mer,0
2299,feature,55,31,1,2,4.9,0,49.9,15,6,1,4,16,Ven,0
2300,refactor,253,7,5,2,7.7,1,70.4,29,5,1,1,10,Gio,0
2301,fix,167,11,5,1,4.5,1,87.8,31,10,1,2,10,Gio,0
2302,feature,243,41,7,2,20.0,1,56.2,36,10,3,3,13,Mer,0
2303,fix,86,33,2,1,8.9,1,71.8,81,21,2,5,11,Ven,0
2304,fix,136,80,5,1,2.0,1,62.6,14,4,2,4,17,Ven,0
2305,fix,76,205,10,3,7.0,1,62.1,33,4,2,3,13,Ven,0
2306,fix,227,145,6,3,4.2,1,85.8,10,1,2,2,18,Gio,0
2307,fix,17,2,1,2,21.5,0,39.4,14,4,0,1,16,Lun,0
2308,feature,171,16,6,3,1.5,1,56.4,13,4,1,5,9,Mer,0
2309,feature,36,8,2,2,14.9,1,87.4,23,5,2,2,12,Ven,0
2310,feature,105,43,3,2,7.5,0,71.1,47,18,1,5,13,Lun,0
2311,feature,12,4,3,2,6.9,1,57.1,3,1,1,5,10,Lun,0
2312,fix,110,248,10,2,8.9,0,45.5,19,6,2,4,17,Ven,1
2313,fix,36,88,2,1,11.6,1,64.6,28,8,1,5,8,Mer,0
2314,fix,36,68,3,1,5.8,1,47.4,11,5,2,3,15,Mar,0
2315,feature,105,7,2,2,3.4,1,63.8,20,8,2,4,19,Lun,0
2316,feature,52,7,2,1,5.9,0,61.9,52,13,2,2,10,Mer,0
2317,refactor,27,7,4,2,10.1,1,50.1,52,12,2,2,17,Mar,0
2318,fix,94,69,4,1,10.5,0,36.4,8,4,1,1,17,Lun,0
2319,refactor,341,96,10,3,3.8,1,68.7,64,16,1,7,19,Ven,0
2320,feature,309,39,8,2,6.7,0,76.1,10,7,1,6,14,Mar,0
2321,refactor,38,19,2,1,8.1,0,73.2,18,4,1,3,13,Mer,0
2322,feature,30,26,6,2,23.9,1,62.2,30,4,3,2,15,Mer,0
2323,feature,47,25,3,2,8.7,0,47.5,43,6,1,7,23,Mar,0
2324,fix,312,38,6,3,5.3,0,79.7,40,13,2,5,11,Gio,0
2325,feature,32,3,5,2,7.5,0,38.9,47,14,1,6,17,Mer,0
2326,feature,89,25,3,1,7.8,1,45.9,17,5,3,3,15,Lun,0
2327,refactor,52,11,4,1,5.0,0,40.7,24,4,1,3,8,Mer,0
2328,fix,10,25,1,1,13.0,1,61.0,5,0,1,2,13,Mer,0
2329,fix,91,110,4,1,8.4,1,19.6,35,7,3,4,11,Mer,0
2330,refactor,78,51,4,1,8.6,0,54.2,18,3,1,2,8,Gio,0
2331,feature,7,4,2,2,8.6,1,38.5,10,1,1,0,17,Mer,0
2332,fix,73,89,4,1,6.5,0,89.8,16,2,1,3,7,Ven,0
2333,feature,57,4,2,1,6.7,0,75.2,30,6,1,4,10,Mer,0
2334,fix,55,2,2,2,4.6,1,53.2,41,11,1,2,11,Mer,0
2335,feature,136,15,3,2,5.7,0,30.1,42,19,2,2,17,Mar,0
2336,fix,5,19,1,1,15.1,0,73.1,49,13,1,3,17,Mar,0
2337,feature,68,19,3,1,10.2,0,60.4,28,4,1,3,16,Mer,0
2338,refactor,148,534,13,4,12.3,1,72.8,35,10,2,9,17,Lun,0
2339,fix,12,10,1,1,3.3,1,82.5,9,4,1,3,7,Gio,0
2340,feature,18,66,3,2,8.2,0,69.2,17,4,2,1,16,Gio,0
2341,feature,127,3,4,2,2.1,0,64.7,83,33,1,7,7,Mer,0
2342,feature,335,73,10,3,15.9,1,72.3,24,7,1,6,16,Gio,0
2343,refactor,44,22,3,2,6.9,1,50.7,47,10,2,0,16,Mar,0
2344,feature,291,99,6,2,18.1,1,72.7,36,9,2,3,16,Mer,0
2345,feature,62,136,5,2,12.4,0,76.3,8,2,2,5,18,Ven,0
2346,feature,532,29,10,3,12.9,0,53.5,56,20,2,2,14,Mer,1
2347,feature,77,139,5,1,3.3,0,51.4,8,2,2,2,18,Gio,0
2348,fix,488,44,11,4,12.1,1,78.6,10,7,2,7,16,Ven,0
2349,refactor,44,45,3,2,2.2,0,56.1,17,4,1,2,12,Mar,0
2350,fix,65,25,5,2,5.8,1,34.9,25,2,2,5,18,Mer,0
2351,feature,186,18,4,2,4.4,0,59.1,35,13,0,0,10,Lun,0
2352,feature,95,21,3,1,11.5,0,73.5,30,6,1,8,21,Mar,0
2353,feature,991,51,18,5,17.8,1,54.3,19,7,1,4,8,Gio,0
2354,feature,31,15,3,1,9.5,1,80.6,77,16,1,4,12,Mer,0
2355,fix,314,25,10,3,13.7,0,59.7,12,3,3,4,8,Mer,1
2356,fix,166,47,5,2,3.6,1,77.2,27,5,1,6,12,Lun,0
2357,fix,261,39,11,3,14.2,0,67.0,40,12,1,4,9,Lun,0
2358,feature,32,50,1,1,8.1,1,58.1,15,3,2,2,16,Gio,0
2359,fix,130,17,5,1,3.7,1,73.6,2,1,1,1,9,Mar,0
2360,feature,166,33,7,2,6.0,1,54.2,18,5,2,4,15,Ven,0
2361,fix,74,21,4,1,7.6,1,78.9,34,3,1,4,15,Lun,0
2362,feature,395,12,8,3,10.7,1,63.2,36,7,1,8,21,Mer,0
2363,fix,34,126,6,3,5.3,0,62.4,41,11,1,5,15,Gio,0
2364,refactor,74,54,5,2,8.1,0,38.9,43,11,1,3,14,Mar,0
2365,refactor,87,234,7,3,8.8,1,42.1,24,11,1,4,12,Lun,0
2366,feature,329,18,9,3,8.3,0,61.4,43,10,1,3,11,Ven,1
2367,fix,94,201,6,2,1.5,1,67.2,64,9,0,1,23,Ven,0
2368,refactor,68,87,5,1,7.6,1,55.7,44,8,1,5,12,Gio,0
2369,feature,108,55,4,2,12.1,0,55.8,82,17,3,2,16,Gio,0
2370,feature,49,44,2,2,11.1,0,44.6,37,12,2,5,15,Lun,0
2371,feature,54,55,2,1,16.9,0,45.2,78,26,1,5,17,Ven,0
2372,feature,79,29,3,2,10.9,1,58.3,18,7,1,3,17,Mar,0
2373,feature,55,2,2,2,5.8,1,77.2,4,2,0,0,12,Mar,0
2374,feature,12,236,7,3,4.7,0,80.5,69,13,1,2,14,Lun,0
2375,feature,62,15,4,2,4.2,0,76.3,28,6,1,2,9,Lun,0
2376,feature,63,60,3,1,5.3,0,71.0,12,2,2,2,9,Gio,0
2377,fix,57,57,3,1,10.8,0,72.4,70,10,1,1,17,Ven,1
2378,refactor,79,31,3,2,18.5,1,67.9,25,10,1,3,14,Mar,0
2379,feature,23,66,4,2,8.1,0,7.4,15,3,3,6,14,Mer,0
2380,refactor,15,68,1,2,14.9,1,61.1,9,1,1,3,15,Mar,0
2381,refactor,41,7,2,1,14.4,0,16.7,27,9,1,2,21,Lun,1
2382,fix,52,6,1,2,5.1,1,86.4,61,10,1,4,15,Gio,0
2383,feature,77,10,2,2,1.6,0,67.8,30,9,2,2,17,Mar,0
2384,fix,73,21,2,2,4.9,0,68.9,52,14,2,3,19,Gio,0
2385,refactor,161,9,4,1,11.0,1,84.0,3,1,2,4,18,Gio,0
2386,refactor,333,72,10,3,3.6,1,48.3,20,5,1,8,17,Mer,0
2387,feature,106,255,6,3,6.6,0,87.4,37,7,1,5,13,Ven,1
2388,feature,64,207,6,3,5.6,0,57.7,10,1,1,3,21,Mar,1
2389,refactor,56,2,3,1,15.3,0,73.4,40,9,2,2,13,Mer,0
2390,refactor,255,29,9,3,4.4,1,74.3,12,2,0,0,11,Gio,0
2391,refactor,104,15,3,2,8.3,1,72.3,8,3,1,2,10,Ven,0
2392,feature,71,47,4,1,10.3,0,52.7,36,4,1,4,17,Mar,0
2393,feature,60,60,3,1,6.4,1,54.2,11,3,2,4,17,Lun,0
2394,refactor,998,30,18,5,4.4,0,74.7,34,9,0,2,10,Lun,0
2395,feature,86,13,6,3,8.0,0,63.4,7,2,2,4,14,Mer,0
2396,feature,390,27,11,3,10.0,1,29.4,22,7,1,3,12,Ven,0
2397,refactor,151,49,5,1,7.5,0,60.5,56,18,1,2,15,Lun,1
2398,fix,55,13,6,3,5.4,1,59.6,44,8,1,5,16,Mer,0
2399,feature,132,22,5,1,5.8,1,26.2,34,8,1,3,11,Mar,0
2400,feature,200,117,7,2,7.0,0,45.1,60,16,2,3,11,Mar,0
2401,refactor,13,37,1,1,13.0,0,53.4,45,13,1,3,17,Lun,0
2402,feature,55,5,2,2,3.8,1,72.4,18,7,1,4,19,Mar,0
2403,feature,24,194,6,3,17.9,1,72.7,25,7,2,4,16,Ven,0
2404,feature,49,22,1,2,3.9,1,68.8,26,8,1,3,12,Ven,0
2405,refactor,123,39,4,2,3.8,1,87.9,17,6,1,2,10,Ven,0
2406,refactor,149,81,4,2,11.4,0,81.7,19,4,1,7,13,Lun,0
2407,feature,27,32,2,2,8.9,1,80.7,19,9,2,5,9,Mer,0
2408,feature,560,32,12,3,2.2,1,57.7,49,13,1,7,10,Ven,0
2409,feature,23,37,2,1,8.4,0,65.2,37,8,1,0,21,Mar,0
2410,feature,46,87,4,2,7.5,1,22.2,7,1,1,5,5,Gio,0
2411,refactor,44,8,4,2,9.0,0,63.9,35,6,1,7,14,Mar,0
2412,feature,335,62,8,2,7.5,1,62.7,66,21,2,2,10,Gio,0
2413,feature,37,200,7,2,3.6,1,38.1,8,2,2,3,15,Mer,0
2414,refactor,278,8,7,3,5.9,1,65.2,76,23,1,4,11,Gio,0
2415,feature,65,14,2,2,10.2,0,74.2,107,25,2,5,19,Ven,0
2416,feature,88,153,6,3,8.9,1,41.4,12,0,1,3,18,Mer,0
2417,feature,63,80,8,2,4.8,1,37.3,75,14,3,3,11,Lun,0
2418,feature,3,14,1,1,9.3,1,64.4,16,5,2,1,16,Lun,0
2419,feature,7,66,2,2,6.3,1,38.6,19,6,1,3,18,Gio,1
2420,refactor,344,51,8,3,6.3,0,54.2,10,7,1,3,15,Mer,1
2421,fix,191,137,5,1,17.9,1,57.4,107,31,2,2,9,Ven,0
2422,refactor,77,31,3,2,18.8,1,57.1,31,3,1,4,15,Gio,0
2423,feature,336,100,10,2,5.4,1,70.1,6,2,2,0,11,Lun,0
2424,fix,30,56,3,2,1.9,0,69.3,39,7,2,5,11,Gio,0
2425,feature,383,48,7,2,5.0,0,64.0,23,6,1,3,13,Mer,1
2426,refactor,70,57,2,1,16.7,1,60.2,15,6,1,4,12,Gio,0
2427,feature,38,24,2,1,10.4,0,69.3,30,8,1,0,14,Lun,0
2428,feature,160,9,4,1,4.0,0,74.6,25,5,1,2,13,Lun,0
2429,refactor,21,21,1,1,4.7,1,58.4,33,6,2,3,20,Ven,0
2430,feature,18,47,4,1,7.1,0,63.0,30,8,3,1,15,Gio,0
2431,refactor,19,289,7,3,4.4,1,63.7,43,10,2,8,11,Lun,0
2432,fix,1135,10,19,4,10.1,0,63.8,41,9,1,13,17,Lun,1
2433,refactor,79,14,3,2,34.5,1,67.0,63,16,3,5,9,Ven,0
2434,feature,100,17,3,1,1.8,1,73.0,15,2,1,6,10,Mar,0
2435,refactor,251,28,5,2,3.7,1,77.3,7,1,1,4,16,Lun,0
2436,feature,16,19,2,2,12.9,1,44.2,1,0,1,3,13,Lun,0
2437,feature,47,84,3,1,6.7,0,78.5,94,23,1,5,17,Gio,0
2438,refactor,127,53,3,2,8.8,0,70.8,17,9,1,4,23,Gio,0
2439,fix,28,33,2,2,15.0,0,39.6,50,11,1,4,13,Lun,1
2440,feature,58,50,2,2,21.6,1,85.3,41,7,2,3,15,Lun,0
2441,feature,80,11,3,1,8.0,0,50.3,33,5,1,4,12,Mar,1
2442,refactor,24,21,1,1,4.7,0,55.4,30,10,1,1,14,Ven,0
2443,feature,13,106,4,2,7.1,1,64.2,82,18,1,3,6,Mar,0
2444,fix,463,44,9,3,9.0,1,54.2,18,8,2,5,0,Mer,0
2445,feature,154,21,4,1,14.3,1,56.7,48,19,0,0,9,Ven,0
2446,fix,32,21,1,1,9.3,0,71.7,28,9,1,3,10,Mer,0
2447,refactor,659,11,12,4,22.1,1,67.1,6,2,3,3,18,Lun,0
2448,feature,373,7,7,3,10.5,0,66.5,40,10,1,6,20,Mer,1
2449,fix,39,16,1,1,24.8,1,39.4,50,11,1,4,14,Mer,0
2450,feature,324,10,8,3,23.7,1,76.4,9,0,0,0,10,Mar,0
2451,feature,50,6,5,1,19.2,0,85.6,4,2,1,2,11,Mar,0
2452,fix,79,15,3,1,4.5,0,69.9,45,14,1,2,19,Ven,0
2453,feature,63,7,3,1,6.7,0,67.0,91,25,1,0,17,Lun,0
2454,feature,593,46,14,4,9.9,0,66.7,58,9,2,3,10,Lun,0
2455,refactor,31,59,3,2,5.9,0,73.9,29,8,1,3,14,Mar,0
2456,refactor,609,4,11,4,5.0,1,34.7,66,19,1,3,9,Lun,0
2457,feature,341,7,7,2,1.0,1,72.5,41,10,1,5,14,Gio,0
2458,fix,12,8,1,1,16.7,0,44.8,18,2,3,4,12,Lun,0
2459,feature,107,28,3,2,10.4,1,50.2,49,10,1,5,11,Gio,0
2460,feature,125,7,3,1,8.5,1,61.6,12,2,2,5,22,Mar,0
2461,fix,267,59,6,3,5.9,1,44.2,75,16,1,3,15,Ven,0
2462,fix,206,6,4,1,12.8,1,59.9,68,17,3,3,15,Mer,0
2463,refactor,140,68,5,1,19.6,1,30.6,15,4,0,0,13,Mer,0
2464,feature,101,20,5,2,9.2,0,71.4,9,1,1,2,15,Mar,0
2465,feature,14,26,2,1,14.7,1,84.0,9,1,2,2,15,Lun,0
2466,feature,131,53,4,1,7.7,0,36.5,36,11,2,2,10,Mer,0
2467,feature,527,15,12,4,19.2,0,50.7,17,3,1,7,14,Lun,1
2468,feature,146,31,3,2,5.2,0,66.4,106,24,3,4,13,Mer,0
2469,refactor,106,49,5,1,9.4,1,51.8,62,12,3,3,12,Mar,0
2470,feature,96,11,3,2,5.8,1,71.0,99,32,1,4,12,Mer,0
2471,feature,19,3,1,2,3.5,0,85.6,29,9,2,1,17,Gio,0
2472,refactor,126,36,5,1,11.9,1,55.7,16,3,1,5,18,Mar,0
2473,feature,71,23,3,2,16.2,1,49.2,34,13,1,7,19,Mer,0
2474,feature,75,31,2,1,4.1,0,23.1,7,4,1,5,8,Mar,1
2475,fix,80,258,7,3,10.6,1,49.1,43,14,3,8,9,Mar,0
2476,fix,82,41,3,1,9.6,1,77.3,17,8,2,5,14,Mer,0
2477,feature,26,38,2,2,11.0,1,33.7,32,6,1,1,13,Mar,0
2478,feature,196,6,3,1,4.3,0,23.9,24,2,2,13,11,Lun,0
2479,refactor,45,18,3,1,3.0,1,69.2,36,8,1,3,11,Lun,0
2480,refactor,83,20,5,2,5.0,0,84.2,24,7,3,6,15,Lun,0
2481,refactor,71,58,2,2,9.1,0,74.5,20,2,0,0,16,Gio,0
2482,feature,1862,47,36,8,6.4,1,46.0,37,9,1,5,16,Ven,0
2483,feature,39,181,5,1,5.7,0,80.0,4,5,2,3,10,Mer,0
2484,feature,263,21,6,2,9.4,1,80.0,36,9,1,3,8,Ven,0
2485,fix,146,4,3,1,6.9,0,79.5,61,16,1,1,17,Lun,0
2486,refactor,586,24,12,3,16.0,1,65.0,29,16,1,3,13,Lun,0
2487,feature,291,10,7,2,6.4,0,78.3,30,10,0,1,10,Lun,1
2488,feature,16,4,2,1,10.6,0,69.6,59,12,1,5,14,Gio,0
2489,feature,183,237,10,3,2.2,1,64.8,20,3,1,3,16,Mer,0
2490,feature,16,62,2,2,5.6,1,27.2,1,0,1,3,9,Mar,0
2491,refactor,246,37,6,2,9.2,1,45.0,42,14,0,0,16,Mer,0
2492,refactor,87,33,4,2,10.3,0,75.0,59,21,3,1,12,Mar,0
2493,refactor,86,27,2,2,16.6,0,22.4,69,16,1,5,15,Ven,0
2494,feature,338,3,8,3,21.4,1,54.1,21,2,1,3,7,Ven,0
2495,refactor,41,57,3,1,7.8,1,57.2,44,11,1,3,12,Ven,0
2496,feature,285,3,6,2,10.3,1,66.7,25,4,2,4,10,Mer,0
2497,fix,810,4,17,5,12.4,1,62.5,69,16,1,6,11,Ven,0
2498,feature,56,6,1,1,9.3,0,85.1,42,7,1,3,16,Gio,0
2499,feature,40,102,2,1,4.6,1,54.7,23,6,1,6,15,Mer,0
2500,fix,135,55,5,1,4.1,0,57.9,14,2,1,4,14,Mer,0
2501,feature,65,11,1,2,6.5,1,50.5,20,5,2,7,14,Mar,0
2502,feature,12,3,1,2,5.7,1,27.8,5,0,2,4,13,Lun,0
2503,fix,56,92,3,1,9.3,1,78.1,5,0,3,10,16,Ven,0
2504,feature,265,81,7,2,2.5,0,68.0,42,13,3,5,16,Mer,0
2505,fix,34,36,2,2,10.1,1,71.9,36,7,2,5,10,Gio,0
2506,fix,32,347,6,2,14.1,1,68.4,71,11,1,4,10,Mer,0
2507,feature,29,38,2,2,9.3,1,79.9,20,4,1,5,12,Mar,0
2508,feature,228,140,8,3,11.0,1,66.6,17,6,1,1,11,Mer,0
2509,feature,12,168,3,2,6.1,1,58.5,31,8,3,4,9,Lun,0
2510,feature,206,65,6,2,12.7,1,83.0,55,12,1,1,9,Mar,0
2511,feature,24,6,3,2,2.2,1,55.1,23,8,3,1,15,Ven,0
2512,feature,58,21,2,1,3.5,0,62.1,24,9,1,5,6,Mar,1
2513,feature,47,197,6,3,7.3,0,64.7,45,17,2,5,14,Mer,0
2514,refactor,201,41,6,3,11.9,1,41.2,41,10,2,4,16,Mer,0
2515,feature,519,85,11,4,2.4,1,49.6,6,2,3,7,16,Mar,0
2516,refactor,93,55,3,2,10.4,1,35.8,23,12,0,2,13,Lun,0
2517,feature,112,27,4,2,4.0,1,48.9,47,13,1,6,15,Ven,0
2518,feature,197,26,4,2,15.2,1,48.9,19,6,2,4,13,Gio,1
2519,feature,185,19,5,2,13.4,1,49.5,10,3,1,4,11,Mer,0
2520,refactor,7,5,1,2,12.1,0,62.9,21,8,2,0,16,Mer,0
2521,refactor,23,151,7,3,2.4,1,74.8,59,11,1,5,12,Mar,0
2522,fix,54,9,1,2,2.8,1,45.1,34,8,3,5,8,Gio,0
2523,fix,110,35,4,1,3.0,1,69.3,4,0,3,4,9,Ven,0
2524,refactor,2,237,6,2,10.2,1,94.3,11,2,1,7,10,Lun,0
2525,refactor,151,19,6,2,13.3,1,51.9,26,3,2,5,15,Lun,0
2526,fix,430,27,10,3,7.1,0,40.8,33,10,3,4,14,Lun,0
2527,feature,225,13,5,2,10.6,1,65.0,34,8,1,1,7,Gio,0
2528,feature,823,15,17,4,12.9,0,66.4,32,6,1,5,9,Ven,0
2529,fix,233,8,4,2,19.5,1,70.4,38,10,2,1,8,Lun,0
2530,feature,26,9,3,1,1.8,0,86.1,56,17,2,1,14,Mar,0
2531,refactor,291,1,6,2,4.7,0,45.7,41,12,1,7,8,Lun,0
2532,refactor,91,9,4,1,9.7,1,77.5,33,12,1,4,17,Mer,0
2533,feature,167,38,6,3,12.4,0,57.6,21,6,2,2,9,Ven,0
2534,fix,68,10,1,2,5.2,0,68.5,27,10,2,2,17,Mar,0
2535,feature,31,19,3,2,6.1,1,77.4,42,15,1,2,11,Gio,0
2536,refactor,90,16,4,2,13.0,0,69.4,56,10,1,5,16,Mar,0
2537,refactor,199,11,5,2,6.5,1,83.9,13,1,1,7,10,Mar,0
2538,feature,326,26,7,3,14.3,1,67.3,58,20,2,2,17,Mer,1
2539,refactor,56,22,2,1,16.9,1,47.5,26,9,1,4,17,Mer,1
2540,fix,453,15,10,2,6.1,1,80.8,34,7,2,4,11,Mar,0
2541,feature,51,127,7,3,14.0,1,54.6,10,4,2,7,14,Mar,0
2542,refactor,91,40,4,1,3.7,0,79.3,33,5,1,4,19,Mer,0
2543,fix,47,7,1,1,17.6,1,53.3,52,9,3,4,22,Mar,0
2544,feature,103,209,7,2,16.6,1,38.5,20,6,2,10,16,Mar,0
2545,feature,165,11,7,2,2.8,1,58.9,5,2,1,1,11,Mer,0
2546,feature,308,201,9,2,4.9,0,71.0,21,7,2,4,14,Gio,0
2547,fix,39,44,2,2,13.7,1,56.6,51,16,1,6,15,Lun,0
2548,fix,165,143,6,3,9.1,1,68.3,28,11,3,8,9,Ven,0
2549,feature,99,273,9,3,16.1,1,65.6,46,12,2,8,12,Ven,0
2550,feature,62,26,3,2,2.2,0,71.0,36,14,2,4,12,Mar,0
2551,fix,30,2,4,1,7.3,1,58.9,77,26,2,1,16,Ven,0
2552,feature,115,88,5,1,9.7,1,58.8,45,21,2,7,9,Lun,0
2553,feature,288,10,5,1,6.1,0,68.7,43,14,2,7,16,Mar,0
2554,refactor,34,38,2,2,14.7,0,44.0,20,3,1,2,15,Gio,0
2555,feature,84,54,3,1,2.6,1,71.9,14,1,1,3,9,Gio,0
2556,feature,72,43,8,2,7.7,1,57.6,24,3,2,5,12,Gio,0
2557,feature,155,134,7,2,14.8,0,88.8,16,4,3,5,17,Mar,0
2558,feature,43,48,5,2,9.4,1,49.7,22,6,1,1,15,Gio,0
2559,fix,263,24,9,2,6.1,0,70.0,35,12,0,0,12,Ven,0
2560,refactor,241,16,7,3,1.7,1,91.1,33,5,1,5,20,Gio,1
2561,feature,159,12,3,2,5.7,1,70.9,34,6,1,5,9,Lun,0
2562,refactor,147,36,5,2,8.2,1,49.1,27,7,3,9,14,Gio,0
2563,refactor,31,53,4,1,11.7,0,41.8,5,0,2,4,16,Lun,0
2564,fix,44,8,3,1,6.4,0,44.4,24,8,2,1,13,Gio,0
2565,feature,150,15,4,1,4.1,1,66.5,54,11,2,7,15,Gio,0
2566,feature,69,180,6,2,4.3,1,45.5,40,7,2,5,11,Mer,0
2567,refactor,140,208,9,2,7.9,1,62.5,50,14,2,1,17,Gio,0
2568,fix,9,24,2,2,4.1,0,77.5,48,12,0,2,9,Ven,0
2569,fix,61,4,2,2,8.2,1,63.4,43,10,2,4,17,Ven,0
2570,feature,36,56,4,1,5.5,1,93.0,45,6,2,2,11,Mar,1
2571,fix,41,235,6,2,9.9,1,14.7,30,8,1,3,12,Ven,0
2572,feature,15,18,3,2,8.8,1,57.8,19,4,1,4,8,Gio,0
2573,feature,61,39,6,2,6.7,1,38.9,61,16,2,6,20,Gio,0
2574,feature,86,28,4,1,2.1,1,42.2,25,6,3,4,9,Mer,0
2575,fix,28,76,2,2,4.7,1,32.9,31,6,1,3,21,Ven,0
2576,feature,204,22,8,3,8.3,1,35.7,25,7,1,6,14,Mar,0
2577,fix,100,69,4,1,15.9,1,54.9,32,6,2,2,4,Mer,0
2578,fix,30,29,4,2,14.6,1,49.7,19,4,0,0,17,Gio,1
2579,feature,191,36,5,1,15.0,0,69.9,13,4,1,5,10,Lun,0
2580,feature,184,20,7,2,7.4,0,65.3,13,5,1,3,9,Gio,0
2581,fix,66,5,3,2,11.2,0,75.9,19,3,2,3,10,Ven,0
2582,feature,23,228,6,2,14.9,1,51.7,15,4,0,0,17,Gio,1
2583,refactor,227,42,6,2,18.2,1,61.8,30,6,1,5,15,Ven,0
2584,feature,23,49,4,1,6.6,1,91.9,46,11,2,5,16,Lun,0
2585,feature,52,30,4,1,6.2,0,85.3,9,3,2,6,14,Gio,0
2586,fix,28,9,3,2,17.3,1,57.1,25,3,1,4,17,Mar,0
2587,feature,132,18,3,2,16.6,0,50.6,41,11,2,7,9,Mer,0
2588,fix,19,25,2,1,4.2,1,27.4,44,15,1,4,14,Lun,1
2589,feature,38,8,2,1,3.3,1,33.2,20,7,2,2,18,Lun,0
2590,feature,10,15,2,1,15.3,1,71.2,33,12,1,4,11,Ven,0
2591,feature,244,15,5,2,6.8,0,45.4,9,5,2,3,21,Lun,0
2592,fix,52,3,4,1,8.3,0,57.1,5,2,2,6,16,Lun,0
2593,fix,40,45,4,1,5.9,0,61.3,46,9,1,2,17,Gio,0
2594,fix,35,29,1,2,2.8,1,77.9,57,13,2,1,11,Mer,0
2595,feature,265,15,5,2,6.2,1,71.8,9,3,2,5,15,Lun,0
2596,fix,392,64,9,2,6.1,1,59.8,14,2,1,3,13,Mer,0
2597,fix,27,95,3,1,3.5,1,45.5,38,9,1,4,11,Gio,0
2598,feature,69,51,2,1,27.6,1,56.7,2,0,2,3,19,Lun,0
2599,fix,225,21,7,2,14.9,0,49.0,14,4,2,0,19,Mar,1
2600,feature,119,5,3,2,9.2,1,80.3,30,12,1,1,10,Mar,0
2601,refactor,7,15,3,1,12.2,0,69.2,22,3,2,2,11,Gio,0
2602,fix,70,31,2,2,2.5,1,67.9,85,16,1,1,10,Gio,0
2603,feature,363,23,6,3,5.2,0,79.0,32,7,1,5,14,Gio,0
2604,refactor,71,29,3,1,13.7,1,69.9,18,3,3,5,12,Gio,0
2605,feature,50,10,2,2,6.0,0,35.8,64,17,1,3,11,Ven,0
2606,feature,36,16,3,2,4.5,1,47.4,8,0,1,2,8,Gio,0
2607,fix,102,59,9,2,5.6,0,38.5,11,1,1,3,11,Ven,0
2608,feature,48,27,3,2,11.4,1,57.2,23,5,1,3,8,Mer,0
2609,feature,185,192,7,2,8.4,0,32.6,7,3,1,2,13,Mer,1
2610,refactor,16,14,2,2,12.2,1,44.1,19,2,1,5,20,Mar,1
2611,refactor,36,38,1,2,24.4,1,59.7,71,16,2,4,20,Ven,0
2612,feature,216,383,10,2,6.5,1,39.4,4,0,2,4,0,Mar,1
2613,refactor,34,10,4,1,9.3,0,19.6,48,13,2,0,11,Mer,0
2614,feature,172,4,3,2,12.8,1,39.0,71,17,1,0,14,Mar,1
2615,feature,175,130,7,2,17.1,0,43.7,15,7,1,4,17,Gio,1
2616,fix,88,7,4,2,17.1,1,45.8,38,15,3,7,10,Mer,0
2617,refactor,23,26,1,2,7.1,0,50.9,26,10,2,5,9,Gio,0
2618,fix,74,181,5,1,11.5,0,47.6,55,18,1,2,10,Mar,0
2619,feature,43,39,6,2,4.8,0,72.1,16,2,3,5,13,Mar,0
2620,feature,291,92,6,3,4.4,1,79.3,6,1,2,5,21,Mar,0
2621,feature,24,4,1,2,14.2,0,76.5,7,1,1,1,13,Mar,0
2622,refactor,96,13,2,2,16.0,1,91.5,18,2,2,7,12,Mer,0
2623,feature,199,18,7,3,20.2,1,68.4,21,2,1,1,16,Gio,0
2624,fix,194,11,5,1,6.4,0,71.5,18,1,2,2,14,Ven,0
2625,feature,33,84,2,1,7.1,1,76.4,11,2,2,5,1,Mer,0
2626,fix,51,15,1,1,2.0,1,69.4,41,12,0,0,15,Lun,0
2627,fix,182,47,4,1,3.7,0,79.1,33,7,1,4,23,Ven,0
2628,feature,60,89,3,2,15.6,0,69.3,8,1,2,4,16,Mar,0
2629,fix,44,23,1,1,2.2,1,37.0,37,11,2,4,16,Gio,0
2630,feature,11,104,7,2,2.9,0,31.2,32,13,1,0,13,Lun,0
2631,feature,61,26,1,1,10.6,0,86.8,23,3,1,5,19,Mer,0
2632,feature,66,1,2,2,24.0,1,45.5,45,15,0,2,15,Mer,0
2633,feature,178,122,10,3,8.4,1,87.7,35,10,2,3,18,Lun,0
2634,feature,122,28,2,1,7.6,0,50.2,20,5,1,4,17,Mar,0
2635,fix,105,68,4,1,15.5,0,62.8,78,17,2,3,15,Mer,0
2636,feature,123,12,4,1,15.7,1,53.1,13,2,2,3,8,Gio,0
2637,feature,68,6,4,1,9.4,1,54.2,30,6,1,8,13,Gio,0
2638,feature,32,132,3,1,9.4,0,63.6,9,3,2,5,11,Gio,0
2639,feature,980,21,17,4,11.1,0,43.5,12,5,2,6,16,Gio,1
2640,fix,767,28,13,3,1.2,1,59.4,19,4,1,6,12,Mar,0
2641,feature,18,12,1,1,11.2,1,72.5,2,0,1,3,17,Mar,0
2642,feature,206,17,5,1,3.1,0,51.4,7,2,1,1,12,Lun,0
2643,fix,84,107,3,1,5.3,1,68.9,9,3,3,5,15,Ven,0
2644,fix,13,93,5,1,13.2,0,74.8,53,17,1,4,18,Mar,0
2645,fix,28,52,3,2,16.4,0,50.9,3,1,1,3,14,Lun,0
2646,feature,48,22,2,1,11.6,0,47.9,12,3,1,0,15,Gio,0
2647,feature,34,28,2,1,3.7,0,71.1,12,0,2,4,15,Mer,0
2648,feature,21,3,1,1,7.8,1,29.8,8,5,2,2,9,Mar,0
2649,refactor,162,47,4,1,3.4,1,57.4,4,0,1,6,17,Ven,0
2650,fix,86,8,2,2,4.5,0,57.2,56,13,0,0,16,Mar,0
2651,feature,9,38,2,1,3.1,0,71.4,17,2,3,2,14,Ven,1
2652,feature,70,219,7,2,2.6,0,69.9,52,20,1,6,22,Lun,0
2653,feature,52,13,5,1,2.4,0,48.5,22,7,2,2,6,Mar,0
2654,feature,97,10,3,2,11.8,0,62.0,10,3,2,4,10,Gio,0
2655,refactor,100,43,2,2,22.0,0,13.4,53,18,1,4,11,Gio,1
2656,feature,7,25,3,2,18.4,0,76.8,11,2,1,2,10,Mar,0
2657,fix,142,4,3,1,17.1,1,57.7,19,6,2,5,8,Mar,0
2658,feature,48,47,3,2,2.3,0,73.3,14,5,2,5,15,Mer,0
2659,feature,106,18,7,2,10.0,0,70.2,13,4,2,4,11,Lun,0
2660,fix,38,25,3,1,2.4,0,75.5,70,14,2,6,20,Mer,1
2661,feature,105,64,3,2,19.2,1,68.4,16,5,2,8,17,Mer,0
2662,feature,90,7,3,2,12.4,0,61.6,31,8,1,4,11,Gio,0
2663,feature,36,19,4,2,11.7,1,71.4,12,3,3,2,11,Ven,0
2664,feature,137,7,4,2,8.0,0,80.3,24,3,1,6,12,Lun,0
2665,feature,20,170,3,2,2.5,1,78.3,20,8,1,2,16,Ven,0
2666,fix,71,17,1,1,13.7,1,91.6,68,14,3,5,17,Gio,0
2667,feature,71,39,4,1,14.2,0,47.7,12,4,2,2,10,Mar,0
2668,fix,280,217,11,4,15.8,0,17.9,27,5,3,8,15,Ven,1
2669,refactor,59,15,1,1,8.5,1,69.6,54,10,1,4,12,Gio,0
2670,feature,75,7,3,1,9.8,1,62.4,44,9,3,5,15,Gio,0
2671,feature,108,4,5,1,2.8,1,51.5,150,27,1,2,14,Ven,0
2672,feature,117,33,4,1,9.0,0,90.9,21,5,2,5,16,Ven,0
2673,feature,48,19,3,1,4.7,0,73.9,19,5,2,2,12,Mar,0
2674,feature,24,225,6,3,11.5,1,87.1,46,17,3,5,14,Gio,0
2675,feature,85,14,2,1,13.7,1,37.5,11,2,1,2,16,Lun,1
2676,fix,562,9,11,3,6.8,0,54.5,19,3,2,4,11,Lun,0
2677,feature,46,80,2,1,10.2,0,63.6,30,12,2,8,16,Gio,0
2678,refactor,92,37,2,2,15.9,0,63.3,20,4,1,5,20,Gio,0
2679,feature,50,10,5,1,4.0,0,44.3,25,9,2,5,19,Lun,0
2680,fix,92,4,2,1,10.4,1,81.2,6,1,0,2,13,Mar,0
2681,feature,177,59,4,1,9.9,1,66.3,21,7,1,2,12,Mer,0
2682,feature,263,28,6,3,7.0,1,58.7,40,15,1,2,14,Mar,0
2683,fix,40,28,3,1,4.6,0,85.5,55,17,1,2,15,Mar,0
2684,feature,11,11,4,2,7.5,0,45.5,42,11,1,3,17,Ven,0
2685,feature,52,54,3,2,14.6,1,73.6,85,23,2,4,18,Lun,0
2686,feature,11,9,1,2,3.8,0,64.3,17,2,1,2,19,Gio,0
2687,feature,41,145,4,1,3.3,1,66.7,108,25,1,0,18,Ven,0
2688,fix,27,7,2,2,3.3,1,94.3,5,1,1,2,11,Ven,0
2689,fix,66,749,15,3,5.9,1,47.7,33,6,2,3,13,Mar,0
2690,feature,21,75,3,1,6.7,1,80.7,72,23,2,4,8,Mar,0
2691,fix,17,39,3,2,8.2,1,58.0,51,24,3,1,22,Lun,0
2692,feature,220,82,5,1,13.4,1,29.1,24,6,2,2,22,Mer,1
2693,refactor,28,19,2,2,5.4,0,59.9,51,17,2,4,13,Gio,0
2694,feature,41,32,1,2,23.4,1,68.3,43,9,3,2,15,Ven,0
2695,fix,90,4,6,2,17.9,0,72.4,4,3,1,4,15,Gio,0
2696,feature,1062,21,23,5,8.3,0,75.1,4,2,0,1,10,Ven,1
2697,refactor,38,42,2,1,5.6,0,43.3,30,6,1,3,14,Lun,0
2698,fix,176,83,6,2,11.7,0,82.1,23,7,1,8,13,Mar,0
2699,feature,93,26,6,2,8.1,1,83.5,15,2,2,3,10,Gio,0
2700,feature,14,100,2,1,4.2,0,44.1,43,4,0,1,11,Mer,0
2701,feature,153,45,3,1,10.5,1,54.3,51,11,3,5,18,Gio,0
2702,refactor,193,37,6,3,7.9,1,72.7,29,10,1,1,17,Mar,0
2703,fix,13,20,3,1,4.9,0,67.9,11,6,3,0,11,Ven,0
2704,feature,15,158,4,2,8.4,1,79.6,6,1,1,2,9,Mer,0
2705,feature,85,118,3,2,6.1,0,91.0,37,7,0,2,11,Mar,0
2706,fix,162,7,3,1,2.1,0,64.3,41,9,2,6,15,Mer,0
2707,fix,339,27,8,2,3.0,1,83.5,21,7,3,6,15,Gio,0
2708,fix,113,1,4,2,11.8,1,39.7,54,10,1,4,0,Gio,0
2709,feature,393,49,8,2,11.5,1,16.5,38,11,2,3,8,Ven,0
2710,fix,60,32,2,2,4.3,1,37.2,13,2,2,3,16,Mar,0
2711,feature,549,8,12,3,2.5,0,52.9,33,13,1,7,8,Lun,1
2712,feature,163,15,6,3,7.5,0,55.0,11,9,2,4,10,Ven,0
2713,refactor,393,6,10,3,2.3,0,80.9,40,5,3,1,11,Lun,0
2714,refactor,22,52,1,1,3.1,1,52.9,9,2,1,2,15,Lun,0
2715,feature,14,28,1,1,5.5,1,68.7,25,11,1,3,15,Ven,0
2716,feature,23,74,2,1,2.2,0,74.4,24,7,1,1,12,Mar,0
2717,feature,27,6,1,1,1.5,1,61.2,22,4,2,9,11,Ven,0
2718,fix,52,97,4,2,21.2,1,50.0,18,2,2,4,14,Mar,0
2719,fix,95,98,3,1,3.3,1,58.8,24,6,1,2,10,Lun,0
2720,feature,93,9,3,1,8.3,1,53.4,28,6,1,3,9,Mer,0
2721,feature,255,26,8,2,15.4,1,52.3,19,1,1,3,9,Lun,0
2722,refactor,26,61,3,1,2.6,1,68.1,16,2,1,5,14,Lun,0
2723,fix,21,26,3,1,1.7,1,31.6,51,18,2,3,11,Mar,0
2724,feature,15,1,1,2,10.6,0,46.9,20,2,1,1,17,Ven,1
2725,feature,401,26,8,3,8.7,0,65.6,19,4,1,4,16,Lun,0
2726,fix,18,47,2,1,6.5,0,80.1,5,1,1,2,16,Lun,0
2727,refactor,247,5,5,1,5.1,0,41.3,5,2,2,8,13,Mar,0
2728,feature,41,130,5,1,6.6,1,52.9,28,18,1,1,11,Mer,0
2729,refactor,73,1,4,2,10.9,1,39.1,11,6,1,2,12,Gio,0
2730,fix,61,28,2,2,3.4,1,60.3,20,3,1,4,11,Gio,0
2731,feature,69,57,5,1,6.1,1,40.9,33,6,1,4,15,Mar,0
2732,refactor,15,69,2,1,7.6,1,59.1,52,9,1,5,9,Ven,0
2733,feature,316,12,8,2,7.0,1,94.2,10,2,2,2,14,Mer,0
2734,feature,9,56,2,2,2.5,0,71.3,12,5,1,5,14,Mer,0
2735,fix,150,37,3,2,11.7,1,45.2,50,7,2,3,15,Mer,0
2736,feature,20,73,2,2,3.0,1,88.4,74,14,0,1,8,Gio,0
2737,feature,256,5,5,1,5.9,0,80.0,57,17,1,3,10,Mer,0
2738,feature,90,52,5,2,4.9,0,60.6,4,1,1,6,19,Lun,0
2739,refactor,509,27,11,3,3.8,1,79.2,34,9,1,4,12,Ven,0
2740,fix,64,28,3,1,9.0,0,70.6,13,5,2,2,11,Mer,0
2741,feature,39,54,3,1,7.3,0,74.3,27,7,2,1,7,Lun,0
2742,feature,63,11,3,1,16.1,0,86.6,33,5,2,2,16,Mer,0
2743,feature,55,55,2,2,5.8,1,52.7,18,3,1,1,14,Lun,0
2744,feature,168,7,7,3,6.6,1,71.2,14,3,1,7,20,Gio,0
2745,refactor,30,105,4,2,9.0,0,82.2,28,5,3,1,17,Ven,0
2746,feature,49,25,5,2,12.9,0,51.1,33,8,3,4,13,Ven,0
2747,fix,18,49,2,1,3.7,1,73.6,40,6,0,0,15,Mer,0
2748,refactor,351,34,7,3,14.3,0,49.2,26,7,1,4,21,Mar,1
2749,fix,227,100,6,3,5.8,0,94.8,5,3,1,3,7,Lun,1
2750,fix,107,35,5,2,11.0,0,55.5,6,2,1,4,10,Lun,1
2751,fix,66,74,3,1,8.6,1,70.3,52,7,1,4,11,Lun,0
2752,feature,43,4,2,2,7.0,1,68.1,52,19,1,3,11,Mar,0
2753,refactor,19,53,2,2,14.1,1,54.1,42,11,1,1,11,Ven,0
2754,refactor,21,213,6,3,10.9,1,74.5,29,9,0,1,17,Ven,0
2755,feature,18,37,3,1,8.3,0,75.9,20,8,2,1,12,Mar,0
2756,fix,311,56,8,2,8.8,1,47.7,26,4,1,7,10,Mar,1
2757,fix,31,3,3,2,5.8,0,86.5,20,1,1,4,15,Gio,0
2758,feature,85,11,4,1,9.5,0,76.2,46,9,1,2,17,Mer,0
2759,feature,137,37,4,2,12.9,1,28.3,30,9,3,3,8,Mer,0
2760,feature,781,92,18,4,13.0,1,79.6,19,1,2,2,16,Ven,0
2761,feature,26,7,4,2,13.6,0,87.9,23,8,3,7,22,Mar,0
2762,fix,38,26,2,1,7.6,1,81.0,24,7,0,2,17,Gio,0
2763,feature,31,6,3,1,17.2,1,78.2,74,14,2,5,12,Gio,0
2764,fix,201,20,6,3,17.3,0,20.6,34,12,1,5,10,Ven,1
2765,feature,230,11,4,2,9.3,1,44.7,30,7,1,14,10,Ven,0
2766,feature,6,14,2,1,6.3,0,47.2,38,8,1,4,12,Gio,0
2767,feature,74,25,2,2,15.1,1,46.6,13,1,1,1,11,Ven,1
2768,feature,31,14,5,1,4.2,0,30.4,42,11,1,5,17,Gio,0
2769,refactor,79,95,3,2,10.8,1,74.3,24,11,3,3,16,Gio,0
2770,fix,15,148,4,2,24.2,0,89.1,27,2,3,3,11,Gio,0
2771,fix,111,57,5,1,14.7,0,73.6,40,14,1,9,11,Mar,0
2772,fix,38,16,1,2,11.9,1,63.9,17,4,0,0,2,Gio,0
2773,fix,11,113,6,3,8.0,1,50.5,17,3,1,2,9,Lun,0
2774,feature,133,17,2,1,3.2,0,30.1,42,10,2,7,15,Lun,0
2775,feature,190,7,7,2,1.0,1,88.8,15,7,1,2,11,Mer,0
2776,fix,99,68,3,1,8.9,1,83.9,6,1,2,5,15,Gio,0
2777,feature,41,11,1,2,5.6,1,87.9,17,1,2,3,18,Mar,0
2778,feature,37,3,5,1,8.9,0,69.4,69,20,2,1,21,Mer,0
2779,feature,152,41,5,1,6.5,1,60.4,23,3,2,3,11,Mer,0
2780,refactor,106,140,4,1,5.3,0,80.2,42,8,0,0,13,Gio,0
2781,feature,24,98,4,2,2.2,1,56.0,21,11,0,1,19,Ven,0
2782,feature,421,19,9,2,12.1,0,43.8,33,9,2,8,13,Ven,1
2783,refactor,46,14,3,2,15.9,0,65.9,38,7,1,3,11,Mer,0
2784,feature,110,134,6,3,10.5,0,71.4,15,2,1,2,7,Lun,0
2785,fix,60,88,2,2,27.7,0,67.4,28,16,2,0,16,Lun,0
2786,refactor,78,40,3,2,5.9,0,61.9,21,7,2,5,10,Mer,0
2787,feature,112,13,3,2,14.1,1,64.6,36,10,1,2,15,Gio,0
2788,refactor,30,125,5,1,5.7,0,65.2,42,14,1,6,13,Mer,0
2789,feature,35,56,4,2,11.0,0,61.0,72,18,2,5,14,Ven,0
2790,refactor,68,32,3,2,2.6,0,81.3,9,1,1,4,15,Lun,0
2791,fix,41,172,4,1,6.0,0,66.9,40,15,2,4,9,Mer,0
2792,feature,20,39,1,2,15.8,0,54.2,9,4,1,1,8,Mar,0
2793,feature,15,3,3,1,9.5,0,76.7,16,6,1,3,17,Ven,0
2794,refactor,329,84,9,2,1.5,1,28.2,22,4,0,1,13,Lun,0
2795,feature,91,13,4,2,4.8,1,43.7,18,5,2,1,18,Mar,0
2796,feature,16,52,5,2,9.3,1,51.4,40,11,2,4,17,Mar,0
2797,fix,21,13,4,2,8.1,0,70.2,79,20,1,4,10,Gio,0
2798,feature,79,7,1,1,8.9,1,64.9,9,1,1,7,18,Mar,0
2799,feature,27,14,3,2,4.0,1,47.8,34,7,1,4,14,Gio,0
2800,feature,22,18,1,1,11.9,0,88.7,99,19,0,1,17,Ven,0
2801,fix,96,49,3,1,15.2,1,71.6,30,8,2,3,8,Lun,0
2802,feature,79,89,7,2,13.7,1,34.3,22,5,2,1,20,Mar,1
2803,feature,642,121,13,3,14.0,0,83.6,16,1,0,2,10,Lun,1
2804,feature,63,12,3,1,3.8,0,47.9,27,8,1,4,9,Gio,0
2805,fix,88,96,5,2,9.6,0,69.1,16,2,2,2,4,Mar,0
2806,fix,59,61,2,2,2.4,0,90.5,40,14,2,5,11,Gio,0
2807,fix,2,23,4,1,3.8,0,67.7,6,1,1,6,22,Ven,0
2808,feature,189,34,7,3,5.7,1,61.3,11,5,1,5,15,Mer,0
2809,refactor,677,43,12,3,4.1,0,77.6,22,3,2,8,20,Ven,0
2810,fix,224,222,9,3,3.6,1,74.5,12,1,2,3,16,Ven,0
2811,fix,51,18,2,1,11.2,1,52.0,34,5,1,3,10,Mar,0
2812,feature,678,25,12,4,14.6,1,51.6,26,7,1,3,17,Mar,0
2813,feature,173,127,5,2,4.7,1,74.0,9,3,3,3,17,Mar,0
2814,feature,119,55,5,2,17.3,1,81.8,43,14,1,5,12,Ven,0
2815,fix,307,47,9,2,10.9,1,66.0,19,3,1,7,11,Gio,1
2816,fix,39,11,3,2,5.6,1,72.1,70,21,1,6,14,Mer,0
2817,refactor,15,138,6,3,9.5,1,57.2,18,7,1,5,15,Ven,0
2818,feature,132,46,4,2,6.1,0,62.4,3,2,1,1,15,Gio,0
2819,feature,263,183,8,2,4.3,0,30.7,25,3,2,0,3,Ven,1
2820,feature,207,89,6,3,11.0,0,77.8,27,9,2,4,12,Mar,0
2821,refactor,5,3,6,3,3.7,0,72.8,56,19,1,2,9,Mar,0
2822,fix,86,141,6,2,14.8,1,92.3,40,12,3,4,18,Mar,0
2823,refactor,44,41,3,1,12.8,1,62.2,39,11,2,2,9,Lun,0
2824,refactor,59,121,5,2,8.9,0,81.9,22,4,1,7,16,Gio,1
2825,feature,128,226,7,3,14.2,0,89.4,20,3,1,3,16,Ven,1
2826,fix,93,37,2,1,14.5,1,93.8,17,8,1,1,8,Gio,0
2827,feature,22,20,4,2,10.1,1,72.5,28,5,2,4,11,Mer,0
2828,feature,100,35,5,2,5.0,0,77.7,35,8,1,4,18,Mar,0
2829,feature,273,148,9,2,15.2,0,78.5,3,1,3,4,14,Lun,1
2830,feature,385,42,8,3,11.6,1,70.7,40,13,2,7,11,Mer,0
2831,feature,43,26,2,1,8.4,1,60.3,3,2,0,1,8,Lun,0
2832,refactor,104,26,3,1,13.0,1,61.9,7,1,1,5,8,Mer,0
2833,feature,44,10,6,2,13.9,0,63.8,12,2,1,3,14,Lun,0
2834,fix,24,55,2,2,2.1,0,65.0,9,4,1,0,11,Lun,0
2835,fix,93,70,3,2,2.7,1,48.4,43,6,2,2,15,Gio,0
2836,refactor,16,6,1,2,3.1,1,66.8,37,11,2,3,9,Mer,0
2837,refactor,112,349,9,2,19.2,1,47.8,32,9,1,4,9,Mer,0
2838,feature,23,16,1,2,10.5,1,96.0,72,10,1,2,16,Mer,0
2839,fix,24,43,3,2,6.0,0,82.6,32,5,3,3,15,Gio,0
2840,feature,135,152,7,3,9.7,1,45.9,36,7,1,3,21,Mar,0
2841,feature,11,16,3,2,4.1,0,66.0,36,10,2,2,19,Ven,0
2842,refactor,88,23,3,2,2.5,1,53.5,74,16,1,4,10,Lun,0
2843,refactor,221,58,7,3,9.6,0,92.4,10,5,1,7,19,Mer,1
2844,feature,60,17,3,1,3.3,1,71.8,125,28,1,2,18,Ven,0
2845,feature,179,8,5,1,1.7,0,67.6,38,8,1,4,19,Mar,0
2846,feature,121,35,5,1,17.3,1,65.7,13,1,2,2,19,Mar,1
2847,fix,120,10,4,1,16.8,1,88.0,17,8,2,8,10,Mar,0
2848,feature,357,19,6,2,4.6,1,69.0,23,4,2,8,15,Mar,0
2849,fix,136,116,5,1,11.7,1,61.0,5,2,1,3,11,Mar,0
2850,feature,72,26,2,1,5.3,1,70.4,28,9,2,6,7,Ven,0
2851,fix,52,315,6,2,22.7,1,63.9,7,2,3,4,14,Gio,0
2852,fix,67,6,1,2,5.9,0,61.8,102,21,1,5,9,Lun,0
2853,feature,205,21,4,1,8.1,1,50.9,34,8,2,3,10,Mer,0
2854,fix,22,21,1,2,12.2,1,75.0,13,3,3,4,7,Lun,0
2855,refactor,152,87,6,3,4.6,1,80.8,106,30,1,9,16,Ven,0
2856,fix,24,251,7,3,23.6,1,79.7,94,37,1,1,10,Lun,0
2857,feature,56,4,3,2,8.8,1,89.1,46,21,1,3,13,Lun,0
2858,feature,268,19,5,2,9.6,1,74.7,59,18,2,5,10,Lun,0
2859,feature,75,12,4,2,4.9,1,77.9,53,13,1,6,15,Gio,0
2860,feature,7,20,1,2,2.4,1,38.8,28,8,1,4,11,Lun,0
2861,fix,116,161,7,2,15.7,0,59.2,31,5,0,0,11,Mer,0
2862,fix,34,15,4,2,10.4,0,55.7,33,10,1,2,22,Lun,0
2863,feature,221,43,5,1,6.7,0,65.7,34,9,1,2,10,Ven,0
2864,refactor,375,25,8,3,13.6,1,33.8,22,12,1,4,16,Gio,1
2865,feature,12,123,5,2,20.9,1,63.2,10,2,2,1,13,Mar,0
2866,feature,23,21,1,2,15.8,0,11.8,33,12,1,1,15,Mer,0
2867,feature,326,113,9,2,2.7,0,89.7,28,5,1,3,11,Gio,0
2868,fix,24,7,2,2,8.1,0,45.2,57,13,1,4,10,Mar,0
2869,fix,105,9,3,2,10.6,1,55.6,31,9,1,5,10,Lun,0
2870,fix,21,51,1,1,20.1,1,65.2,62,15,1,4,13,Gio,0
2871,feature,164,18,4,2,4.6,1,57.1,22,5,1,4,8,Ven,0
2872,fix,68,34,4,1,2.3,1,67.5,27,4,2,5,16,Lun,0
2873,fix,363,61,9,3,8.1,0,68.3,115,29,1,3,18,Ven,0
2874,fix,87,39,4,2,6.6,1,63.6,26,7,1,0,16,Gio,0
2875,fix,90,145,8,3,7.5,0,53.7,46,8,1,3,14,Gio,0
2876,feature,55,392,9,2,15.3,1,26.1,26,6,2,4,18,Mer,0
2877,feature,153,9,5,2,13.1,1,49.2,27,10,1,4,17,Mar,0
2878,feature,88,49,4,2,22.4,0,73.3,53,7,1,4,17,Mer,0
2879,feature,92,22,5,1,4.6,1,43.2,12,4,3,5,20,Lun,0
2880,feature,68,12,2,2,2.4,0,78.0,22,5,2,2,13,Ven,0
2881,fix,65,46,4,2,10.6,1,70.3,5,4,1,1,11,Mer,0
2882,fix,105,111,5,2,15.6,0,36.3,20,8,1,5,13,Lun,0
2883,feature,41,160,7,3,9.6,1,61.5,86,25,1,0,12,Mar,0
2884,fix,34,31,2,2,6.5,1,57.2,117,28,1,2,12,Lun,0
2885,fix,30,39,1,2,8.5,0,37.1,37,11,3,4,18,Lun,0
2886,fix,665,30,16,5,3.8,0,35.0,56,18,1,6,10,Gio,1
2887,feature,180,7,6,2,7.1,0,81.3,45,13,2,1,15,Mar,0
2888,feature,170,47,6,2,8.5,0,79.8,48,11,1,2,16,Ven,0
2889,fix,31,23,2,2,8.2,1,70.4,48,20,1,3,18,Mar,0
2890,feature,453,22,11,3,11.8,0,90.3,7,3,1,2,11,Lun,1
2891,fix,82,137,6,3,2.1,0,53.8,11,2,3,7,9,Mar,0
2892,fix,361,19,8,2,6.4,0,68.9,29,9,3,5,9,Lun,1
2893,refactor,23,16,3,1,5.4,0,26.0,8,1,3,3,14,Lun,0
2894,feature,18,33,3,1,7.3,0,55.0,28,4,1,2,14,Mar,0
2895,feature,255,63,5,1,17.8,0,72.3,49,13,1,3,13,Mar,0
2896,refactor,265,64,6,3,15.6,1,67.5,11,3,1,5,11,Ven,0
2897,feature,7,49,2,2,11.2,1,72.7,22,6,1,3,14,Mer,0
2898,feature,198,7,4,1,12.5,1,72.9,26,5,2,3,11,Lun,0
2899,refactor,67,31,5,1,3.6,1,54.4,23,15,2,1,11,Gio,0
2900,feature,77,137,6,3,5.4,1,80.1,57,10,1,8,10,Ven,0
2901,feature,227,13,4,1,8.1,0,42.7,59,12,2,3,11,Gio,0
2902,feature,42,70,5,1,4.8,0,55.4,52,14,1,4,13,Mer,0
2903,fix,108,65,4,1,3.4,1,86.4,21,8,1,5,21,Gio,0
2904,feature,55,60,3,2,13.2,1,48.3,63,12,1,4,15,Lun,1
2905,fix,42,6,6,2,4.3,0,84.6,8,0,1,4,9,Gio,0
2906,fix,39,22,1,2,9.8,1,55.0,94,16,1,3,16,Lun,0
2907,refactor,354,95,7,3,6.5,0,81.2,39,14,1,7,17,Mer,1
2908,feature,53,23,3,1,14.6,0,71.7,16,3,1,3,14,Ven,0
2909,fix,88,24,2,2,10.4,1,71.5,2,0,2,1,12,Lun,0
2910,refactor,174,37,5,1,1.8,1,83.1,19,4,1,3,17,Mer,0
2911,fix,31,4,3,1,3.4,0,58.4,13,5,2,5,10,Ven,0
2912,fix,163,14,6,3,22.3,1,66.7,35,10,1,4,10,Ven,0
2913,feature,55,46,5,2,15.4,0,37.5,62,19,2,3,11,Gio,0
2914,feature,27,32,4,2,10.0,0,74.1,22,4,2,2,19,Mar,0
2915,feature,81,31,4,1,8.1,0,78.9,12,4,2,2,15,Gio,0
2916,fix,80,9,4,1,3.1,1,56.4,9,1,2,2,18,Gio,0
2917,feature,52,12,3,2,6.5,0,63.2,52,20,1,5,13,Lun,0
2918,feature,115,90,5,2,21.9,0,68.3,27,5,3,5,8,Ven,0
2919,fix,226,24,6,3,7.1,1,74.4,46,10,3,3,18,Gio,0
2920,fix,67,61,5,1,5.3,1,62.7,17,1,1,6,0,Mar,0
2921,feature,35,11,2,2,8.7,0,72.2,31,9,3,6,19,Mer,0
2922,refactor,237,13,6,3,3.5,1,69.3,54,10,1,1,10,Ven,0
2923,feature,43,85,3,2,4.8,1,77.5,6,2,2,4,23,Ven,0
2924,refactor,1714,137,34,8,5.4,0,65.2,2,0,1,5,15,Mer,1
2925,refactor,94,8,6,2,1.7,1,69.0,12,2,1,3,11,Mar,0
2926,fix,256,50,5,2,12.7,0,53.7,48,16,3,1,8,Lun,1
2927,feature,33,19,3,1,9.1,0,64.0,9,2,1,2,22,Lun,0
2928,fix,48,8,1,2,15.0,1,56.8,68,21,2,1,14,Gio,0
2929,fix,9,23,2,1,6.4,0,45.7,43,11,1,1,15,Gio,0
2930,feature,255,3,5,2,1.4,1,70.9,22,10,2,5,10,Mar,0
2931,fix,378,25,9,3,12.3,1,74.0,26,3,1,4,10,Gio,0
2932,refactor,549,146,14,3,11.0,1,69.9,9,4,3,4,17,Gio,0
2933,feature,112,8,4,1,7.6,1,29.5,29,9,3,3,10,Mar,0
2934,feature,142,28,5,1,11.6,0,70.1,53,11,1,5,10,Mar,0
2935,refactor,25,50,1,1,6.0,0,72.1,15,6,2,5,14,Gio,0
2936,fix,57,20,1,2,10.8,1,28.0,45,13,1,2,15,Mar,1
2937,feature,28,90,2,2,7.7,0,85.4,13,4,1,2,11,Mer,0
2938,fix,43,21,5,2,19.5,0,69.9,42,10,2,4,10,Mar,0
2939,fix,49,34,3,2,15.2,1,57.6,71,22,3,1,10,Mer,0
2940,fix,40,20,1,1,20.2,1,81.7,15,3,1,5,8,Ven,0
2941,refactor,112,146,6,2,3.9,0,56.8,12,2,1,6,12,Mer,0
2942,refactor,49,47,3,2,6.1,0,47.3,15,4,2,1,8,Mer,0
2943,feature,114,222,7,2,5.9,1,69.0,25,4,1,6,13,Lun,0
2944,fix,61,2,5,2,10.1,0,58.1,55,13,1,3,10,Gio,0
2945,fix,381,26,9,2,4.6,1,69.2,11,3,1,3,12,Mer,0
2946,fix,94,21,3,1,1.9,1,58.0,32,8,1,2,18,Gio,0
2947,feature,51,28,1,1,10.9,0,73.4,40,10,1,5,17,Lun,0
2948,refactor,261,47,8,2,10.7,1,60.6,5,0,1,5,4,Ven,0
2949,feature,241,60,6,2,3.9,1,71.6,46,9,1,9,17,Mer,0
2950,refactor,141,46,9,2,9.6,0,56.6,26,5,1,1,10,Ven,0
2951,fix,31,14,2,1,8.5,0,54.8,20,6,3,5,12,Mar,0
2952,feature,325,23,6,2,3.9,1,68.9,34,10,1,9,13,Mar,0
2953,feature,124,66,5,1,8.3,1,82.9,14,1,1,4,10,Mar,0
2954,feature,186,63,5,2,6.2,1,77.9,28,6,1,5,19,Mar,0
2955,feature,156,78,6,2,17.4,0,77.5,27,4,2,6,16,Mar,0
2956,feature,83,344,7,3,9.0,0,30.2,12,0,3,3,7,Lun,1
2957,refactor,31,246,6,3,9.7,0,39.4,6,3,2,1,8,Mer,0
2958,feature,187,11,3,1,13.9,0,82.3,21,4,0,0,19,Gio,0
2959,refactor,10,59,2,1,5.0,0,75.8,58,16,1,4,15,Mar,0
2960,feature,165,38,4,1,12.9,0,81.3,51,6,1,3,17,Gio,0
2961,feature,19,31,3,2,12.1,0,52.5,54,8,2,6,9,Lun,0
2962,feature,97,5,2,2,6.0,1,62.4,60,17,1,5,8,Mar,0
2963,fix,50,6,3,1,4.1,1,59.4,50,8,1,3,15,Mar,0
2964,feature,52,5,3,2,9.7,0,55.7,13,1,1,4,16,Lun,0
2965,feature,508,23,10,3,6.7,1,51.1,74,18,2,10,15,Gio,0
2966,fix,332,13,9,2,6.6,0,58.6,56,15,1,4,8,Lun,0
2967,feature,214,27,6,2,7.2,0,38.7,17,9,2,3,11,Lun,0
2968,refactor,4653,69,81,8,16.2,0,62.0,10,3,0,0,10,Mer,1
2969,feature,26,74,3,1,22.8,0,40.3,17,4,2,4,15,Mar,0
2970,feature,148,355,10,2,5.1,1,53.3,30,13,1,4,14,Ven,0
2971,fix,52,701,14,4,5.1,1,62.5,7,0,1,2,16,Gio,0
2972,refactor,30,31,1,1,7.0,0,48.6,34,9,1,5,15,Lun,0
2973,feature,190,50,8,3,8.0,0,60.5,60,21,1,5,16,Mar,0
2974,feature,31,47,2,1,2.5,1,85.5,14,3,2,3,16,Mer,0
2975,fix,578,7,10,3,4.1,1,63.7,32,5,1,5,12,Gio,0
2976,feature,86,180,6,3,14.3,1,67.6,20,7,1,1,13,Gio,0
2977,feature,566,31,10,2,9.0,1,61.9,17,3,1,3,11,Ven,0
2978,fix,234,402,13,4,11.3,1,67.1,14,6,1,3,5,Gio,0
2979,fix,25,136,4,2,3.2,0,46.5,75,24,0,1,12,Lun,0
2980,fix,46,17,1,1,1.8,1,92.4,32,10,1,3,15,Mer,0
2981,refactor,206,33,6,2,3.2,1,44.4,23,9,1,3,15,Gio,0
2982,fix,356,24,6,2,2.1,0,62.0,34,11,1,6,12,Ven,1
2983,refactor,401,125,12,3,6.4,1,37.3,76,17,1,5,7,Mer,0
2984,refactor,12,19,2,1,9.9,1,34.9,21,2,1,5,17,Mer,0
2985,feature,26,33,2,1,5.0,0,73.7,17,0,2,2,13,Mar,0
2986,feature,105,38,3,2,9.1,1,67.2,6,1,1,5,12,Mar,0
2987,refactor,98,4,5,2,3.7,0,85.2,65,16,1,8,10,Mar,0
2988,feature,25,50,3,1,4.5,1,56.6,20,10,3,3,11,Mer,0
2989,fix,25,30,2,2,4.1,1,35.8,17,4,1,3,13,Mer,1
2990,fix,40,240,5,2,3.6,1,46.4,98,24,1,5,8,Gio,0
2991,fix,36,33,2,2,14.7,1,87.4,17,8,0,1,9,Gio,0
2992,fix,204,131,10,2,8.2,1,30.1,38,13,1,4,11,Mer,0
2993,feature,45,4,4,1,5.7,0,81.7,11,3,3,1,9,Mar,0
2994,feature,44,14,3,1,11.0,0,54.9,29,10,1,2,10,Ven,0
2995,feature,95,183,6,3,11.4,1,81.5,21,7,3,2,19,Mer,0
2996,fix,183,72,5,2,7.0,1,70.9,13,5,1,2,9,Ven,0
2997,refactor,830,67,16,5,10.5,0,75.7,23,5,1,6,16,Mer,1
2998,feature,104,98,4,2,3.3,1,46.0,111,31,2,5,16,Lun,0
2999,feature,121,1,4,2,8.0,1,62.5,34,11,1,2,18,Ven,0
3000,fix,32,45,3,2,5.8,0,54.0,4,2,0,2,9,Lun,1
3001,fix,138,18,5,2,5.3,1,56.2,16,3,2,5,19,Gio,0
3002,feature,198,3,3,1,3.8,0,67.4,44,7,2,7,11,Ven,0
3003,refactor,159,27,4,1,5.0,0,71.5,45,8,1,3,16,Ven,0
3004,fix,52,45,3,2,4.4,0,70.4,37,11,1,3,10,Gio,0
3005,fix,80,20,5,2,22.9,0,72.7,28,2,3,5,15,Lun,0
3006,refactor,78,20,5,2,5.2,1,82.4,7,2,1,3,13,Lun,0
3007,fix,104,197,7,3,11.5,0,24.7,30,11,1,7,7,Ven,1
3008,fix,8,344,9,3,9.4,0,45.3,21,7,2,6,13,Gio,0
3009,feature,63,4,3,1,8.4,0,92.0,22,7,1,0,16,Mer,0
3010,feature,15,9,3,2,7.1,0,61.7,13,6,2,1,14,Ven,0
3011,feature,29,71,2,2,3.0,0,46.0,63,21,1,5,17,Gio,0
3012,fix,338,27,7,3,14.0,1,23.6,65,20,1,5,15,Mar,1
3013,feature,108,146,5,1,15.7,0,86.9,18,8,0,3,11,Ven,0
3014,fix,115,4,4,2,12.8,1,70.5,22,3,1,7,8,Lun,0
3015,feature,270,91,6,2,5.5,1,61.5,5,2,3,5,10,Gio,0
3016,refactor,56,48,6,2,9.7,0,56.5,43,10,2,6,16,Mar,0
3017,refactor,108,26,4,2,4.7,1,49.7,89,20,0,1,10,Ven,0
3018,feature,23,37,1,1,1.0,0,55.2,16,4,1,2,16,Gio,0
3019,feature,12,114,3,2,11.1,1,41.1,19,5,3,1,11,Mer,0
3020,feature,344,198,10,2,7.8,0,79.8,48,9,1,2,15,Lun,0
3021,feature,19,76,5,2,5.0,0,38.9,14,6,1,4,4,Gio,0
3022,fix,33,20,2,1,8.2,1,33.2,8,0,1,3,10,Mar,0
3023,feature,31,26,1,1,9.4,1,64.3,43,16,1,3,15,Mer,0
3024,refactor,20,4,1,1,12.9,1,81.5,17,9,1,4,10,Mar,0
3025,feature,58,61,4,2,4.8,1,48.1,5,1,3,6,11,Lun,0
3026,fix,646,16,12,3,5.1,0,71.2,73,23,3,9,17,Gio,0
3027,refactor,138,8,2,1,10.2,1,43.8,27,4,0,0,13,Gio,0
3028,fix,298,16,6,2,15.5,0,71.3,69,21,1,3,16,Mer,1
3029,feature,461,352,16,5,7.1,0,52.5,44,14,1,4,12,Ven,0
3030,refactor,86,26,3,2,5.1,0,60.3,45,6,1,1,11,Mar,0
3031,feature,146,47,4,1,19.5,1,67.9,20,2,1,4,20,Mer,0
3032,refactor,95,31,5,1,7.0,1,52.1,23,1,1,1,11,Ven,0
3033,feature,133,4,4,1,9.0,1,66.7,38,5,1,3,12,Lun,0
3034,refactor,120,48,3,1,10.4,0,64.8,36,12,2,5,15,Mer,0
3035,refactor,54,98,4,1,8.6,1,78.6,6,2,2,3,16,Mer,0
3036,refactor,41,225,5,1,7.1,1,67.4,49,14,1,3,9,Mar,0
3037,refactor,173,12,4,1,6.5,1,40.6,49,8,1,0,16,Mar,0
3038,fix,101,96,6,2,8.7,1,71.2,45,8,1,3,17,Lun,0
3039,feature,136,15,3,2,15.3,0,64.1,47,10,1,4,18,Gio,0
3040,fix,373,21,8,2,8.8,0,53.7,4,1,1,5,12,Ven,0
3041,feature,29,38,3,2,4.9,1,71.7,35,6,2,2,18,Ven,1
3042,fix,288,22,7,3,8.9,0,75.3,9,0,1,5,10,Mar,1
3043,refactor,19,16,2,2,8.6,1,44.6,63,11,1,4,3,Lun,0
3044,fix,68,9,1,1,10.0,1,60.9,13,5,1,6,15,Mer,0
3045,refactor,18,5,2,2,9.4,0,57.5,23,4,1,4,15,Gio,0
3046,feature,74,17,3,1,1.4,1,55.4,21,5,2,3,11,Mer,0
3047,refactor,198,15,5,1,11.6,1,25.0,9,1,2,8,16,Mar,0
3048,fix,19,14,3,2,12.7,1,82.0,35,6,1,2,14,Mar,0
3049,fix,141,9,3,2,8.9,0,74.0,79,19,1,2,16,Ven,1
3050,fix,48,36,4,1,5.3,1,74.5,32,15,1,4,11,Lun,0
3051,fix,9,17,1,1,6.2,1,77.3,10,2,2,3,13,Gio,0
3052,refactor,42,14,2,1,5.8,1,66.2,37,7,1,5,12,Lun,0
3053,feature,220,21,5,2,10.2,0,47.9,15,0,1,6,8,Ven,0
3054,feature,31,46,1,2,2.0,1,62.9,33,7,0,0,16,Mer,0
3055,feature,84,7,3,2,5.8,0,44.4,78,21,1,4,17,Mar,0
3056,feature,39,3,3,1,5.4,0,57.8,83,14,1,3,11,Gio,0
3057,feature,31,21,2,2,5.8,0,73.9,7,4,1,7,10,Mer,0
3058,fix,21,32,2,1,6.3,1,61.5,28,6,1,3,10,Gio,0
3059,fix,184,5,4,1,13.9,0,23.6,23,5,2,5,7,Lun,0
3060,refactor,25,27,3,1,10.8,0,56.7,55,13,1,4,14,Mar,0
3061,feature,156,73,6,3,6.6,1,60.6,20,4,1,2,14,Ven,0
3062,feature,144,8,3,2,17.5,0,67.7,86,22,1,3,8,Gio,0
3063,feature,91,16,5,1,11.4,1,83.0,68,17,2,2,16,Lun,0
3064,feature,168,16,5,2,10.0,0,56.6,16,2,2,6,15,Ven,0
3065,refactor,21,26,4,1,6.8,1,75.8,9,1,1,5,7,Mar,0
3066,feature,132,53,5,2,25.3,1,83.7,21,14,3,3,16,Lun,0
3067,refactor,17,6,4,1,21.4,1,85.4,20,6,1,1,14,Ven,0
3068,fix,325,43,8,2,5.3,1,36.0,13,5,1,1,16,Mar,0
3069,feature,198,27,6,3,5.8,1,53.6,43,13,3,4,0,Ven,0
3070,feature,95,6,2,1,18.7,1,39.1,32,13,1,3,15,Mar,1
3071,fix,358,19,8,2,10.6,1,70.2,62,14,1,8,9,Mer,0
3072,fix,34,143,4,1,28.2,1,57.3,26,6,2,5,10,Ven,0
3073,feature,92,18,4,2,11.8,0,66.9,65,15,1,2,9,Ven,0
3074,feature,163,217,9,2,4.0,1,22.4,22,7,1,3,8,Mar,0
3075,feature,58,31,5,1,6.4,1,59.8,36,4,2,1,7,Gio,0
3076,feature,73,19,4,1,10.3,0,44.2,19,6,1,5,10,Mer,1
3077,feature,46,124,5,2,16.5,0,81.0,37,8,1,7,18,Gio,0
3078,fix,143,45,4,1,2.5,1,58.9,29,5,2,6,9,Mar,0
3079,feature,88,73,5,2,4.6,0,80.0,17,3,2,3,16,Mar,0
3080,fix,48,15,3,1,4.7,1,54.5,43,7,1,2,10,Mer,0
3081,refactor,353,41,8,3,6.8,0,59.1,13,2,1,4,20,Lun,0
3082,fix,112,180,5,1,4.5,1,64.4,35,10,2,4,14,Gio,0
3083,fix,34,37,7,2,3.6,1,62.7,14,5,1,6,9,Lun,0
3084,feature,202,61,4,2,14.3,0,72.7,21,7,2,3,18,Mar,0
3085,feature,5,14,1,2,8.0,1,48.7,29,9,3,4,12,Mer,0
3086,refactor,40,64,3,2,13.4,1,45.0,67,18,1,6,15,Ven,1
3087,feature,10,14,2,1,19.8,1,67.7,22,4,1,2,16,Mer,0
3088,fix,44,75,4,1,7.1,1,77.1,4,2,1,6,10,Lun,0
3089,feature,240,70,5,1,6.7,0,82.7,4,1,3,7,11,Mar,0
3090,fix,110,6,2,1,2.6,1,55.6,31,6,3,3,16,Gio,0
3091,fix,65,337,9,3,8.8,1,79.1,20,2,1,3,21,Mar,0
3092,feature,292,9,5,2,9.3,0,52.0,56,17,1,3,10,Gio,0
3093,feature,47,51,2,1,8.3,1,87.2,3,0,1,1,21,Gio,0
3094,feature,355,80,11,4,10.8,0,54.0,66,17,1,3,12,Lun,0
3095,fix,51,8,3,1,26.3,1,53.3,41,2,1,3,9,Ven,0
3096,feature,17,4,3,1,11.6,0,22.7,7,1,1,2,16,Mer,1
3097,fix,54,126,6,3,12.5,0,67.8,12,0,1,4,15,Lun,0
3098,feature,129,26,3,1,7.4,1,82.5,20,6,1,3,10,Mar,0
3099,fix,19,219,4,2,5.6,0,47.4,58,17,2,5,18,Ven,0
3100,feature,51,15,2,2,10.2,0,74.5,18,4,1,1,13,Lun,0
3101,feature,216,64,6,3,4.3,1,57.9,35,7,1,4,8,Mar,0
3102,feature,66,62,4,1,3.9,0,49.0,19,5,1,4,15,Mar,0
3103,feature,82,40,6,3,6.4,1,51.4,28,8,2,6,16,Lun,0
3104,refactor,53,23,3,1,3.3,1,69.0,8,1,1,4,14,Gio,0
3105,refactor,42,215,4,1,7.4,1,75.2,41,9,1,6,12,Mer,0
3106,refactor,346,11,7,2,6.5,1,39.0,67,18,2,7,16,Gio,0
3107,fix,44,30,2,2,12.7,0,58.7,39,9,0,0,16,Mer,0
3108,feature,126,129,10,3,13.4,1,71.0,32,6,2,1,12,Gio,1
3109,feature,33,108,4,2,7.1,0,23.7,34,5,1,0,17,Lun,0
3110,fix,596,108,14,3,10.1,0,51.1,35,12,1,4,23,Lun,1
3111,refactor,137,13,2,1,6.3,1,59.4,57,18,2,3,19,Mer,0
3112,fix,46,4,2,2,5.2,1,85.2,18,3,2,6,15,Lun,0
3113,fix,29,53,3,1,7.8,0,58.0,16,4,1,4,14,Ven,0
3114,refactor,71,4,4,2,16.0,1,77.8,3,0,0,2,13,Gio,0
3115,fix,203,40,7,2,7.8,0,74.8,28,2,3,3,19,Gio,0
3116,feature,44,51,2,2,8.7,1,75.9,3,1,0,1,9,Mer,0
3117,fix,23,33,2,1,8.1,1,64.6,47,11,0,0,18,Mar,0
3118,feature,96,71,4,2,1.7,0,85.6,12,7,1,5,11,Lun,0
3119,refactor,34,5,5,1,6.0,0,36.9,19,2,1,3,10,Gio,0
3120,feature,757,44,13,4,7.5,1,71.6,14,3,2,5,19,Mar,0
3121,fix,310,109,8,2,6.6,1,53.0,55,14,1,4,13,Lun,0
3122,refactor,208,59,6,3,9.3,0,30.3,12,5,2,3,19,Mer,0
3123,fix,777,22,17,4,8.0,0,64.7,34,10,2,6,9,Lun,0
3124,fix,48,5,2,2,3.3,1,76.2,5,1,1,7,10,Mer,0
3125,feature,35,29,2,1,14.5,1,77.9,32,5,2,4,19,Mar,0
3126,refactor,21,67,2,1,2.1,0,34.0,13,3,1,1,13,Ven,0
3127,feature,20,7,1,2,3.0,1,91.3,36,12,2,4,16,Mar,0
3128,feature,266,126,8,3,4.0,0,65.3,50,9,2,5,14,Gio,0
3129,fix,112,482,12,4,2.9,0,74.7,77,16,2,3,9,Mer,0
3130,refactor,241,20,4,1,16.5,1,72.7,57,15,1,5,11,Mar,0
3131,fix,554,11,10,3,2.1,1,64.4,16,4,2,6,8,Ven,0
3132,fix,14,23,2,2,9.6,0,79.5,24,9,3,1,10,Ven,0
3133,fix,43,10,3,1,3.0,1,35.0,11,3,1,0,15,Lun,0
3134,feature,205,96,5,1,3.7,1,77.7,36,11,1,4,9,Gio,0
3135,refactor,242,15,5,2,16.2,0,59.3,58,16,2,3,12,Lun,0
3136,feature,25,77,3,1,4.4,1,36.8,5,2,3,5,17,Mar,0
3137,refactor,103,61,3,2,6.5,0,64.6,33,8,3,5,16,Mer,0
3138,feature,267,233,10,2,8.0,0,66.4,22,2,1,5,14,Lun,0
3139,feature,51,5,3,2,5.7,1,52.8,40,14,1,4,22,Mar,0
3140,feature,43,93,4,2,5.3,0,58.3,8,2,1,3,18,Lun,0
3141,fix,56,99,4,2,13.4,0,66.5,86,15,1,5,3,Mar,0
3142,fix,64,34,2,2,7.4,0,87.3,68,17,1,6,19,Mar,0
3143,fix,130,148,6,3,11.7,1,64.9,19,4,2,5,11,Ven,0
3144,refactor,107,28,4,2,7.4,0,42.6,26,3,3,4,14,Mer,0
3145,fix,79,14,3,1,7.7,1,57.9,35,12,1,2,11,Mar,0
3146,feature,77,36,2,1,8.8,0,71.0,38,10,1,9,8,Gio,0
3147,feature,320,31,7,2,5.2,1,83.3,5,1,1,3,11,Mer,1
3148,feature,68,128,3,1,6.1,0,60.8,28,5,1,1,3,Mar,0
3149,feature,29,62,3,1,9.1,0,48.0,35,11,2,3,12,Mar,0
3150,feature,280,9,6,3,7.6,1,75.4,78,16,2,4,7,Ven,0
3151,fix,39,564,12,3,5.8,1,57.4,33,7,3,3,7,Ven,0
3152,feature,137,164,6,2,16.6,1,63.5,16,6,1,6,10,Lun,0
3153,fix,11,7,1,2,3.9,1,62.3,27,9,1,4,9,Gio,0
3154,fix,28,16,3,1,6.1,1,48.2,9,3,2,3,23,Lun,0
3155,refactor,41,10,3,2,3.1,0,66.0,12,2,1,0,12,Gio,0
3156,feature,318,4,5,1,2.8,0,81.7,55,12,1,4,11,Ven,1
3157,feature,42,126,4,2,8.0,0,49.9,39,9,1,6,11,Lun,0
3158,feature,262,19,7,2,5.1,0,67.6,31,8,2,4,17,Mar,0
3159,feature,99,5,7,2,4.9,1,80.5,57,16,1,3,10,Ven,0
3160,fix,117,18,4,2,8.3,1,77.6,45,17,1,5,16,Lun,0
3161,feature,145,7,4,1,5.7,1,52.6,51,15,1,1,16,Mer,1
3162,feature,99,15,3,2,8.4,1,57.6,33,4,1,6,19,Lun,0
3163,feature,51,21,3,1,15.1,1,46.3,8,3,2,5,17,Ven,0
3164,feature,41,32,2,2,1.7,1,74.1,36,9,2,2,11,Mar,0
3165,feature,99,47,6,3,7.8,1,74.3,13,3,2,4,8,Ven,0
3166,fix,247,97,6,3,3.6,0,60.3,12,4,2,1,15,Mer,1
3167,feature,20,24,2,2,14.7,1,53.8,11,6,3,3,11,Lun,0
3168,fix,258,53,7,2,8.5,0,20.3,30,2,1,7,19,Mer,0
3169,feature,88,53,2,1,8.2,1,86.4,59,16,1,2,9,Gio,0
3170,feature,65,14,3,2,17.4,0,67.6,34,14,1,4,12,Mar,1
3171,fix,42,69,3,1,12.5,0,82.0,102,25,3,2,7,Mer,0
3172,fix,53,10,3,2,8.6,1,33.9,25,5,1,3,16,Gio,0
3173,refactor,53,180,9,2,9.5,1,42.0,15,5,1,3,11,Gio,0
3174,feature,39,46,2,2,11.5,0,64.6,12,5,1,4,22,Mar,0
3175,refactor,25,24,4,1,15.9,1,78.6,10,1,2,6,10,Mer,0
3176,fix,408,136,10,3,7.1,1,87.1,52,14,2,2,8,Mer,0
3177,fix,112,29,5,1,6.0,1,80.4,6,0,3,4,18,Ven,0
3178,feature,1,7,2,1,7.9,0,84.6,37,9,1,1,15,Lun,0
3179,fix,100,46,3,2,6.0,1,50.6,10,2,1,8,11,Lun,0
3180,refactor,47,21,2,1,4.8,0,38.2,15,4,1,2,9,Mer,0
3181,refactor,138,98,8,3,19.0,1,66.2,53,12,2,3,13,Mar,0
3182,refactor,72,104,5,2,7.5,1,86.4,24,5,2,3,15,Lun,0
3183,feature,31,100,4,2,10.0,1,48.3,76,23,1,3,11,Ven,0
3184,fix,28,10,2,2,11.7,1,96.3,12,2,3,3,12,Mar,0
3185,feature,72,9,3,2,12.2,0,47.5,26,4,1,5,9,Mer,0
3186,feature,677,15,15,3,26.9,1,49.0,26,5,1,3,12,Gio,0
3187,refactor,23,80,5,2,7.0,0,65.9,30,7,1,3,16,Ven,0
3188,feature,161,16,6,2,14.6,1,64.1,20,6,1,8,17,Mar,0
3189,fix,408,7,9,2,6.2,1,16.0,25,4,1,1,19,Lun,0
3190,feature,94,35,5,1,8.1,0,66.2,42,12,3,2,16,Mer,0
3191,refactor,560,69,12,4,12.6,1,72.2,25,6,0,0,13,Lun,0
3192,fix,114,9,3,1,22.0,1,63.5,45,22,3,3,11,Ven,0
3193,feature,35,48,2,2,5.7,1,83.1,35,11,1,4,15,Ven,0
3194,fix,15,27,2,1,7.0,1,42.5,17,3,3,3,14,Mar,0
3195,feature,128,34,3,1,11.5,0,83.9,12,3,2,3,12,Lun,0
3196,fix,37,63,3,2,9.9,0,70.9,30,12,1,5,13,Mer,0
3197,feature,64,11,2,2,5.3,0,55.8,24,5,1,2,19,Lun,0
3198,feature,50,44,2,2,5.8,0,48.3,13,0,2,5,16,Mer,0
3199,feature,77,167,5,2,1.5,1,58.7,49,18,0,1,18,Lun,0
3200,refactor,29,12,3,1,3.5,1,38.8,15,4,2,5,14,Ven,0
3201,feature,183,13,6,2,19.8,0,77.5,5,2,1,6,10,Mar,0
3202,refactor,14,24,3,1,11.2,0,50.6,38,7,3,2,2,Mer,0
3203,fix,17,12,1,2,6.4,1,68.9,22,3,1,3,18,Mar,0
3204,fix,241,10,7,2,22.6,1,77.6,54,18,1,9,15,Gio,0
3205,refactor,26,6,4,1,8.9,1,68.3,21,7,1,4,12,Lun,0
3206,feature,646,88,14,3,3.1,1,85.4,15,3,0,1,12,Ven,0
3207,fix,100,28,2,1,4.2,0,53.0,62,18,2,6,9,Gio,0
3208,feature,97,32,3,1,4.4,1,62.8,150,44,0,0,9,Mer,0
3209,refactor,174,70,9,2,18.8,1,45.6,36,13,2,4,15,Mar,0
3210,fix,389,35,9,3,21.3,0,88.3,8,0,1,3,13,Gio,1
3211,feature,1060,65,20,5,3.4,1,56.5,30,8,1,6,10,Gio,0
3212,refactor,182,197,9,2,20.5,1,66.0,49,7,0,0,23,Ven,0
3213,feature,69,13,2,1,7.9,0,55.7,11,5,1,7,15,Mar,0
3214,fix,12,72,3,2,15.6,1,37.4,21,4,2,1,12,Mar,1
3215,refactor,1692,23,31,7,11.1,0,48.0,25,4,2,4,16,Mar,1
3216,refactor,190,11,4,2,13.0,0,76.0,49,7,1,4,14,Mer,0
3217,feature,132,23,7,3,6.2,0,56.0,22,3,1,4,18,Ven,0
3218,feature,27,58,4,2,9.1,0,73.2,13,2,1,5,10,Ven,0
3219,feature,52,152,3,2,9.0,1,67.4,8,0,1,6,11,Mer,0
3220,feature,47,33,2,1,7.5,1,57.3,101,26,2,4,9,Ven,0
3221,feature,64,5,2,2,6.0,1,69.4,10,3,1,1,18,Lun,0
3222,feature,11,14,1,1,7.2,0,74.9,44,4,2,4,11,Gio,0
3223,fix,143,78,6,2,8.2,1,59.7,27,5,2,7,10,Mar,0
3224,fix,56,176,9,3,3.3,0,61.7,41,10,3,6,16,Ven,0
3225,feature,15,40,1,1,12.0,0,65.7,7,0,1,4,10,Mer,0
3226,feature,90,54,3,1,5.2,1,73.4,55,15,2,9,15,Mer,0
3227,fix,36,599,11,3,25.0,1,52.5,22,7,1,8,22,Mar,0
3228,fix,228,10,7,3,7.5,0,85.9,3,1,1,4,16,Mer,0
3229,feature,63,66,3,2,4.7,0,42.2,37,10,2,5,23,Mar,0
3230,feature,22,14,3,2,11.5,1,76.5,15,2,1,4,13,Lun,0
3231,feature,10,15,2,1,9.1,0,77.5,31,9,1,6,12,Gio,0
3232,feature,72,16,2,1,7.6,1,57.7,114,29,1,3,14,Mar,0
3233,feature,39,30,2,2,3.9,0,96.2,24,6,3,1,21,Gio,0
3234,feature,30,13,1,1,6.7,1,54.2,10,2,2,4,10,Mer,0
3235,feature,32,16,2,2,9.3,0,59.0,11,1,2,3,8,Lun,0
3236,feature,231,12,4,1,11.3,1,55.4,18,4,2,6,10,Lun,0
3237,feature,285,642,19,4,3.6,1,24.1,19,6,1,2,19,Lun,0
3238,feature,9,118,3,1,6.7,1,72.1,28,7,1,3,18,Gio,0
3239,feature,86,114,5,2,8.6,1,69.3,37,12,1,4,12,Mar,0
3240,fix,74,61,3,2,8.2,1,50.3,8,3,1,7,16,Mar,0
3241,feature,29,56,3,2,20.5,0,70.9,26,8,1,5,16,Lun,0
3242,fix,142,118,4,1,4.3,1,83.0,59,15,1,3,16,Mar,0
3243,feature,86,121,6,3,9.1,1,93.9,57,24,1,3,15,Mer,0
3244,feature,164,11,3,2,13.6,1,68.3,30,8,1,2,12,Mar,0
3245,fix,85,9,2,2,5.8,0,85.5,22,8,1,3,12,Gio,0
3246,feature,111,104,8,2,7.1,1,84.2,51,16,2,3,20,Mer,0
3247,fix,491,35,13,4,2.5,0,66.7,10,3,1,4,20,Lun,1
3248,feature,280,40,6,3,6.4,1,50.5,28,10,2,1,12,Ven,0
3249,feature,106,73,5,2,10.3,1,42.6,16,5,3,3,12,Gio,0
3250,feature,150,84,5,2,17.8,0,62.9,48,12,1,4,16,Ven,0
3251,refactor,1035,4,19,5,21.7,0,50.7,11,6,2,5,16,Lun,1
3252,feature,204,210,9,3,4.9,1,89.2,17,5,1,6,12,Ven,0
3253,refactor,14,9,3,1,2.4,0,57.5,10,1,1,2,16,Lun,0
3254,refactor,8,14,1,1,10.3,0,67.1,43,9,1,2,10,Ven,0
3255,fix,83,5,2,1,7.4,1,81.2,26,3,2,4,14,Gio,0
3256,feature,27,21,2,2,10.4,1,45.4,26,4,3,3,18,Lun,1
3257,feature,73,8,2,2,3.7,0,56.9,35,9,2,3,18,Gio,0
3258,refactor,81,33,5,2,13.0,0,87.0,83,19,2,5,19,Mar,0
3259,feature,1219,66,24,5,14.0,0,40.0,26,6,1,8,15,Lun,1
3260,fix,42,47,1,2,1.9,1,89.8,46,7,1,2,17,Mer,0
3261,feature,496,51,10,3,11.7,1,66.4,32,9,1,4,10,Ven,0
3262,feature,152,34,4,2,2.5,0,74.1,61,10,2,2,15,Ven,0
3263,refactor,16,189,6,3,6.2,0,73.6,67,12,1,5,11,Mer,0
3264,feature,52,40,5,1,4.0,0,35.2,8,0,2,4,16,Mer,0
3265,feature,336,24,8,2,2.7,1,70.9,8,1,2,3,11,Mar,0
3266,fix,197,15,4,2,11.8,1,58.7,30,4,1,2,14,Gio,0
3267,fix,66,100,4,2,8.0,0,54.7,147,37,1,0,16,Mer,0
3268,feature,35,115,2,1,8.2,0,47.7,42,6,0,0,9,Lun,0
3269,feature,87,24,4,2,6.5,0,81.0,3,1,1,3,14,Ven,0
3270,feature,51,15,1,2,10.6,0,65.9,31,7,1,5,15,Ven,0
3271,refactor,63,143,3,1,12.5,1,59.8,9,2,2,3,7,Mar,0
3272,refactor,9,25,3,1,12.4,0,72.4,57,10,3,3,21,Ven,0
3273,feature,493,5,9,3,15.8,0,57.9,29,8,1,3,9,Gio,1
3274,feature,108,32,3,1,2.1,1,69.7,30,6,1,3,10,Gio,0
3275,feature,16,17,3,1,3.8,0,49.6,33,8,3,4,10,Mer,0
3276,feature,562,34,13,3,6.2,1,50.1,5,1,2,4,14,Mer,0
3277,feature,12,677,13,4,13.6,0,58.4,11,3,2,7,18,Mar,1
3278,feature,96,57,3,1,14.6,0,54.8,18,2,2,3,17,Lun,0
3279,fix,47,13,2,2,5.8,1,53.9,21,2,2,3,9,Ven,0
3280,refactor,37,18,2,2,8.8,1,24.9,35,8,2,3,13,Gio,0
3281,feature,111,3,4,2,14.4,0,56.4,48,7,1,1,10,Ven,0
3282,feature,85,43,2,1,9.6,0,73.1,9,3,3,3,10,Mar,0
3283,refactor,83,89,5,1,2.9,1,33.6,5,1,1,5,10,Mar,0
3284,feature,348,11,6,3,15.1,1,26.3,28,4,1,3,18,Mer,0
3285,fix,74,44,2,1,2.5,1,61.7,3,0,1,3,10,Ven,0
3286,feature,94,25,4,1,4.8,1,79.8,3,2,0,1,19,Mar,0
3287,refactor,44,123,4,1,14.2,1,80.8,37,10,2,3,17,Ven,0
3288,feature,87,19,3,2,5.5,1,43.5,49,14,2,3,15,Mar,0
3289,feature,86,1,2,2,15.1,1,36.8,26,3,1,2,10,Lun,0
3290,feature,231,10,6,2,8.1,1,81.1,34,13,1,7,14,Lun,0
3291,fix,104,541,13,3,4.1,0,79.9,41,17,1,7,16,Mer,1
3292,refactor,14,7,2,1,9.3,1,55.2,32,6,1,6,14,Gio,0
3293,refactor,129,2,2,1,10.7,0,67.7,11,1,1,3,16,Gio,0
3294,feature,50,15,1,2,8.2,1,56.2,8,2,3,5,12,Gio,0
3295,fix,378,12,8,2,7.7,1,51.6,5,1,1,4,17,Gio,0
3296,feature,179,19,7,3,3.4,1,94.2,34,6,0,1,21,Ven,0
3297,refactor,148,37,4,1,5.8,0,59.6,9,0,1,4,8,Lun,0
3298,fix,157,36,4,1,1.5,0,62.7,36,13,1,7,12,Ven,0
3299,feature,86,50,4,2,8.8,1,79.0,32,6,1,8,19,Lun,0
3300,fix,184,101,6,2,10.6,1,69.4,14,3,1,4,11,Mar,0
3301,refactor,45,8,3,1,9.5,0,55.3,58,18,1,7,17,Gio,0
3302,refactor,140,24,4,1,13.5,1,75.0,93,22,1,7,16,Ven,0
3303,refactor,464,40,11,3,3.1,0,73.6,26,10,0,1,8,Lun,0
3304,feature,851,22,18,5,8.6,0,58.8,39,12,2,9,15,Mar,0
3305,feature,53,13,1,1,16.4,0,82.6,18,4,2,3,12,Lun,0
3306,feature,48,4,1,2,7.4,0,44.1,43,9,2,5,15,Mar,0
3307,refactor,91,166,7,3,6.2,1,62.8,29,10,1,2,12,Gio,0
3308,feature,138,168,6,3,7.5,0,83.2,54,17,1,2,11,Gio,0
3309,feature,16,33,4,1,8.5,1,43.6,15,5,2,6,9,Ven,0
3310,feature,91,37,4,1,18.3,0,74.4,3,2,2,3,15,Mer,0
3311,fix,46,11,4,1,15.5,1,85.6,57,13,1,4,14,Lun,0
3312,refactor,14,132,3,2,11.8,1,34.6,7,0,1,2,17,Gio,1
3313,feature,30,74,3,2,16.0,1,84.0,3,0,1,4,16,Mar,0
3314,fix,190,238,7,2,3.5,1,79.0,8,1,1,2,14,Mer,0
3315,feature,97,33,3,2,21.7,0,91.2,31,9,1,5,10,Mar,0
3316,feature,66,20,2,1,7.2,0,64.5,21,5,1,2,18,Ven,0
3317,fix,562,12,13,4,6.9,0,60.3,15,3,1,5,10,Mer,0
3318,fix,9,85,5,2,15.7,0,33.3,51,14,2,1,7,Gio,0
3319,feature,139,17,3,1,14.6,0,78.5,51,17,2,3,17,Lun,0
3320,refactor,223,23,7,3,12.1,0,38.8,37,7,2,4,15,Gio,0
3321,fix,28,50,4,1,6.4,1,35.9,40,13,3,2,16,Mer,0
3322,feature,351,32,6,2,21.1,0,70.0,57,9,2,5,12,Mer,0
3323,refactor,297,14,6,3,8.0,0,57.1,55,10,2,3,9,Ven,0
3324,feature,66,27,4,1,4.3,1,50.3,122,26,1,0,18,Mer,0
3325,fix,28,74,3,2,8.5,0,55.6,4,2,1,3,8,Lun,0
3326,feature,280,13,7,2,13.5,0,58.0,34,8,1,4,10,Gio,0
3327,refactor,230,303,10,2,5.7,0,66.7,11,2,1,3,12,Mer,0
3328,feature,110,7,6,2,14.4,1,79.8,53,6,2,6,15,Gio,0
3329,feature,104,87,6,2,9.4,1,62.5,33,4,2,6,17,Ven,0
3330,fix,36,9,2,2,4.5,1,59.9,30,4,0,1,19,Gio,0
3331,feature,132,1,3,2,3.1,1,73.0,3,0,2,2,18,Lun,0
3332,fix,34,53,2,2,19.8,0,78.0,23,6,1,3,8,Gio,0
3333,feature,59,65,2,2,8.3,0,59.7,7,2,1,3,11,Ven,0
3334,refactor,14,11,1,2,11.2,1,80.4,32,7,1,3,18,Mer,0
3335,fix,35,33,3,1,7.5,1,62.6,61,20,1,2,15,Lun,0
3336,feature,39,24,4,2,11.3,1,39.3,19,1,1,3,19,Gio,0
3337,refactor,199,17,5,1,7.0,1,63.2,30,6,2,5,13,Ven,0
3338,feature,122,10,4,2,12.2,0,76.0,19,6,2,3,13,Mer,0
3339,feature,107,21,3,1,3.6,0,79.1,6,1,2,4,15,Gio,0
3340,refactor,510,26,10,3,4.3,0,23.1,39,13,1,4,8,Mer,0
3341,feature,68,227,5,1,9.2,1,67.8,46,12,2,1,14,Ven,0
3342,fix,34,3,1,2,15.1,1,63.1,31,7,1,5,15,Mar,0
3343,feature,93,12,2,2,11.0,0,52.3,29,7,1,4,12,Gio,0
3344,refactor,66,85,5,1,17.6,0,68.7,16,6,1,3,16,Gio,0
3345,refactor,22,64,3,1,5.9,1,53.6,5,1,3,3,16,Lun,0
3346,feature,52,18,3,1,3.6,1,34.4,3,1,1,1,10,Mer,0
3347,refactor,399,29,10,3,6.6,1,82.6,6,2,2,6,14,Lun,0
3348,refactor,32,10,1,2,1.5,1,57.6,14,1,3,2,19,Gio,0
3349,feature,68,22,3,1,12.8,0,46.2,22,7,2,6,8,Lun,1
3350,fix,101,92,4,1,7.2,1,48.3,57,16,2,4,13,Ven,0
3351,refactor,76,11,2,1,18.5,1,79.3,54,15,1,3,17,Mar,0
3352,refactor,74,3,5,1,12.0,0,81.7,21,9,1,5,10,Ven,0
3353,feature,68,93,3,1,18.6,0,48.6,26,4,2,5,11,Gio,0
3354,refactor,136,25,4,1,8.3,1,48.1,18,3,1,2,9,Ven,0
3355,feature,137,10,5,1,11.6,0,40.3,11,4,1,6,14,Mar,1
3356,fix,126,12,4,2,12.3,1,53.5,8,4,2,3,11,Gio,0
3357,feature,256,38,5,1,6.5,1,87.3,32,5,1,7,19,Ven,0
3358,fix,27,21,2,1,5.9,0,75.9,13,1,1,7,9,Mer,0
3359,feature,144,31,5,2,7.2,0,65.6,33,6,2,1,9,Mar,0
3360,refactor,216,9,4,1,5.3,1,76.7,70,18,2,6,10,Mer,0
3361,fix,101,22,2,2,12.8,1,47.8,28,6,1,4,11,Mar,0
3362,feature,25,32,5,1,5.3,1,57.9,26,12,1,0,11,Mer,0
3363,fix,124,39,5,2,3.4,1,58.2,64,24,0,1,10,Gio,0
3364,feature,288,122,10,3,33.0,1,58.8,22,9,3,7,11,Gio,0
3365,refactor,171,14,5,1,10.7,1,76.2,44,10,1,4,16,Mar,0
3366,feature,35,6,2,1,3.8,0,51.8,35,1,1,1,14,Mer,0
3367,feature,43,79,2,1,10.3,0,29.0,10,3,1,6,17,Ven,1
3368,refactor,149,12,5,1,17.3,0,90.9,36,8,1,1,9,Mer,0
3369,refactor,103,37,3,2,7.3,0,76.5,10,4,1,4,15,Ven,0
3370,feature,33,5,3,2,4.7,1,17.4,50,10,2,2,13,Gio,0
3371,feature,21,10,2,1,6.9,1,38.5,29,3,2,3,15,Gio,0
3372,feature,8,68,4,2,4.3,1,30.3,11,1,1,3,11,Mar,0
3373,feature,162,48,5,1,3.0,1,65.7,13,4,3,1,15,Mar,0
3374,feature,49,227,5,2,4.4,1,41.1,55,10,2,3,18,Lun,0
3375,fix,150,17,5,1,8.7,1,77.7,16,6,0,0,14,Lun,0
3376,feature,51,558,14,4,4.6,1,83.7,10,1,1,2,14,Mer,1
3377,fix,110,131,5,1,7.6,1,45.9,43,11,3,4,9,Mer,0
3378,fix,137,52,4,2,7.8,0,81.6,16,4,3,3,20,Mar,0
3379,refactor,112,23,2,2,1.7,1,62.8,150,37,1,3,15,Gio,0
3380,refactor,22,38,2,2,4.4,1,46.6,40,8,1,5,19,Mar,0
3381,feature,95,6,4,1,5.9,1,72.9,50,13,1,4,9,Mer,0
3382,feature,242,6,6,2,25.8,0,42.1,42,14,1,7,15,Mer,0
3383,feature,424,103,11,3,7.5,1,79.4,61,14,0,0,7,Lun,0
3384,feature,15,142,6,3,16.2,1,69.4,32,11,1,3,17,Ven,0
3385,fix,501,5,10,3,18.3,1,69.4,30,4,1,5,15,Gio,0
3386,fix,531,5,13,3,15.0,0,44.5,44,11,1,4,16,Lun,1
3387,feature,14,105,6,2,10.8,1,46.3,26,3,1,0,10,Lun,0
3388,fix,27,40,3,2,3.0,0,64.4,44,10,2,5,9,Mer,0
3389,feature,82,14,2,2,2.7,0,78.6,48,11,0,1,11,Gio,0
3390,fix,34,14,4,2,3.6,0,69.1,13,2,2,4,15,Gio,0
3391,feature,24,24,2,2,10.0,1,94.1,11,4,0,1,13,Gio,0
3392,feature,160,126,6,2,9.8,1,64.8,9,1,0,0,10,Ven,0
3393,feature,60,6,3,1,15.7,1,91.6,20,4,1,3,16,Gio,0
3394,fix,1047,28,19,5,8.5,1,38.7,54,14,1,5,20,Gio,0
3395,feature,29,21,2,2,6.8,1,83.0,30,8,2,2,16,Ven,0
3396,refactor,548,8,10,3,9.9,0,45.5,4,5,2,8,12,Gio,1
3397,refactor,77,51,4,2,12.9,1,89.2,13,2,1,3,11,Lun,0
3398,refactor,42,29,2,1,11.1,0,81.5,14,1,1,2,9,Mer,0
3399,feature,8,19,1,2,6.9,0,91.1,68,16,1,2,13,Lun,1
3400,feature,77,80,7,3,16.6,1,72.4,18,6,2,1,11,Gio,0
3401,feature,34,65,4,2,10.1,0,58.2,18,2,1,0,11,Mer,0
3402,feature,19,582,10,3,12.0,1,36.0,64,9,1,4,10,Lun,1
3403,refactor,117,7,3,2,8.3,1,92.6,13,1,1,9,16,Mar,0
3404,feature,9,39,3,2,15.4,1,60.3,18,4,3,3,17,Gio,0
3405,feature,247,100,8,3,8.0,0,40.0,15,7,1,4,19,Ven,1
3406,fix,37,22,1,1,3.8,0,43.9,24,9,3,3,16,Mer,0
3407,feature,883,33,17,4,17.5,0,52.4,7,0,1,4,17,Lun,1
3408,feature,135,9,5,2,2.2,1,31.4,43,13,1,1,13,Lun,0
3409,feature,9,29,2,1,9.8,1,71.1,13,2,2,7,20,Mar,0
3410,feature,40,49,4,1,7.9,1,50.7,52,13,1,0,7,Mer,0
3411,refactor,79,9,2,1,17.8,1,62.4,6,2,2,11,10,Lun,0
3412,refactor,229,11,4,1,7.3,0,45.4,26,10,1,4,17,Lun,0
3413,feature,524,45,9,3,4.2,0,59.2,9,2,2,4,14,Ven,0
3414,feature,68,29,4,2,6.9,0,41.3,70,17,1,4,15,Lun,0
3415,fix,85,98,5,2,9.4,1,68.0,24,10,2,4,18,Lun,0
3416,fix,67,68,3,2,13.3,1,43.0,19,7,2,3,10,Gio,0
3417,refactor,144,4,4,2,10.5,1,57.4,11,1,2,5,18,Gio,0
3418,fix,44,10,3,1,19.1,0,56.8,30,4,3,2,13,Mar,0
3419,feature,20,26,3,2,11.8,0,53.0,9,2,3,2,14,Gio,0
3420,feature,74,45,3,2,8.2,0,34.8,37,9,2,5,13,Lun,0
3421,refactor,67,56,4,2,10.4,1,72.2,54,19,2,3,10,Mar,0
3422,fix,232,8,7,2,6.3,0,55.5,4,1,2,3,14,Lun,0
3423,feature,47,9,2,2,12.2,0,66.9,59,20,2,4,18,Gio,0
3424,feature,17,3,3,1,9.8,0,71.6,10,2,1,0,18,Lun,0
3425,refactor,111,3,2,1,9.3,0,86.8,7,3,2,2,14,Mer,0
3426,feature,60,10,2,1,9.7,0,56.5,4,1,1,4,17,Lun,0
3427,feature,263,22,5,2,10.1,0,84.8,10,2,1,3,11,Mer,0
3428,feature,434,44,11,4,8.9,0,83.6,15,2,1,2,10,Lun,1
3429,feature,55,13,2,2,3.7,0,76.0,30,9,1,4,12,Mer,0
3430,refactor,158,90,8,2,4.6,1,83.8,24,7,2,4,14,Ven,0
3431,refactor,19,5,2,1,10.4,0,73.1,12,2,1,1,17,Ven,1
3432,fix,158,57,5,2,7.1,0,71.3,42,10,3,5,8,Gio,0
3433,refactor,542,177,14,3,3.5,0,78.0,45,14,1,9,16,Mar,0
3434,refactor,530,104,12,4,4.4,0,74.0,63,12,1,2,1,Mer,0
3435,feature,129,63,5,1,8.0,1,68.7,46,15,1,7,10,Lun,0
3436,fix,65,15,1,1,12.7,0,63.8,2,1,1,2,17,Gio,0
3437,fix,95,77,3,2,15.8,0,48.1,22,8,2,5,0,Mer,1
3438,fix,15,7,2,2,10.8,1,61.4,10,6,1,4,12,Lun,0
3439,feature,62,13,2,2,6.4,1,70.2,11,8,2,2,15,Ven,0
3440,feature,21,19,1,2,5.3,1,51.4,48,8,1,2,5,Lun,0
3441,feature,911,11,15,3,7.7,0,47.8,81,19,1,1,16,Gio,0
3442,feature,169,27,3,1,9.2,1,53.5,5,2,3,4,10,Mar,0
3443,fix,945,106,20,5,3.6,1,60.7,31,6,2,4,11,Mar,0
3444,fix,43,18,2,1,6.9,1,59.4,7,4,1,2,17,Mar,0
3445,fix,463,18,8,3,11.6,0,58.1,32,16,1,5,11,Mer,0
3446,refactor,18,89,4,1,12.7,0,55.9,38,9,1,3,11,Gio,0
3447,feature,27,179,3,2,11.6,1,31.6,14,2,2,1,10,Mar,1
3448,refactor,258,44,6,2,10.4,0,58.3,16,4,2,4,4,Mar,0
3449,fix,179,90,4,2,7.0,1,35.2,60,13,1,5,10,Lun,0
3450,feature,25,553,10,2,14.1,1,67.9,57,21,2,6,17,Ven,0
3451,fix,37,17,1,2,10.4,1,55.6,19,4,1,2,15,Ven,0
3452,fix,83,35,2,1,6.3,0,79.7,13,3,2,4,16,Mar,0
3453,fix,511,194,13,4,8.8,0,72.7,27,5,3,3,11,Mar,0
3454,feature,135,267,8,2,7.7,0,71.7,82,24,3,6,21,Mer,1
3455,fix,457,22,10,2,12.0,1,40.3,35,19,3,5,12,Mar,0
3456,feature,41,282,7,2,6.5,0,45.1,36,2,1,4,16,Gio,1
3457,feature,89,43,4,1,10.2,0,63.7,15,1,1,3,15,Mer,0
3458,feature,303,63,8,3,2.8,0,69.3,35,8,1,7,10,Mer,1
3459,fix,114,30,4,2,19.5,0,68.8,35,7,1,6,17,Mer,0
3460,feature,22,184,4,1,12.5,1,77.2,19,4,1,6,10,Lun,0
3461,fix,69,323,8,2,9.6,0,80.2,15,4,1,4,11,Ven,1
3462,feature,81,44,5,2,8.8,0,78.5,17,1,1,4,15,Mer,0
3463,refactor,30,1,4,1,3.0,1,58.0,68,21,1,2,15,Mer,0
3464,feature,302,12,7,3,13.0,1,52.9,43,9,2,2,18,Mer,0
3465,feature,39,24,2,1,11.5,0,73.6,36,5,1,3,17,Mar,0
3466,fix,273,17,7,2,10.9,1,42.0,14,9,2,2,16,Mar,0
3467,feature,8,310,6,2,31.5,1,86.2,21,4,2,3,3,Gio,0
3468,fix,161,504,13,3,15.5,0,39.0,72,22,1,5,10,Mer,1
3469,refactor,53,7,1,1,9.4,0,68.3,19,4,1,1,18,Gio,0
3470,feature,48,7,2,1,2.5,1,56.9,7,3,1,5,15,Lun,0
3471,feature,96,23,2,1,8.4,0,68.3,68,19,2,4,15,Mer,0
3472,fix,247,23,4,1,14.8,1,77.1,38,14,2,3,8,Mer,0
3473,feature,97,3,4,1,7.8,1,35.8,32,11,1,2,16,Ven,0
3474,feature,167,49,6,2,5.3,0,45.8,45,11,2,6,13,Mar,0
3475,feature,58,18,1,2,9.4,0,48.4,16,3,2,2,11,Mer,1
3476,feature,288,62,6,3,10.5,1,36.3,21,6,1,5,10,Lun,1
3477,refactor,12,25,4,1,11.3,1,69.5,51,10,1,6,10,Gio,0
3478,fix,27,23,4,2,9.9,1,48.7,43,10,3,5,17,Gio,0
3479,feature,1423,5,25,6,20.9,1,38.5,37,10,3,1,9,Mar,0
3480,fix,127,23,3,2,8.6,1,62.0,31,7,1,4,16,Lun,0
3481,refactor,37,74,3,1,2.1,1,58.2,10,4,0,0,11,Mar,1
3482,fix,639,53,12,4,3.5,0,69.1,29,9,0,0,10,Lun,1
3483,fix,13,35,2,1,18.9,1,83.4,16,6,1,3,15,Lun,0
3484,refactor,278,110,7,3,24.0,0,63.9,30,10,3,6,16,Lun,0
3485,fix,81,294,7,2,2.4,0,62.9,25,10,2,2,20,Lun,1
3486,feature,58,137,4,1,8.8,0,74.8,56,12,1,6,10,Mer,0
3487,feature,10,525,12,4,8.3,1,45.4,36,12,1,3,16,Ven,0
3488,feature,87,24,3,1,3.4,1,84.0,5,1,2,3,9,Gio,0
3489,fix,38,30,5,1,6.7,0,65.8,38,16,2,1,14,Lun,0
3490,feature,105,30,4,1,2.2,0,66.6,15,4,3,8,11,Mar,0
3491,fix,45,3,3,2,11.6,1,66.6,40,5,2,2,9,Gio,0
3492,feature,90,57,2,2,4.1,1,70.3,38,13,3,3,8,Gio,0
3493,refactor,142,29,5,1,4.8,0,80.3,7,2,3,5,10,Lun,0
3494,refactor,41,44,2,1,3.9,1,38.5,46,9,1,5,12,Mer,0
3495,fix,29,198,5,2,15.3,0,89.5,10,5,2,3,16,Lun,0
3496,fix,54,9,2,1,11.4,1,77.9,28,4,1,3,10,Mer,0
3497,refactor,30,75,2,1,9.7,1,80.6,35,7,3,0,10,Gio,0
3498,feature,27,15,5,2,2.7,1,57.8,52,12,3,5,13,Lun,0
3499,feature,130,13,4,1,6.8,1,48.3,7,1,2,4,8,Mer,0
3500,feature,15,50,2,2,9.3,1,88.9,22,5,3,0,18,Mar,0
3501,feature,169,7,3,1,4.0,0,64.5,10,7,1,4,15,Lun,0
3502,feature,70,12,2,2,5.2,1,54.3,38,8,1,12,8,Gio,0
3503,feature,136,156,6,2,4.2,1,49.6,57,14,0,0,12,Mar,0
3504,fix,330,247,11,3,10.8,0,81.0,19,2,1,12,14,Mer,0
3505,feature,4,136,4,2,11.3,0,34.0,118,24,1,5,20,Gio,1
3506,feature,70,43,5,2,12.5,0,45.0,16,4,1,9,11,Lun,1
3507,fix,166,12,4,1,3.0,0,25.9,27,12,3,2,18,Lun,0
3508,refactor,18,3,3,2,6.8,1,56.9,130,30,1,2,18,Lun,0
3509,feature,105,114,5,1,9.5,1,78.1,15,2,0,1,11,Mer,0
3510,fix,171,11,5,2,4.5,1,51.8,23,9,1,4,12,Mar,0
3511,feature,10,12,3,2,5.8,1,79.2,6,3,1,3,10,Lun,0
3512,fix,49,5,1,2,1.1,0,82.1,5,0,1,0,9,Lun,0
3513,fix,37,17,4,2,10.6,0,65.2,71,18,2,3,18,Lun,0
3514,feature,184,521,12,4,5.6,1,87.4,12,0,1,5,16,Mar,0
3515,refactor,221,5,5,2,1.3,0,43.4,41,10,1,1,11,Lun,0
3516,refactor,10,14,1,1,4.2,0,72.3,52,9,1,1,16,Gio,0
3517,feature,80,66,3,1,11.8,1,61.7,21,4,1,2,15,Lun,0
3518,fix,160,36,4,1,6.4,1,53.1,46,9,2,6,18,Ven,0
3519,fix,55,2,3,2,15.0,1,80.4,36,8,2,2,14,Gio,0
3520,refactor,30,10,3,1,11.4,0,57.1,75,20,1,4,17,Ven,0
3521,feature,86,96,4,1,7.6,1,62.5,11,2,1,3,10,Mer,0
3522,feature,82,121,4,2,11.8,0,46.7,19,9,2,4,9,Mer,0
3523,refactor,62,10,2,1,1.0,1,75.9,70,17,2,3,17,Mer,0
3524,feature,75,98,3,2,18.4,0,46.3,36,12,2,6,17,Mer,0
3525,feature,70,20,3,1,8.8,0,65.0,7,2,0,1,16,Mer,0
3526,feature,44,451,8,3,5.8,0,61.5,29,6,1,6,18,Gio,1
3527,refactor,106,35,3,2,22.4,0,72.9,10,3,1,5,19,Ven,0
3528,refactor,12,22,2,2,4.5,0,81.0,52,11,2,3,10,Mar,0
3529,fix,23,12,1,2,10.7,1,32.1,42,10,1,4,12,Ven,0
3530,feature,534,11,11,3,5.5,1,45.2,9,3,1,1,7,Gio,0
3531,fix,170,22,3,1,11.4,1,47.6,56,16,2,4,12,Lun,0
3532,feature,406,169,12,4,4.4,0,41.9,24,6,2,4,17,Mar,0
3533,feature,83,16,3,2,14.6,1,57.4,32,11,1,4,14,Ven,0
3534,fix,9,5,1,1,3.7,0,48.1,31,7,1,3,16,Ven,0
3535,fix,259,19,8,2,21.4,1,36.4,55,10,0,1,9,Ven,0
3536,fix,33,109,4,2,3.9,0,49.9,29,6,1,7,10,Mar,0
3537,feature,112,74,5,2,10.2,0,61.2,15,4,1,4,12,Mar,0
3538,feature,53,4,4,2,11.4,0,36.5,23,3,1,5,13,Mer,0
3539,feature,109,14,4,1,6.1,1,40.0,15,4,2,2,13,Gio,0
3540,fix,42,51,4,2,5.4,0,82.2,47,13,2,3,11,Mer,0
3541,feature,41,7,3,2,10.9,0,41.5,61,15,3,5,11,Mar,0
3542,feature,18,4,2,2,13.7,0,45.8,26,5,2,1,9,Lun,0
3543,fix,175,23,4,2,21.9,0,61.4,58,17,1,3,15,Ven,0
3544,feature,106,129,5,1,4.0,1,90.9,23,5,2,7,15,Mar,0
3545,fix,50,112,3,1,7.9,0,41.2,30,8,1,3,8,Lun,0
3546,fix,101,11,3,2,4.9,1,92.5,59,9,1,2,14,Gio,0
3547,feature,58,110,6,3,12.2,1,79.8,77,27,1,5,5,Mar,0
3548,fix,75,8,2,1,5.9,1,48.4,16,6,1,3,15,Mer,0
3549,feature,868,484,23,6,5.4,0,79.6,66,16,1,4,14,Gio,0
3550,fix,221,41,4,1,3.6,0,64.8,24,5,2,4,12,Ven,0
3551,fix,54,12,5,1,14.3,0,57.9,24,5,2,2,16,Mar,0
3552,feature,51,23,2,2,1.5,1,63.0,49,14,3,2,10,Mar,0
3553,refactor,315,3,6,2,1.2,1,57.7,48,9,1,2,18,Ven,0
3554,feature,586,244,15,3,9.6,1,65.7,9,1,2,1,17,Mer,0
3555,feature,50,100,3,2,3.7,0,57.2,7,1,1,2,12,Mar,0
3556,refactor,99,3,3,1,5.3,0,93.5,16,7,2,2,11,Gio,0
3557,feature,312,18,6,3,12.6,1,43.1,29,4,3,6,9,Ven,0
3558,fix,160,273,11,3,10.4,0,63.3,5,2,2,4,11,Mar,1
3559,feature,106,2,2,2,15.0,1,42.3,81,20,1,1,11,Ven,0
3560,fix,99,12,4,2,8.9,1,66.9,28,2,1,2,22,Gio,0
3561,refactor,54,49,2,2,10.5,1,70.6,70,18,1,7,8,Mar,0
3562,fix,54,45,3,1,5.1,1,94.4,84,18,1,3,9,Gio,0
3563,feature,111,3,4,1,10.5,1,75.8,50,22,2,1,19,Gio,0
3564,feature,112,9,3,1,20.8,1,74.0,23,4,1,4,18,Mer,0
3565,fix,118,4,6,3,8.4,0,40.7,22,5,2,3,10,Lun,0
3566,feature,62,15,4,1,9.9,0,84.5,17,3,1,6,15,Lun,0
3567,feature,8,28,2,1,5.4,0,59.6,9,3,1,3,11,Mar,0
3568,feature,261,12,6,2,9.8,0,89.5,68,22,1,5,4,Ven,0
3569,feature,233,101,9,2,18.0,1,63.6,36,7,1,4,15,Mer,0
3570,feature,36,23,4,1,7.1,1,56.2,23,3,1,3,14,Mar,0
3571,feature,143,39,3,1,4.1,1,69.2,39,5,2,4,18,Mar,0
3572,refactor,71,12,3,2,4.0,0,37.2,74,22,1,5,0,Mer,0
3573,feature,98,41,3,2,9.7,0,85.9,96,28,3,2,12,Ven,0
3574,feature,47,151,3,2,9.4,1,64.1,70,15,1,2,7,Mer,0
3575,fix,19,131,4,2,12.6,1,32.0,50,14,1,1,13,Mer,0
3576,feature,179,21,5,1,4.8,1,65.5,43,14,3,5,11,Lun,0
3577,refactor,256,5,4,2,4.1,0,70.2,12,3,1,5,9,Gio,0
3578,feature,132,49,5,1,4.9,0,47.5,34,10,2,1,9,Mar,0
3579,fix,30,30,3,2,17.5,1,89.5,76,25,1,4,8,Lun,0
3580,feature,57,38,2,2,21.6,1,61.2,13,5,0,0,10,Ven,0
3581,fix,201,49,4,1,3.0,0,47.7,30,11,2,5,15,Gio,0
3582,feature,88,120,4,2,2.6,1,62.8,27,6,1,2,11,Mer,0
3583,fix,5,81,2,2,3.6,0,42.6,44,16,2,6,14,Lun,0
3584,feature,23,7,1,2,2.2,1,79.5,58,11,3,4,16,Gio,0
3585,refactor,80,7,2,1,12.3,0,78.2,15,7,3,1,15,Mar,0
3586,feature,62,47,2,2,4.5,1,34.2,14,4,2,2,11,Ven,0
3587,fix,170,81,7,3,14.4,1,73.4,13,1,1,8,13,Mar,0
3588,feature,119,20,3,1,10.5,0,63.8,19,7,1,4,14,Mar,0
3589,feature,81,38,4,2,1.4,1,92.4,85,23,1,3,12,Lun,0
3590,refactor,302,174,10,2,9.3,1,48.1,39,15,1,5,9,Gio,0
3591,fix,33,12,4,1,6.2,0,72.0,30,8,1,2,8,Lun,0
3592,feature,74,24,2,2,7.1,1,74.7,48,9,3,3,12,Mar,0
3593,fix,65,144,5,2,1.9,0,50.6,31,9,1,2,13,Gio,1
3594,feature,52,20,3,2,12.0,1,72.8,52,12,2,3,16,Mer,0
3595,feature,9,17,1,1,13.2,1,47.5,30,2,2,3,13,Mer,0
3596,feature,660,32,12,4,12.2,0,80.7,13,5,1,6,14,Lun,1
3597,fix,383,361,14,4,6.1,1,48.7,86,25,1,5,5,Ven,0
3598,feature,88,36,4,2,5.5,0,58.4,33,11,0,1,15,Ven,0
3599,feature,50,9,1,1,14.0,1,76.6,14,3,1,1,15,Mar,0
3600,refactor,213,21,4,1,6.1,0,67.6,45,11,1,9,15,Lun,0
3601,feature,179,116,6,3,5.4,0,81.5,24,6,1,3,15,Gio,0
3602,feature,80,201,8,3,24.6,1,35.0,13,3,1,6,11,Mer,1
3603,feature,137,10,4,1,10.5,0,51.7,11,3,2,4,14,Mer,0
3604,refactor,158,1,4,2,11.4,1,55.6,35,8,2,5,14,Ven,0
3605,refactor,240,2,6,3,7.1,1,68.3,32,7,3,2,16,Gio,0
3606,feature,175,19,3,2,7.2,1,37.6,64,17,2,8,14,Ven,0
3607,fix,12,3,1,2,10.6,1,76.0,20,4,2,5,15,Lun,0
3608,feature,138,3,4,2,4.8,1,83.7,49,9,3,6,14,Gio,0
3609,feature,338,433,15,4,4.4,0,39.7,71,16,1,3,14,Gio,1
3610,feature,74,66,4,2,1.0,1,72.1,34,6,2,2,8,Ven,0
3611,feature,32,56,3,2,6.7,1,93.5,9,0,1,4,10,Mer,0
3612,feature,148,251,7,3,6.2,0,62.7,45,16,1,8,9,Mer,1
3613,feature,40,6,1,2,3.4,1,84.3,24,5,1,7,9,Lun,0
3614,refactor,134,17,3,2,1.6,0,42.2,8,1,2,4,15,Gio,0
3615,fix,68,15,2,2,3.5,1,47.3,48,9,2,3,15,Lun,0
3616,feature,196,21,6,3,11.4,1,43.4,29,5,2,2,18,Mer,0
3617,refactor,616,647,21,5,4.5,0,77.3,73,12,2,3,14,Lun,1
3618,fix,40,5,1,2,7.2,0,47.7,69,15,1,4,14,Mer,0
3619,feature,351,60,12,4,4.3,1,63.6,10,1,1,8,13,Mer,0
3620,feature,207,8,7,2,5.8,0,49.4,40,3,1,1,16,Mar,1
3621,feature,276,11,9,2,10.3,1,68.5,26,4,2,4,17,Lun,0
3622,refactor,23,149,3,1,10.2,1,59.2,12,2,2,2,15,Lun,0
3623,feature,156,7,7,2,17.5,1,86.5,15,6,1,5,13,Lun,0
3624,fix,8,19,1,2,7.8,1,61.2,13,2,2,2,16,Ven,0
3625,feature,151,94,6,2,10.0,0,42.9,9,2,1,2,16,Mar,0
3626,fix,305,9,7,2,4.9,0,50.4,41,4,1,10,13,Lun,0
3627,feature,43,68,2,2,9.7,1,80.8,10,2,2,5,15,Mer,0
3628,refactor,101,26,4,2,7.2,1,63.8,35,8,3,3,11,Ven,0
3629,fix,6,30,1,2,6.0,0,88.2,53,17,3,2,17,Ven,0
3630,feature,59,111,3,1,10.3,1,85.9,5,1,1,5,8,Mer,0
3631,feature,43,7,1,1,11.7,1,50.3,31,13,2,3,11,Mar,0
3632,fix,32,9,2,1,20.8,0,52.2,12,2,1,1,10,Ven,0
3633,refactor,43,18,3,2,8.1,0,69.6,32,8,2,2,12,Ven,0
3634,feature,429,187,10,3,6.9,0,90.5,83,22,0,0,9,Ven,0
3635,fix,21,145,3,2,2.3,1,60.3,36,15,2,2,14,Mar,0
3636,feature,151,109,5,2,9.5,1,88.1,29,4,1,2,17,Gio,0
3637,fix,36,26,4,1,10.7,1,79.9,44,8,2,3,23,Ven,1
3638,feature,64,43,3,2,10.5,0,71.7,20,8,2,2,9,Lun,0
3639,fix,123,3,5,2,2.8,1,79.7,23,5,2,0,16,Mer,0
3640,feature,21,136,7,2,6.2,1,68.7,31,9,1,9,19,Ven,0
3641,fix,45,21,1,1,3.3,0,48.5,17,9,3,4,14,Mer,0
3642,feature,53,35,1,1,2.8,1,65.5,12,8,1,1,14,Mar,0
3643,fix,46,24,3,2,3.3,0,27.6,44,9,2,5,11,Mar,0
3644,refactor,30,57,3,2,11.7,1,58.5,19,7,3,4,12,Gio,0
3645,feature,190,7,4,1,19.9,0,87.8,36,8,1,5,17,Mar,1
3646,feature,22,21,2,2,4.7,0,65.4,30,4,1,3,9,Mar,0
3647,fix,45,173,5,2,4.3,1,42.1,45,14,2,3,13,Lun,0
3648,fix,65,18,2,2,8.5,0,59.8,16,4,2,5,21,Mer,1
3649,fix,78,52,3,2,18.2,0,36.5,16,6,2,3,16,Mer,1
3650,fix,212,87,9,3,2.4,0,61.0,24,13,1,3,9,Mar,0
3651,fix,304,3,6,3,7.1,0,69.2,2,0,2,2,18,Gio,1
3652,feature,26,70,3,2,8.9,1,96.5,46,14,1,8,10,Mer,0
3653,fix,128,11,5,2,8.0,1,90.3,17,3,0,1,11,Mar,0
3654,refactor,143,77,5,1,8.9,1,74.2,33,3,2,4,16,Mer,0
3655,feature,41,168,4,1,10.4,1,49.7,14,3,0,2,15,Mer,1
3656,feature,36,50,1,2,17.8,0,39.8,113,33,1,3,8,Mer,0
3657,feature,87,29,4,1,17.1,0,41.3,36,6,1,4,15,Gio,0
3658,fix,79,140,4,1,4.4,0,55.2,11,3,1,6,12,Mer,1
3659,fix,44,28,3,1,12.6,1,53.3,8,0,1,1,14,Ven,0
3660,feature,61,3,3,1,3.1,0,56.8,21,7,2,7,12,Mar,0
3661,refactor,243,38,5,2,10.4,1,47.0,46,14,2,2,10,Gio,0
3662,feature,87,29,3,1,4.3,1,39.0,20,10,2,0,17,Lun,0
3663,feature,3,27,2,2,11.2,0,27.7,10,2,0,1,16,Mer,1
3664,fix,25,27,4,2,4.8,0,28.1,6,3,2,2,10,Gio,0
3665,fix,143,15,4,2,3.6,1,67.0,49,12,2,6,7,Gio,0
3666,refactor,63,6,3,1,10.0,1,72.4,49,8,2,3,8,Gio,0
3667,fix,464,61,9,2,2.6,1,45.4,11,2,1,6,16,Mer,0
3668,fix,29,246,8,2,9.2,0,64.1,36,9,1,3,18,Mer,0
3669,feature,249,20,5,2,7.1,1,69.7,58,16,2,6,14,Gio,0
3670,feature,36,17,2,1,12.1,1,60.7,36,8,1,5,9,Mar,0
3671,refactor,25,550,11,3,8.1,1,81.6,61,16,1,7,17,Mar,0
3672,feature,125,31,3,2,6.8,0,65.5,34,15,1,1,16,Ven,0
3673,feature,412,139,11,3,7.2,1,60.7,12,1,1,6,13,Mer,0
3674,fix,91,85,6,2,9.5,1,44.9,38,10,1,5,17,Ven,0
3675,feature,22,73,4,1,7.7,1,47.1,30,8,1,6,16,Mer,0
3676,feature,22,40,3,2,8.8,0,62.9,39,12,1,3,10,Lun,0
3677,refactor,85,44,3,2,6.4,1,82.0,52,15,1,4,15,Lun,0
3678,refactor,189,3,3,1,9.1,0,24.3,61,16,3,3,16,Mar,0
3679,fix,571,645,21,6,7.4,1,62.4,46,14,2,4,19,Gio,0
3680,fix,41,113,6,2,8.7,1,62.4,44,10,1,6,12,Ven,0
3681,feature,130,92,5,2,9.4,0,58.1,13,5,1,5,6,Mer,0
3682,feature,101,20,4,2,3.4,1,87.1,4,1,1,1,13,Ven,0
3683,fix,47,29,3,2,9.6,0,65.2,36,11,1,5,7,Lun,0
3684,refactor,194,13,4,2,18.2,1,68.3,42,8,2,4,17,Mer,0
3685,fix,88,102,3,1,8.2,0,54.8,6,1,2,10,11,Lun,1
3686,feature,23,48,1,1,6.9,0,39.4,61,15,1,4,14,Lun,0
3687,feature,58,3,2,2,1.6,0,55.8,55,5,1,5,12,Lun,0
3688,feature,135,21,4,2,4.6,1,68.9,19,5,2,7,16,Mar,0
3689,fix,9,95,3,2,4.5,1,61.2,17,4,1,2,8,Gio,0
3690,feature,149,12,5,1,4.8,0,43.1,7,3,0,1,15,Gio,0
3691,feature,78,16,6,3,18.9,0,79.3,55,10,1,2,8,Ven,0
3692,feature,136,26,5,1,15.7,0,50.1,30,9,2,6,16,Mar,0
3693,refactor,81,39,4,2,5.3,0,66.6,14,5,0,0,8,Lun,0
3694,feature,105,131,4,2,11.8,0,43.6,4,2,1,5,10,Gio,1
3695,fix,93,8,3,1,4.1,1,65.2,3,0,1,4,12,Lun,0
3696,feature,29,9,4,1,3.4,1,66.1,57,15,3,5,13,Gio,0
3697,refactor,87,50,3,2,1.8,1,78.7,62,19,1,3,11,Mer,0
3698,refactor,21,15,2,2,6.9,0,51.2,22,5,1,4,9,Mar,0
3699,feature,13,106,3,1,12.9,1,76.0,61,19,3,6,17,Mer,0
3700,fix,26,20,2,1,7.0,1,65.3,23,10,2,4,16,Lun,0
3701,feature,154,35,3,1,8.7,0,44.4,45,9,1,3,11,Ven,1
3702,feature,17,5,1,2,16.4,0,57.8,49,14,2,1,10,Mer,0
3703,feature,56,110,5,1,9.9,0,50.3,87,21,3,6,15,Mar,0
3704,feature,428,16,7,3,5.0,1,52.4,8,0,1,4,10,Lun,0
3705,refactor,19,113,3,1,10.4,1,66.5,25,9,1,6,15,Lun,0
3706,feature,106,84,6,2,4.4,0,46.1,16,0,3,6,22,Mar,0
3707,refactor,42,378,11,3,5.7,0,76.9,84,27,1,3,13,Mer,1
3708,feature,54,27,3,2,2.4,0,91.2,54,17,1,2,18,Ven,0
3709,fix,526,108,13,3,8.2,1,61.3,47,14,2,3,17,Lun,0
3710,refactor,64,7,2,1,15.2,0,31.2,5,1,0,0,16,Gio,0
3711,feature,258,152,7,3,8.1,0,79.9,15,3,2,5,14,Mar,0
3712,feature,271,10,7,2,12.9,0,79.0,7,3,3,3,9,Mer,0
3713,feature,128,51,3,2,9.9,1,86.5,33,11,1,3,16,Mer,0
3714,feature,395,191,11,3,4.3,1,56.3,15,5,1,4,15,Gio,0
3715,fix,136,80,5,1,16.5,1,56.1,22,10,3,5,9,Mar,0
3716,fix,421,19,9,3,13.0,0,58.2,23,1,2,3,15,Lun,0
3717,feature,145,155,6,2,10.0,1,42.1,44,9,2,7,9,Lun,0
3718,fix,86,5,3,1,7.7,0,79.7,32,12,1,2,15,Mar,0
3719,fix,93,12,5,2,5.4,0,60.0,8,2,3,5,16,Lun,0
3720,fix,27,21,2,1,11.5,0,84.2,8,6,1,7,18,Gio,0
3721,feature,1112,20,20,4,10.0,1,73.5,15,4,3,6,18,Lun,0
3722,feature,133,51,7,3,5.7,0,66.6,23,8,1,4,14,Mer,0
3723,refactor,35,33,1,1,6.9,1,68.7,9,5,2,5,16,Mar,0
3724,feature,38,11,3,1,15.0,0,80.6,28,9,3,6,17,Mer,0
3725,feature,53,71,4,1,13.9,1,94.3,68,14,1,4,12,Lun,0
3726,feature,44,20,4,2,6.6,0,54.8,98,18,1,6,16,Mar,0
3727,refactor,5,27,2,2,9.6,0,73.2,13,6,2,2,15,Ven,0
3728,feature,79,12,6,2,1.6,1,63.9,21,6,2,4,11,Mer,0
3729,feature,288,27,5,1,3.4,0,63.3,29,6,1,3,11,Gio,1
3730,refactor,257,65,7,3,4.5,0,62.1,10,4,0,2,10,Gio,0
3731,feature,33,61,2,2,15.8,0,60.5,11,2,1,4,11,Mer,0
3732,feature,55,7,2,2,14.8,1,41.1,11,2,2,5,17,Ven,1
3733,refactor,295,35,9,3,9.8,1,85.7,42,14,2,3,16,Lun,0
3734,refactor,11,8,2,1,15.6,0,66.7,13,3,1,2,9,Mer,0
3735,feature,145,19,5,1,2.5,0,61.5,18,7,1,4,23,Mer,0
3736,feature,16,46,1,1,2.2,0,67.6,22,4,2,3,17,Lun,0
3737,fix,88,69,4,1,3.2,0,79.7,45,5,2,4,14,Mer,0
3738,fix,87,12,2,1,14.7,1,90.7,44,10,1,3,13,Mer,0
3739,refactor,6,92,2,1,18.0,1,65.3,54,14,1,5,9,Gio,0
3740,feature,159,28,6,2,4.9,0,74.2,53,23,1,5,12,Ven,0
3741,fix,36,30,3,1,14.4,0,57.2,6,0,3,0,18,Ven,0
3742,fix,3,52,4,2,13.6,0,57.0,18,2,2,4,15,Gio,0
3743,feature,120,28,5,1,12.0,1,57.3,60,16,2,3,17,Gio,0
3744,fix,62,11,1,1,10.5,1,41.7,21,5,1,2,9,Mer,1
3745,fix,361,42,9,3,16.6,0,60.7,9,4,0,0,22,Mar,1
3746,fix,30,14,1,2,13.0,1,57.4,49,12,1,4,9,Mar,0
3747,refactor,29,7,4,2,19.5,0,46.5,79,19,1,5,17,Mer,0
3748,fix,176,4,5,2,8.5,1,88.4,28,4,2,3,19,Mar,0
3749,fix,169,35,3,2,9.7,0,77.4,22,8,2,2,10,Mer,0
3750,feature,43,19,2,1,7.3,1,50.2,59,16,1,2,15,Mar,0
3751,feature,15,31,4,1,7.2,1,58.1,22,4,1,2,11,Mar,0
3752,feature,196,13,5,1,3.6,1,43.3,71,22,1,4,12,Gio,0
3753,refactor,489,35,12,3,1.5,1,85.1,11,1,2,6,10,Mar,0
3754,refactor,15,119,5,1,5.7,1,64.9,5,2,0,2,8,Mer,0
3755,fix,45,17,2,1,16.6,0,57.1,71,20,1,6,16,Gio,0
3756,fix,289,52,10,2,8.7,0,66.5,60,15,2,4,14,Lun,1
3757,feature,77,5,1,2,7.4,0,51.4,13,3,2,5,1,Ven,0
3758,feature,205,45,5,1,15.1,1,62.8,42,7,1,5,16,Lun,0
3759,feature,488,138,10,2,18.1,0,16.6,60,16,2,2,16,Mer,1
3760,fix,420,34,9,2,15.6,1,70.4,47,10,1,7,19,Lun,0
3761,feature,333,8,11,3,13.1,1,73.4,10,2,1,9,15,Mar,1
3762,fix,446,35,8,3,3.3,0,93.4,45,9,1,9,11,Gio,0
3763,feature,38,39,2,2,9.8,1,46.2,84,21,1,4,16,Mar,0
3764,refactor,22,13,4,1,8.0,0,67.0,56,16,1,5,9,Ven,0
3765,fix,63,11,2,2,5.8,0,55.4,35,4,1,6,11,Lun,0
3766,feature,12,178,6,3,20.4,1,89.5,33,14,1,2,16,Gio,1
3767,fix,334,20,6,3,7.2,0,26.1,26,4,2,6,13,Gio,1
3768,feature,262,7,6,2,8.8,1,51.6,17,5,3,3,13,Mer,0
3769,fix,27,61,1,2,12.6,0,74.4,15,3,2,5,10,Mer,0
3770,feature,112,13,6,3,19.2,0,42.0,28,5,1,4,14,Lun,1
3771,feature,232,10,5,2,10.4,1,60.6,21,2,2,1,16,Lun,0
3772,feature,384,78,10,3,7.9,0,34.7,15,3,1,1,14,Mar,1
3773,feature,103,15,3,2,15.5,0,72.4,51,12,3,4,12,Mar,0
3774,feature,719,47,16,5,7.8,1,78.4,30,8,1,9,14,Mer,0
3775,feature,47,45,5,2,12.6,1,68.1,36,10,1,1,13,Gio,0
3776,fix,374,145,10,3,19.6,0,86.2,7,2,0,0,11,Mar,1
3777,fix,505,12,12,3,10.1,0,61.8,36,14,1,6,10,Mer,0
3778,fix,178,87,6,2,13.3,0,74.7,19,5,1,5,15,Gio,0
3779,refactor,301,16,6,3,8.4,1,77.9,19,3,1,2,14,Gio,1
3780,fix,95,152,6,3,10.5,0,62.1,37,9,3,4,20,Gio,0
3781,feature,131,18,2,1,10.4,1,49.8,33,10,2,5,9,Ven,1
3782,refactor,68,9,3,1,31.9,1,49.2,19,5,2,2,21,Ven,0
3783,refactor,134,16,2,1,9.3,0,52.2,7,2,2,0,11,Lun,0
3784,feature,30,8,1,2,8.4,1,19.4,34,9,2,0,11,Lun,0
3785,feature,65,73,2,1,14.6,1,70.4,4,1,2,5,11,Mar,0
3786,fix,34,15,1,2,6.9,0,83.7,33,9,2,2,15,Mer,0
3787,feature,205,29,6,2,4.1,0,72.0,12,1,1,4,10,Mer,0
3788,refactor,90,4,4,1,6.4,0,79.4,46,21,3,4,12,Mer,0
3789,feature,80,5,3,2,7.3,0,74.2,19,0,1,3,14,Lun,0
3790,fix,10,166,5,1,2.9,1,54.1,5,0,3,5,17,Ven,0
3791,fix,63,6,1,2,7.5,1,50.2,27,8,1,4,19,Ven,0
3792,fix,37,77,5,1,4.2,1,29.1,25,7,2,2,8,Mar,0
3793,feature,580,20,10,2,2.7,1,43.2,41,12,0,1,13,Mar,0
3794,fix,28,4,6,2,13.3,0,64.6,51,13,0,1,3,Mar,0
3795,fix,321,36,6,3,16.6,0,41.7,16,4,1,2,18,Gio,1
3796,refactor,37,7,3,1,3.3,1,35.5,9,1,1,4,10,Mer,0
3797,feature,117,19,6,2,9.1,1,41.9,26,7,2,2,17,Mer,0
3798,refactor,565,4,11,4,6.4,0,85.3,27,4,2,4,16,Gio,1
3799,fix,864,25,16,4,10.8,0,42.5,14,0,1,5,17,Mar,1
3800,feature,49,35,3,1,2.7,0,64.8,8,1,1,3,10,Mer,0
3801,feature,896,43,18,5,14.5,1,72.3,19,8,1,1,13,Ven,0
3802,feature,42,119,5,1,10.3,0,86.1,4,2,1,7,15,Lun,0
3803,feature,131,24,5,1,6.1,1,76.9,28,8,2,3,14,Gio,0
3804,refactor,55,28,5,1,6.7,1,63.3,18,7,2,4,18,Mar,0
3805,refactor,97,23,3,1,14.3,1,63.1,17,10,1,3,18,Gio,0
3806,refactor,20,9,2,2,13.2,1,80.2,15,4,0,0,16,Mar,0
3807,feature,40,424,8,2,14.9,1,82.6,38,6,0,0,12,Lun,0
3808,feature,177,10,5,1,12.2,1,64.6,16,3,1,2,10,Mer,0
3809,feature,49,166,4,2,2.8,0,65.6,73,25,2,1,14,Ven,0
3810,feature,23,46,2,1,7.9,0,76.6,36,13,1,7,8,Mar,0
3811,feature,89,42,4,2,15.9,1,71.1,4,0,1,6,14,Mar,0
3812,refactor,85,50,2,2,10.2,1,50.5,11,2,1,6,14,Mar,0
3813,fix,73,55,2,2,7.3,1,75.9,145,36,2,2,15,Lun,0
3814,fix,20,106,4,2,7.0,1,51.2,16,2,2,4,19,Mer,0
3815,feature,112,112,6,3,7.6,1,45.7,18,4,1,3,16,Mer,0
3816,fix,37,29,2,2,8.5,1,44.6,39,12,2,4,14,Mer,0
3817,refactor,81,6,1,2,2.7,0,53.4,16,4,2,6,14,Gio,0
3818,fix,38,149,5,2,5.8,1,81.1,24,5,0,0,16,Ven,0
3819,feature,32,2,2,2,23.5,0,61.4,30,15,1,3,10,Ven,0
3820,feature,196,218,8,2,8.7,0,70.7,6,1,2,2,9,Ven,0
3821,feature,19,37,3,1,10.0,1,31.7,19,3,2,1,17,Lun,0
3822,fix,60,16,2,1,3.5,1,60.6,7,1,0,3,11,Lun,0
3823,feature,325,26,6,3,16.4,1,70.9,16,4,1,6,12,Mer,0
3824,feature,234,63,5,1,15.3,0,39.9,31,5,2,8,9,Ven,0
3825,feature,95,92,4,1,10.3,1,80.2,35,10,2,3,8,Mer,0
3826,fix,128,210,6,3,5.5,1,67.4,43,10,2,6,11,Ven,0
3827,feature,139,6,2,2,6.0,1,47.0,30,10,1,3,15,Lun,0
3828,fix,120,176,6,2,6.6,1,68.7,54,13,1,5,11,Ven,0
3829,refactor,130,38,5,1,17.6,0,86.7,28,4,1,2,20,Gio,0
3830,refactor,69,14,1,2,7.2,1,92.0,47,15,2,1,18,Ven,0
3831,feature,124,145,6,3,3.1,0,59.7,10,3,1,5,17,Mar,1
3832,feature,18,56,4,2,8.7,0,55.0,9,4,1,3,16,Lun,0
3833,feature,14,3,1,1,8.2,1,50.4,45,13,2,3,16,Ven,0
3834,feature,62,123,5,1,7.6,1,52.8,19,6,1,1,14,Ven,0
3835,fix,50,59,3,1,8.1,0,50.7,45,14,1,2,16,Mar,0
3836,feature,61,83,3,1,9.9,0,54.1,38,10,3,6,15,Gio,0
3837,feature,93,13,5,1,16.1,1,88.6,8,0,1,2,17,Mer,0
3838,feature,38,100,2,2,17.7,0,45.0,56,12,2,6,11,Mer,0
3839,feature,171,56,6,3,2.7,0,85.9,34,21,1,5,15,Ven,0
3840,fix,39,26,2,2,8.1,0,74.1,37,7,1,2,12,Gio,0
3841,feature,54,188,6,3,8.5,0,66.8,32,7,1,5,11,Lun,0
3842,feature,66,109,3,1,14.3,1,53.8,41,15,2,5,12,Mer,0
3843,fix,41,167,4,2,7.1,1,55.2,33,13,2,3,13,Lun,0
3844,feature,35,13,3,2,5.8,0,12.8,8,7,1,2,17,Ven,0
3845,refactor,161,33,3,2,5.7,1,52.1,4,3,2,2,8,Mar,0
3846,feature,479,108,11,3,13.1,0,52.6,39,9,3,5,16,Gio,0
3847,feature,69,57,4,1,5.3,0,71.9,46,16,3,2,10,Lun,0
3848,fix,56,430,8,2,4.7,0,63.6,28,8,1,3,15,Ven,0
3849,feature,136,10,3,1,1.0,0,68.5,72,26,2,9,14,Mar,0
3850,fix,30,28,4,1,7.2,1,78.3,33,4,2,4,11,Lun,0
3851,feature,16,29,3,1,5.5,0,70.6,39,12,1,6,13,Ven,0
3852,feature,151,15,4,2,7.3,0,64.0,17,0,1,8,14,Gio,0
3853,feature,62,58,4,1,5.9,1,73.6,12,5,2,4,16,Ven,0
3854,feature,18,13,3,2,2.8,0,47.5,55,15,1,2,18,Mer,0
3855,feature,39,19,1,2,10.0,0,60.8,11,2,1,5,17,Ven,0
3856,feature,311,246,10,2,4.0,0,58.1,51,17,1,2,16,Gio,0
3857,feature,30,65,5,2,5.5,0,44.3,15,3,2,3,11,Lun,0
3858,fix,45,207,5,1,9.6,0,53.8,24,2,1,9,12,Gio,0
3859,fix,610,34,12,4,7.2,1,69.8,22,1,3,3,13,Gio,0
3860,fix,254,26,6,3,7.1,1,82.8,58,10,1,3,16,Mer,0
3861,refactor,141,24,5,2,10.7,1,47.1,9,4,2,5,15,Gio,0
3862,feature,343,20,8,2,3.2,0,66.9,36,9,1,2,13,Mer,1
3863,fix,89,7,4,2,10.5,1,72.4,13,7,1,5,12,Gio,0
3864,refactor,58,152,8,3,3.4,0,66.0,51,12,1,1,8,Ven,0
3865,feature,492,11,8,2,12.8,1,52.2,19,2,1,6,14,Lun,0
3866,feature,102,163,4,2,13.6,0,66.9,19,5,1,2,15,Gio,0
3867,fix,24,25,1,2,18.5,1,54.2,40,14,1,2,15,Mer,0
3868,refactor,174,39,4,2,14.3,0,48.8,22,4,3,3,17,Ven,1
3869,feature,98,101,5,1,7.0,0,25.9,53,14,2,3,8,Mar,0
3870,fix,85,22,2,2,3.7,1,39.5,34,7,1,1,12,Mar,0
3871,feature,104,212,6,3,7.1,1,81.3,26,5,1,7,5,Mer,0
3872,refactor,92,29,5,2,10.1,0,67.2,21,5,2,2,14,Ven,0
3873,refactor,31,1,3,1,11.7,0,68.4,29,12,1,2,7,Mar,0
3874,fix,35,177,4,2,13.9,0,71.3,59,16,3,8,16,Lun,0
3875,fix,27,227,6,2,22.4,0,74.1,4,1,1,6,11,Ven,0
3876,fix,368,6,8,3,11.5,0,71.2,1,0,1,1,19,Mer,0
3877,refactor,213,34,5,1,8.6,0,51.6,46,12,1,4,10,Lun,0
3878,refactor,145,14,4,1,8.5,1,86.1,17,10,2,6,10,Mer,0
3879,refactor,59,4,1,2,23.1,0,77.9,30,17,3,5,15,Lun,0
3880,feature,61,121,4,2,4.4,1,73.1,35,5,3,8,17,Mar,0
3881,feature,61,53,2,1,7.2,0,43.1,21,2,3,4,18,Ven,0
3882,refactor,44,92,4,2,8.2,0,55.1,29,6,2,3,9,Mar,0
3883,refactor,22,11,3,1,1.6,1,66.3,21,2,1,3,8,Mar,0
3884,fix,123,86,4,2,11.6,1,61.5,13,4,1,4,12,Gio,0
3885,feature,19,7,1,1,5.2,1,48.2,23,8,2,1,11,Lun,0
3886,fix,122,64,4,1,7.8,0,82.3,45,12,1,2,11,Mar,0
3887,fix,233,57,6,2,6.1,1,38.6,15,4,2,3,10,Lun,0
3888,feature,63,63,2,1,5.8,0,56.8,7,5,2,1,9,Gio,0
3889,feature,90,25,6,3,5.1,1,62.7,32,6,1,5,12,Mer,0
3890,feature,51,37,4,2,9.2,1,55.8,43,14,2,2,15,Mar,0
3891,fix,6,5,1,2,5.9,1,23.8,71,20,2,4,12,Mar,0
3892,feature,187,67,6,2,5.3,1,87.5,27,3,2,5,11,Mar,0
3893,fix,38,99,4,1,9.3,0,81.8,43,13,1,4,9,Mer,0
3894,feature,11,123,7,2,10.3,0,69.9,36,9,1,5,15,Mer,0
3895,feature,143,13,5,1,4.9,1,58.2,55,19,1,2,15,Lun,0
3896,feature,14,104,4,1,8.4,1,23.1,54,12,2,2,16,Ven,0
3897,feature,148,7,5,2,6.9,1,54.4,18,5,3,3,2,Ven,0
3898,feature,38,11,3,2,10.6,0,75.2,47,14,1,7,17,Mer,0
3899,feature,124,46,4,2,8.5,0,78.6,48,12,0,1,16,Lun,0
3900,feature,12,102,6,2,15.1,0,66.2,30,4,1,2,16,Gio,0
3901,fix,101,6,4,1,2.8,1,64.0,35,6,2,4,16,Gio,0
3902,refactor,95,13,3,1,12.4,1,64.4,61,12,2,5,17,Mer,0
3903,refactor,127,160,5,1,13.0,1,70.8,38,7,1,4,10,Gio,0
3904,fix,785,40,14,4,4.9,1,75.9,28,6,1,3,11,Mer,0
3905,feature,13,12,1,2,8.1,1,47.6,40,10,1,4,11,Lun,0
3906,feature,91,5,2,2,6.5,1,85.6,29,4,2,3,16,Lun,0
3907,fix,81,80,4,1,4.2,1,68.7,5,1,1,3,10,Mar,0
3908,feature,103,220,5,2,16.4,1,64.3,67,12,2,4,10,Gio,0
3909,fix,206,25,5,2,3.0,1,58.5,25,3,2,8,16,Mer,0
3910,fix,20,4,1,1,1.6,1,42.4,1,0,1,1,17,Lun,0
3911,fix,129,35,3,2,12.4,0,43.3,27,4,1,2,14,Gio,0
3912,feature,55,148,4,1,6.4,1,51.4,12,2,3,10,13,Mer,0
3913,feature,29,75,3,1,13.3,1,53.2,44,15,2,1,10,Lun,0
3914,refactor,237,78,6,2,8.3,1,82.6,41,14,1,4,14,Gio,0
3915,refactor,33,7,2,1,13.4,0,28.3,15,6,1,4,14,Lun,0
3916,fix,90,11,2,2,5.7,1,75.4,32,10,3,3,16,Ven,1
3917,feature,19,41,2,2,4.2,1,38.2,19,6,3,3,21,Mar,0
3918,refactor,25,128,5,2,6.1,0,67.7,25,9,1,6,7,Lun,0
3919,feature,10,3,3,2,10.0,0,74.9,36,4,2,2,13,Mar,0
3920,refactor,482,15,8,3,10.1,0,90.3,4,1,1,7,14,Ven,1
3921,feature,30,120,2,1,4.5,1,44.7,25,7,1,2,8,Lun,0
3922,refactor,14,30,2,1,9.6,1,62.8,12,8,1,4,17,Mer,0
3923,feature,23,18,1,2,12.6,1,72.0,14,7,3,3,11,Ven,0
3924,fix,26,49,1,1,9.6,1,39.1,17,2,2,4,16,Lun,0
3925,fix,15,23,2,1,9.4,1,38.1,54,11,1,2,17,Gio,0
3926,feature,20,10,5,2,4.0,1,75.0,19,4,1,3,15,Lun,0
3927,fix,23,79,3,1,5.6,1,60.3,52,8,1,3,8,Ven,0
3928,fix,322,12,7,3,21.2,0,69.8,1,1,1,7,14,Mar,1
3929,feature,27,20,3,2,3.1,1,61.1,50,9,1,5,22,Lun,1
3930,feature,26,5,3,1,10.4,0,77.3,121,43,2,2,9,Mar,0
3931,fix,128,70,4,2,5.9,0,69.0,16,4,2,3,14,Gio,0
3932,refactor,237,12,7,2,12.9,1,55.7,34,9,2,8,20,Lun,0
3933,fix,183,7,6,3,2.4,0,53.1,14,4,2,3,11,Gio,0
3934,fix,13,20,3,2,6.3,0,45.5,50,22,1,3,8,Gio,0
3935,feature,58,116,4,2,8.9,0,49.2,15,3,1,6,11,Lun,0
3936,fix,203,31,5,2,21.0,1,57.3,89,29,2,6,18,Gio,0
3937,feature,178,60,5,2,6.7,1,80.8,37,4,2,4,15,Mar,0
3938,feature,64,17,3,2,19.3,0,58.7,31,3,1,3,20,Gio,0
3939,fix,57,43,2,1,2.2,1,52.1,51,10,1,3,8,Ven,0
3940,feature,128,21,4,2,12.3,1,49.4,55,9,2,4,15,Mar,0
3941,fix,836,34,14,4,18.1,1,68.2,8,3,1,3,11,Mar,0
3942,fix,29,20,3,1,4.9,1,42.1,29,10,1,1,13,Gio,0
3943,feature,17,8,1,1,1.9,1,86.1,27,7,2,5,12,Lun,0
3944,feature,315,1,6,3,14.7,1,27.7,27,4,1,6,18,Ven,1
3945,feature,225,18,6,2,12.2,1,34.3,85,14,1,2,19,Gio,0
3946,feature,67,12,1,2,6.4,1,43.4,44,17,2,2,19,Mar,0
3947,fix,39,32,1,1,5.3,1,68.1,11,4,2,4,14,Gio,0
3948,feature,57,45,2,1,8.6,0,50.8,6,1,1,3,9,Mer,0
3949,fix,42,34,3,1,7.7,1,35.9,12,3,1,5,9,Gio,0
3950,feature,119,42,4,1,6.2,0,63.3,6,1,2,4,15,Mar,0
3951,fix,166,15,5,2,3.8,0,45.0,67,23,1,4,8,Ven,0
3952,feature,46,3,3,2,7.7,1,76.0,23,8,1,4,14,Gio,0
3953,refactor,79,11,2,2,4.8,1,70.8,8,1,2,4,11,Mer,0
3954,feature,49,149,3,2,6.7,1,58.2,23,3,2,2,12,Lun,0
3955,feature,17,20,2,1,16.5,0,84.3,38,9,1,1,8,Mer,0
3956,refactor,24,23,4,2,10.5,1,66.0,73,25,2,3,15,Gio,0
3957,refactor,116,28,5,1,5.0,0,54.6,6,1,1,4,11,Mer,0
3958,fix,79,54,4,2,3.1,0,46.6,31,11,1,3,17,Ven,1
3959,fix,55,7,6,3,6.8,1,66.9,13,4,2,7,13,Gio,0
3960,feature,51,20,1,2,10.3,0,61.1,34,4,2,2,2,Mar,0
3961,feature,190,443,14,4,9.8,0,67.8,35,8,3,6,8,Ven,1
3962,refactor,89,66,4,1,7.0,1,33.6,19,3,3,1,4,Mer,1
3963,feature,169,129,6,3,10.2,1,75.6,31,7,1,4,10,Mer,0
3964,feature,361,20,7,2,6.4,1,46.3,143,25,2,4,21,Mer,0
3965,feature,177,84,4,1,6.2,0,78.3,13,2,2,3,15,Gio,0
3966,feature,549,69,11,4,12.6,1,87.0,7,2,1,8,16,Gio,0
3967,fix,43,41,3,2,7.5,1,62.1,91,22,2,1,14,Lun,0
3968,feature,244,18,7,3,5.9,0,36.1,40,14,1,3,9,Mar,0
3969,feature,634,24,12,4,14.0,1,60.1,38,10,2,7,10,Mar,0
3970,feature,38,28,3,1,10.2,0,54.0,21,1,1,5,14,Mer,0
3971,feature,175,61,5,2,13.5,0,67.7,20,3,1,4,14,Gio,0
3972,feature,92,3,3,1,2.7,1,56.6,20,6,2,5,10,Gio,0
3973,refactor,331,3,7,2,15.0,0,45.9,43,11,2,4,21,Gio,1
3974,feature,270,27,6,2,7.9,1,42.7,43,15,0,0,19,Ven,0
3975,feature,86,8,2,1,5.0,0,47.1,52,14,2,7,12,Lun,0
3976,feature,47,40,2,2,5.9,0,60.6,40,15,0,0,15,Mer,0
3977,feature,11,9,1,1,3.8,0,70.6,13,3,1,2,19,Mar,0
3978,fix,115,40,4,2,29.5,0,41.8,2,1,1,6,11,Ven,1
3979,refactor,68,109,4,1,4.9,0,55.3,40,12,1,5,17,Mar,0
3980,feature,284,8,7,3,10.3,1,61.2,78,21,1,2,8,Ven,1
3981,feature,25,13,2,1,5.2,1,24.3,65,20,1,3,12,Gio,0
3982,fix,21,25,3,2,13.4,1,88.0,46,12,2,1,10,Ven,0
3983,fix,786,44,15,4,10.9,0,87.1,43,11,1,6,9,Gio,1
3984,fix,85,14,4,2,9.2,0,36.4,33,8,2,5,13,Mer,0
3985,feature,38,21,2,2,4.3,1,61.2,51,8,1,5,11,Mer,0
3986,feature,1137,5,20,5,2.3,0,67.1,56,16,2,2,14,Ven,0
3987,feature,135,60,4,1,4.3,0,73.0,11,6,2,6,3,Ven,0
3988,feature,4,11,1,2,14.1,1,50.9,22,5,1,6,8,Mer,0
3989,refactor,47,24,2,2,8.8,1,87.2,17,5,1,2,18,Mer,1
3990,feature,106,45,4,1,13.2,0,66.7,6,3,2,3,3,Gio,0
3991,feature,24,17,3,1,2.3,1,55.1,52,14,1,4,10,Ven,0
3992,fix,53,98,4,1,21.1,0,56.2,4,1,1,3,11,Gio,0
3993,fix,185,15,4,2,5.9,0,73.1,24,4,1,5,9,Lun,0
3994,feature,71,86,6,2,28.7,0,68.8,37,6,0,0,10,Mar,0
3995,refactor,90,46,3,2,3.6,1,82.6,33,7,1,2,9,Lun,0
3996,feature,43,3,5,1,14.4,0,58.0,7,2,1,2,16,Ven,1
3997,feature,34,5,1,1,6.6,1,31.5,37,12,2,3,17,Lun,0
3998,fix,70,5,1,2,8.5,1,57.1,3,0,2,1,15,Ven,0
3999,fix,536,41,12,3,18.0,0,85.2,11,2,1,6,14,Mer,1
4000,feature,43,181,7,2,10.7,0,52.5,10,3,1,2,16,Lun,0
4001,refactor,7,3,2,1,8.7,0,68.0,32,5,2,2,17,Lun,0
4002,feature,48,113,6,3,12.3,1,66.8,46,19,1,4,7,Gio,0
4003,fix,19,89,3,2,6.8,1,56.6,32,9,0,3,17,Mer,0
4004,feature,392,195,10,3,6.6,0,42.0,45,13,2,4,11,Ven,0
4005,feature,96,316,9,2,20.6,1,62.2,19,2,3,3,15,Mar,0
4006,feature,24,21,2,2,18.9,0,71.2,5,0,2,6,10,Mar,0
4007,fix,80,887,17,5,12.5,1,35.0,12,3,1,9,10,Lun,0
4008,fix,34,88,3,2,6.1,1,70.4,57,13,2,2,12,Mar,0
4009,fix,17,1,2,2,9.3,0,68.4,43,11,2,4,10,Mer,0
4010,fix,28,58,2,2,2.2,0,65.6,33,6,1,3,13,Lun,0
4011,refactor,70,70,3,2,11.6,0,93.0,50,7,1,1,18,Gio,0
4012,feature,219,17,4,1,8.3,0,72.3,12,3,1,6,18,Mar,0
4013,feature,20,270,7,2,10.5,0,63.9,20,5,3,6,15,Gio,0
4014,feature,8,33,3,2,9.8,0,75.3,12,1,1,4,17,Ven,0
4015,fix,328,30,7,3,5.2,1,62.0,42,9,3,4,11,Gio,0
4016,feature,47,9,2,2,1.4,0,75.5,53,12,2,4,17,Ven,0
4017,feature,152,77,6,3,12.5,0,81.6,40,10,1,4,10,Mar,0
4018,fix,191,12,4,1,7.2,1,30.5,29,9,1,6,11,Mar,0
4019,feature,40,131,5,2,3.0,1,75.4,44,12,1,4,4,Gio,0
4020,feature,15,17,3,2,24.4,1,79.4,15,3,1,6,16,Mer,0
4021,feature,42,1,4,2,4.0,1,61.9,22,1,1,3,15,Lun,0
4022,fix,146,38,4,1,6.0,1,63.9,10,3,0,0,15,Lun,0
4023,refactor,21,108,3,2,7.9,1,50.5,23,6,2,0,11,Lun,0
4024,fix,35,9,1,1,6.5,0,75.7,25,3,2,3,14,Ven,0
4025,refactor,58,73,2,2,6.8,1,52.9,12,3,1,5,11,Mer,0
4026,feature,20,7,3,1,6.8,1,78.7,39,12,1,3,16,Mer,0
4027,feature,142,33,6,2,11.5,1,76.9,17,4,3,5,18,Mar,0
4028,feature,217,15,6,2,3.2,0,67.1,21,8,2,4,13,Gio,0
4029,feature,195,13,5,2,11.0,1,59.9,34,8,0,1,15,Mar,0
4030,refactor,27,155,5,2,4.7,1,34.6,6,0,0,0,12,Ven,0
4031,feature,30,17,2,1,14.9,1,52.5,24,5,2,5,12,Gio,0
4032,refactor,37,41,2,2,4.5,0,64.8,5,1,0,0,12,Ven,0
4033,fix,13,47,3,2,5.4,1,61.2,4,2,2,7,12,Lun,1
4034,feature,58,21,2,1,7.9,1,76.4,7,1,1,3,11,Gio,0
4035,fix,45,12,2,1,9.7,0,80.2,50,13,2,3,15,Mar,0
4036,refactor,5,108,3,2,18.2,0,71.1,18,2,1,5,15,Mar,0
4037,fix,76,214,6,3,10.0,1,45.6,7,1,3,1,13,Lun,0
4038,feature,156,233,8,3,17.3,0,54.5,30,7,1,11,17,Mer,1
4039,feature,33,6,2,2,12.0,0,49.6,55,18,2,6,12,Ven,0
4040,refactor,140,5,8,3,6.1,1,42.8,11,4,1,3,19,Mer,0
4041,refactor,48,42,4,2,25.4,1,46.5,34,9,2,6,10,Mar,0
4042,feature,69,76,3,2,12.7,0,72.8,15,5,2,7,10,Mar,0
4043,fix,115,17,4,1,11.8,0,60.9,13,3,3,4,13,Mer,1
4044,refactor,40,42,2,1,5.8,0,77.2,24,7,3,5,14,Ven,0
4045,feature,38,24,1,1,5.9,1,67.4,4,2,1,3,15,Gio,0
4046,refactor,238,59,6,3,3.2,1,48.4,5,1,2,4,10,Gio,0
4047,feature,237,31,8,2,14.5,1,72.6,22,5,1,9,8,Ven,1
4048,feature,321,3,6,2,5.3,1,79.1,15,5,1,5,15,Mer,0
4049,fix,795,77,16,5,3.4,1,44.1,48,9,1,4,10,Lun,0
4050,fix,27,18,1,1,2.4,1,53.7,54,17,1,2,18,Mer,0
4051,refactor,364,83,10,2,8.6,0,77.3,33,10,1,4,15,Mar,0
4052,refactor,87,1,1,1,15.6,0,35.0,30,9,2,5,14,Gio,0
4053,fix,99,7,3,2,11.4,1,72.0,42,5,1,0,14,Gio,0
4054,refactor,41,19,3,2,4.5,0,80.1,50,14,3,3,12,Mer,0
4055,feature,151,16,4,1,10.2,1,75.9,18,3,1,3,16,Gio,0
4056,feature,14,118,3,1,14.1,1,45.1,20,7,1,5,9,Gio,0
4057,refactor,43,23,2,2,5.0,0,86.3,47,8,1,5,16,Ven,0
4058,feature,18,57,3,1,5.9,0,56.4,9,2,1,6,11,Ven,0
4059,feature,20,55,4,2,11.6,0,80.1,7,0,1,4,17,Mer,0
4060,feature,93,19,4,1,11.8,1,63.3,5,1,1,0,10,Mer,0
4061,fix,357,20,7,3,11.2,0,54.6,54,7,2,4,13,Mar,0
4062,feature,164,79,5,1,5.9,1,86.2,13,2,2,4,16,Mer,0
4063,feature,7,23,2,1,17.3,0,64.1,69,26,2,3,10,Mer,0
4064,refactor,22,3,1,2,8.6,0,55.8,52,17,3,3,21,Mer,0
4065,feature,39,13,3,1,10.1,1,73.0,39,6,3,5,15,Mar,0
4066,feature,47,9,4,1,5.5,0,74.3,11,1,2,1,12,Gio,0
4067,feature,63,53,3,1,7.1,0,52.5,31,6,3,5,17,Gio,0
4068,feature,122,4,8,3,3.8,0,85.0,31,9,3,2,12,Gio,0
4069,feature,139,23,5,2,10.9,0,86.6,50,10,3,4,4,Mar,0
4070,refactor,5,12,4,1,26.4,1,72.6,48,10,2,4,7,Lun,0
4071,refactor,136,69,5,2,4.6,0,34.2,25,10,3,3,10,Gio,0
4072,feature,38,49,6,3,6.8,0,46.2,3,2,2,0,18,Ven,0
4073,fix,74,13,2,2,1.9,0,60.3,58,13,2,4,16,Lun,0
4074,fix,33,11,6,3,4.4,1,68.4,12,3,2,4,17,Mar,0
4075,fix,452,177,11,4,4.5,1,37.3,45,20,1,4,20,Gio,0
4076,fix,204,377,11,3,10.1,1,74.6,11,7,1,5,14,Mar,1
4077,fix,23,59,2,1,10.0,0,57.4,17,6,2,3,16,Mar,0
4078,fix,179,113,7,3,15.4,1,58.3,103,21,1,4,10,Gio,0
4079,feature,318,23,6,3,18.8,0,90.9,34,5,1,6,13,Mar,0
4080,feature,112,50,6,3,13.4,0,72.2,34,11,2,6,8,Mar,0
4081,fix,99,48,3,2,14.3,1,65.5,40,8,1,2,11,Mer,0
4082,fix,48,100,3,1,8.3,1,60.9,58,16,2,0,17,Ven,1
4083,feature,57,26,3,1,8.3,0,73.0,39,10,2,3,17,Lun,0
4084,fix,49,122,4,2,3.1,0,60.8,34,9,1,7,17,Lun,0
4085,feature,727,12,13,4,4.3,0,69.9,20,4,2,7,12,Gio,1
4086,feature,26,26,3,1,3.2,1,38.8,8,0,0,2,13,Mer,0
4087,feature,74,12,1,2,9.8,1,84.6,75,15,2,4,16,Mar,0
4088,refactor,76,10,2,1,7.7,1,78.2,9,3,2,3,11,Ven,0
4089,fix,71,74,3,1,14.2,0,70.5,19,6,1,4,17,Mer,0
4090,feature,37,9,4,1,8.1,0,47.8,17,8,0,1,13,Lun,0
4091,fix,18,210,5,2,7.5,0,62.5,39,6,2,3,12,Gio,0
4092,feature,40,46,1,2,5.0,1,74.9,5,2,2,5,19,Mar,0
4093,refactor,100,38,2,1,5.1,1,62.7,40,5,1,4,11,Mar,0
4094,feature,53,14,2,1,2.3,1,71.0,13,8,2,3,18,Ven,0
4095,refactor,71,41,3,2,15.6,1,75.6,68,19,2,2,12,Lun,0
4096,fix,121,62,3,1,4.4,0,66.5,52,11,1,7,16,Lun,1
4097,refactor,303,287,12,4,2.0,0,61.9,29,6,1,7,14,Lun,1
4098,refactor,86,18,5,1,4.2,0,62.2,36,3,0,1,8,Gio,0
4099,feature,65,39,2,1,6.7,1,63.4,54,11,1,10,18,Mer,0
4100,refactor,43,15,2,2,4.1,1,60.3,14,3,1,2,13,Mer,0
4101,fix,57,26,2,1,11.6,1,85.8,22,4,3,2,15,Lun,0
4102,refactor,106,19,4,2,5.8,0,84.1,101,22,1,6,11,Gio,0
4103,refactor,77,215,7,3,3.3,0,80.6,56,16,2,5,8,Gio,0
4104,feature,113,35,3,1,7.7,1,76.8,11,2,2,5,14,Ven,0
4105,feature,172,55,6,2,15.5,1,47.4,16,3,1,5,15,Lun,1
4106,feature,9,149,4,2,21.0,1,62.4,11,2,1,7,14,Lun,0
4107,fix,117,94,5,2,4.3,0,73.9,76,19,1,4,8,Lun,0
4108,feature,57,86,2,2,5.6,1,58.1,18,0,1,4,19,Gio,0
4109,feature,68,13,1,1,17.6,1,48.3,55,14,3,2,16,Mar,0
4110,feature,42,117,5,2,7.6,1,63.6,6,0,1,3,11,Mar,0
4111,fix,127,23,9,3,8.9,0,41.5,13,3,1,5,17,Lun,0
4112,feature,77,49,5,1,5.2,1,55.2,89,19,2,1,7,Mar,0
4113,feature,11,8,4,2,3.6,1,60.4,27,8,2,5,11,Gio,0
4114,fix,124,7,2,1,7.2,0,58.2,4,0,2,5,20,Mar,0
4115,refactor,113,57,4,2,3.3,0,78.2,8,1,1,3,14,Mer,0
4116,feature,153,35,4,1,9.4,1,48.1,8,1,1,3,18,Gio,0
4117,refactor,23,11,1,1,16.6,1,86.1,3,1,2,0,10,Gio,0
4118,feature,38,15,2,1,8.9,1,37.3,24,5,1,3,17,Mar,0
4119,refactor,36,9,1,1,5.4,0,84.3,60,20,3,5,10,Gio,0
4120,feature,12,19,2,2,7.9,0,59.3,50,11,1,3,16,Ven,0
4121,refactor,26,8,2,1,5.1,0,90.3,87,22,1,0,16,Mer,0
4122,feature,7,6,1,2,3.8,1,89.3,48,7,2,3,11,Mer,0
4123,refactor,80,155,5,1,5.5,0,94.4,10,4,3,3,13,Mar,0
4124,feature,57,10,2,2,8.2,0,50.5,56,16,0,0,17,Lun,0
4125,fix,128,136,7,3,7.4,1,73.8,32,12,1,4,16,Mar,0
4126,feature,124,3,3,1,15.6,1,46.8,38,11,1,1,14,Gio,1
4127,feature,180,13,4,1,5.8,0,83.8,30,10,1,6,14,Mar,0
4128,fix,154,12,4,2,24.6,0,40.3,49,12,1,2,8,Gio,0
4129,refactor,85,238,5,1,5.2,0,69.2,61,12,3,7,8,Gio,0
4130,feature,82,48,3,2,5.1,1,81.9,31,7,2,1,11,Lun,0
4131,feature,319,6,7,2,5.3,0,71.1,41,10,1,3,11,Gio,0
4132,refactor,109,19,7,3,4.5,0,69.7,8,0,1,1,19,Ven,0
4133,feature,8,144,5,2,7.5,0,59.2,61,23,0,1,10,Lun,0
4134,refactor,261,112,7,2,6.2,1,52.3,38,10,1,5,9,Mer,0
4135,feature,18,16,2,1,9.2,1,68.2,19,4,2,2,13,Mar,0
4136,feature,608,385,17,5,4.9,1,77.2,10,2,1,5,13,Gio,0
4137,refactor,28,10,1,2,9.4,1,38.7,17,2,1,5,14,Mar,0
4138,fix,1002,78,19,4,4.6,0,85.1,60,23,1,9,9,Mer,0
4139,fix,9,18,1,1,7.6,0,66.5,20,6,2,2,8,Gio,0
4140,feature,129,40,4,1,16.4,1,64.4,41,7,1,3,8,Gio,0
4141,feature,22,36,2,1,4.3,1,36.4,18,3,1,0,16,Gio,0
4142,feature,113,83,5,2,7.0,0,49.0,22,7,1,4,15,Mer,0
4143,refactor,68,380,7,2,11.3,0,85.7,88,21,1,3,10,Mar,1
4144,feature,169,99,5,2,4.2,1,46.6,25,5,1,2,17,Gio,0
4145,fix,36,90,5,2,14.1,1,81.8,34,15,1,7,18,Lun,0
4146,fix,98,6,2,1,9.6,1,54.6,61,17,2,0,16,Lun,0
4147,refactor,180,6,7,2,8.2,0,60.5,7,3,3,5,16,Ven,0
4148,feature,171,59,6,3,3.3,0,52.4,12,2,1,3,7,Lun,0
4149,refactor,152,8,3,1,2.0,1,79.2,10,3,3,9,12,Mar,0
4150,feature,39,21,4,2,3.1,1,53.7,31,15,1,4,21,Ven,0
4151,fix,66,10,1,2,6.7,0,65.2,16,2,1,6,14,Lun,0
4152,feature,50,124,5,2,15.2,0,54.5,44,15,1,3,15,Mar,0
4153,feature,101,3,2,2,25.4,1,60.2,70,20,2,7,17,Ven,0
4154,refactor,134,21,4,1,10.9,0,23.7,86,31,1,8,7,Gio,1
4155,refactor,192,42,5,2,5.0,0,54.4,4,0,0,0,17,Ven,0
4156,refactor,67,11,5,1,4.4,1,71.8,16,3,1,2,12,Mer,0
4157,refactor,40,13,2,1,5.9,1,66.8,52,9,1,2,8,Mar,0
4158,feature,70,38,5,2,8.6,1,69.9,12,2,2,3,18,Ven,1
4159,refactor,64,7,1,1,8.5,0,65.7,31,9,1,5,15,Mar,0
4160,feature,671,66,15,3,3.4,1,62.1,47,10,1,4,1,Gio,0
4161,fix,16,8,2,1,6.7,0,79.3,59,11,2,3,15,Gio,0
4162,feature,61,121,3,2,9.7,0,35.9,26,6,2,2,12,Mer,1
4163,feature,18,18,2,2,4.9,0,60.7,29,5,1,3,12,Gio,0
4164,feature,64,7,1,1,6.6,0,44.2,6,2,2,6,17,Gio,0
4165,fix,18,77,4,2,10.5,0,84.4,29,8,3,1,11,Lun,0
4166,fix,13,5,2,2,8.4,1,53.3,28,5,1,6,9,Mar,0
4167,refactor,5,32,2,2,8.1,0,86.3,10,4,2,2,18,Gio,0
4168,feature,15,12,1,1,9.0,0,80.4,51,17,1,1,9,Mer,0
4169,fix,872,52,15,3,25.7,1,31.2,32,6,3,3,15,Mar,0
4170,feature,8,203,5,2,19.1,1,44.7,7,2,0,0,13,Mer,1
4171,feature,285,10,6,2,3.4,1,83.6,18,5,0,1,11,Mar,0
4172,fix,29,40,3,1,22.7,1,61.5,9,0,2,5,8,Mer,0
4173,feature,65,10,1,2,9.7,0,67.0,14,2,3,1,18,Ven,0
4174,refactor,71,2,3,2,2.5,0,82.8,50,13,2,3,16,Mer,0
4175,feature,122,20,2,2,5.8,1,21.2,37,9,2,3,18,Lun,0
4176,refactor,254,24,7,2,3.1,0,46.9,117,22,1,7,14,Mer,0
4177,feature,65,22,2,1,3.6,1,39.5,84,26,1,7,19,Ven,0
4178,fix,822,20,15,3,8.7,0,94.0,5,1,2,2,13,Mer,1
4179,fix,146,32,6,3,7.5,0,25.6,17,5,1,1,9,Gio,1
4180,fix,115,99,5,2,3.3,0,77.8,84,23,2,2,8,Mar,0
4181,feature,13,10,1,2,12.2,0,81.5,31,13,1,1,15,Mar,0
4182,feature,64,77,4,1,5.6,1,60.7,50,13,2,3,13,Lun,0
4183,feature,33,32,1,1,10.9,1,37.7,18,6,0,2,8,Gio,0
4184,fix,59,115,3,1,7.7,1,93.2,16,4,1,5,10,Ven,0
4185,feature,105,8,5,2,7.6,0,65.5,41,13,2,0,16,Lun,0
4186,refactor,374,7,6,2,14.7,1,73.8,49,12,3,4,18,Gio,0
4187,feature,361,49,7,3,19.6,1,62.6,7,2,1,3,14,Lun,0
4188,feature,14,8,1,1,1.0,0,76.5,2,0,1,6,16,Mar,0
4189,refactor,56,51,2,1,9.7,0,50.3,50,7,1,6,17,Mar,0
4190,refactor,59,199,6,2,6.5,1,81.3,31,4,1,8,14,Mar,0
4191,feature,52,25,3,1,5.3,0,92.6,53,11,1,9,12,Gio,0
4192,feature,82,13,2,1,7.6,1,91.3,14,3,1,4,16,Gio,0
4193,feature,24,142,4,2,34.4,1,33.9,14,1,3,1,15,Gio,1
4194,refactor,915,48,16,4,21.3,1,77.3,25,2,1,5,15,Mer,0
4195,fix,54,37,3,1,6.2,1,49.3,56,13,1,7,21,Mar,0
4196,refactor,61,5,4,1,4.5,1,75.9,6,1,1,1,21,Mer,0
4197,feature,133,21,5,2,11.3,0,81.5,11,4,1,4,13,Mer,0
4198,fix,8,26,3,2,12.2,1,73.3,64,19,3,1,17,Mar,0
4199,fix,41,31,1,1,7.8,1,81.3,43,16,2,0,15,Lun,0
4200,fix,53,304,6,3,12.5,1,77.1,5,0,1,3,9,Ven,0
4201,refactor,29,44,2,1,4.0,0,86.1,23,1,1,6,9,Gio,0
4202,feature,6,209,5,1,6.6,1,44.8,62,16,0,0,8,Mer,0
4203,feature,1374,270,28,6,9.3,1,67.8,7,2,1,5,12,Ven,0
4204,feature,396,86,9,3,3.5,1,66.0,61,10,1,5,16,Mer,0
4205,fix,203,15,5,1,11.4,1,67.2,31,6,2,4,12,Mer,0
4206,feature,179,165,6,3,2.8,0,78.6,35,11,1,8,15,Mar,0
4207,feature,26,41,2,1,6.2,1,71.9,85,21,1,6,10,Mar,1
4208,refactor,104,7,4,2,6.1,1,34.9,42,10,1,1,17,Ven,0
4209,refactor,45,4,2,1,3.6,1,52.2,33,8,3,2,17,Gio,0
4210,feature,95,41,3,2,6.7,0,46.3,53,11,1,3,18,Ven,0
4211,feature,13,33,3,2,14.8,1,44.2,87,22,0,1,10,Mar,0
4212,fix,45,11,3,1,6.0,1,62.2,65,15,1,1,16,Gio,0
4213,refactor,34,78,3,2,3.9,0,81.6,5,0,3,9,21,Gio,0
4214,fix,212,11,5,2,14.9,0,82.8,101,29,1,1,20,Gio,0
4215,refactor,250,7,6,2,3.9,0,32.1,38,11,1,5,14,Lun,0
4216,feature,351,44,8,3,4.6,1,50.0,8,0,1,3,17,Gio,0
4217,fix,180,34,4,2,10.8,0,53.7,17,6,1,4,10,Ven,0
4218,feature,61,30,3,2,4.2,0,69.1,2,0,2,4,12,Mer,0
4219,feature,116,21,5,2,7.6,1,40.8,58,18,2,5,16,Ven,0
4220,feature,52,87,3,1,13.8,1,70.4,26,4,1,2,13,Gio,0
4221,feature,203,7,5,2,9.9,1,54.7,32,11,1,8,13,Gio,0
4222,refactor,142,15,4,2,22.7,1,61.0,31,7,2,3,11,Gio,1
4223,feature,62,17,3,2,30.6,1,87.6,4,1,0,2,13,Mar,0
4224,feature,106,50,3,2,3.3,1,52.8,16,4,1,2,21,Lun,1
4225,fix,46,56,4,1,5.6,0,81.2,93,21,2,4,17,Mer,0
4226,refactor,83,15,3,1,13.7,1,52.1,15,5,1,7,10,Mar,0
4227,feature,79,43,3,2,4.3,0,56.1,88,29,1,4,4,Gio,0
4228,feature,144,81,5,1,14.5,0,70.1,37,9,2,5,15,Gio,0
4229,feature,9,130,4,2,9.3,0,66.1,27,6,1,3,17,Mer,0
4230,fix,51,21,5,1,10.2,1,61.8,10,0,1,6,10,Lun,0
4231,refactor,225,97,6,3,14.5,1,71.4,14,5,1,4,11,Mar,0
4232,feature,214,207,10,2,5.3,0,40.1,14,1,2,1,14,Gio,0
4233,feature,219,36,5,2,10.9,1,29.4,63,16,1,3,19,Lun,1
4234,refactor,394,32,8,2,10.8,0,46.7,14,5,1,4,16,Ven,1
4235,fix,98,42,2,1,5.5,0,52.9,34,9,1,3,15,Gio,0
4236,refactor,109,52,4,1,2.5,1,68.5,7,1,2,4,16,Lun,0
4237,feature,102,37,2,2,17.8,0,57.9,17,6,1,6,10,Mer,0
4238,refactor,394,26,7,3,8.1,1,70.6,20,5,1,5,16,Gio,0
4239,feature,698,663,23,5,21.6,0,66.4,62,16,2,6,16,Gio,1
4240,feature,31,9,2,1,6.3,0,37.3,71,19,1,5,16,Mar,0
4241,feature,10,102,2,2,16.3,1,47.4,39,7,2,5,13,Mer,0
4242,fix,680,37,14,3,5.6,1,68.2,4,0,1,7,15,Ven,0
4243,refactor,112,8,4,2,5.2,0,73.0,45,11,1,6,8,Mer,0
4244,feature,17,56,1,1,3.0,0,76.7,54,15,1,3,14,Mer,0
4245,feature,22,4,1,2,3.6,0,53.2,19,7,1,4,18,Mar,0
4246,fix,155,52,4,1,7.6,1,42.0,36,8,2,4,14,Lun,0
4247,feature,93,76,5,2,7.1,0,81.8,92,26,1,5,14,Gio,0
4248,feature,221,35,4,1,8.5,0,69.4,129,35,1,5,20,Lun,0
4249,feature,21,18,2,1,5.8,0,68.2,23,12,1,3,7,Gio,0
4250,feature,482,28,9,3,1.5,1,69.1,12,0,1,8,13,Mer,0
4251,refactor,158,41,6,3,3.2,0,55.3,23,5,2,9,9,Mar,0
4252,feature,249,28,5,1,17.8,1,48.2,55,11,1,3,18,Gio,0
4253,feature,684,8,13,4,17.0,1,62.3,21,5,1,2,12,Mer,0
4254,refactor,200,51,8,3,4.0,1,80.0,56,23,1,6,13,Ven,1
4255,feature,70,120,3,1,4.6,0,79.2,15,7,2,4,14,Mar,0
4256,feature,254,57,6,3,18.1,1,43.3,46,9,1,7,16,Mer,0
4257,refactor,211,4,5,2,11.9,1,77.7,31,6,1,3,11,Mar,0
4258,fix,35,453,9,3,15.9,1,52.7,18,4,2,7,11,Mar,0
4259,feature,22,71,3,2,10.9,1,42.5,16,3,1,3,16,Lun,0
4260,feature,160,19,6,2,5.1,1,85.7,13,1,2,2,17,Mer,0
4261,refactor,42,34,1,1,19.8,1,45.8,18,9,2,4,9,Lun,0
4262,refactor,167,196,6,3,3.6,1,33.1,28,10,0,1,15,Gio,0
4263,feature,155,24,3,2,11.8,0,72.0,3,0,2,2,17,Mar,0
4264,fix,46,71,2,2,6.4,0,59.5,38,13,1,4,18,Mar,1
4265,fix,26,26,2,1,6.9,1,69.0,23,8,1,3,15,Lun,0
4266,feature,162,75,7,3,10.2,0,41.3,7,4,1,5,17,Ven,1
4267,refactor,51,21,4,1,21.2,0,76.0,15,4,1,2,19,Ven,0
4268,feature,33,20,6,3,9.5,0,49.7,21,8,1,5,8,Ven,0
4269,feature,35,240,8,3,7.4,1,73.4,12,4,1,3,14,Lun,0
4270,feature,118,98,4,2,9.6,1,73.2,65,20,2,4,8,Mer,0
4271,fix,209,15,6,2,10.0,1,55.2,46,18,1,3,11,Gio,0
4272,feature,107,58,5,2,13.8,1,28.2,13,3,2,5,11,Mer,0
4273,feature,15,89,7,3,9.1,1,57.3,14,4,1,1,17,Mar,0
4274,feature,62,152,4,2,1.2,1,63.8,17,4,1,2,11,Gio,0
4275,refactor,289,232,10,3,3.9,0,53.3,58,10,1,1,15,Mar,0
4276,refactor,97,634,15,4,9.2,0,76.2,29,4,1,5,14,Gio,1
4277,fix,353,59,7,2,1.2,0,71.9,32,5,1,5,14,Gio,0
4278,refactor,537,89,11,4,9.5,0,52.0,9,1,1,7,21,Lun,1
4279,feature,44,52,3,1,4.8,0,50.3,7,3,2,3,18,Gio,0
4280,fix,38,56,5,2,6.3,1,85.7,16,5,1,4,9,Lun,0
4281,fix,30,68,3,2,12.9,0,65.6,61,21,1,4,9,Ven,0
4282,feature,164,124,7,2,6.7,1,69.1,20,4,3,5,15,Mar,0
4283,fix,190,101,6,2,19.5,1,60.4,76,20,2,1,18,Ven,0
4284,fix,14,121,2,1,9.0,1,80.1,21,4,2,2,8,Mer,0
4285,feature,333,38,7,3,14.5,1,38.7,28,7,1,5,9,Lun,0
4286,fix,145,2,3,1,6.0,1,33.4,82,22,1,3,15,Gio,0
4287,feature,163,22,6,2,1.5,0,64.8,37,7,1,4,17,Gio,0
4288,feature,64,27,3,2,3.4,0,37.7,35,10,1,4,9,Gio,0
4289,feature,13,16,2,2,6.8,1,90.3,44,12,3,3,19,Mer,0
4290,refactor,165,14,4,2,19.5,1,70.9,42,9,1,2,16,Mar,0
4291,refactor,202,12,5,2,5.4,1,69.8,10,0,1,5,16,Mar,0
4292,fix,46,5,2,2,12.7,0,50.9,24,4,0,0,14,Gio,0
4293,feature,239,18,5,2,10.2,1,62.6,8,2,1,1,7,Lun,0
4294,feature,47,3,3,1,8.3,0,63.8,39,17,3,4,16,Lun,0
4295,feature,31,55,4,2,6.1,0,87.7,33,2,1,2,16,Gio,0
4296,feature,148,157,5,1,16.3,0,33.7,56,14,2,8,13,Mar,1
4297,fix,214,84,7,3,2.6,1,55.0,7,3,1,3,11,Gio,0
4298,refactor,64,13,2,2,7.7,1,65.2,32,1,2,1,19,Lun,1
4299,fix,210,50,5,1,4.2,1,75.6,18,6,0,0,15,Gio,0
4300,feature,26,20,3,1,19.8,0,73.1,43,9,2,6,14,Gio,0
4301,feature,9,200,4,2,4.2,1,81.2,23,4,1,4,7,Ven,0
4302,fix,13,24,3,1,15.6,1,74.8,20,7,2,1,16,Lun,0
4303,feature,332,17,10,3,4.4,0,34.2,24,8,1,3,13,Lun,0
4304,feature,80,44,4,1,21.4,1,76.0,6,4,1,3,2,Lun,0
4305,feature,64,25,3,2,10.0,1,84.0,10,2,2,5,11,Mer,0
4306,feature,92,104,4,2,5.8,1,49.7,41,12,1,2,13,Lun,0
4307,refactor,67,10,1,1,6.7,1,76.2,21,7,1,1,0,Gio,0
4308,fix,135,4,4,2,14.5,0,53.8,38,14,1,4,20,Mar,0
4309,refactor,838,10,15,4,13.3,0,53.7,46,13,2,9,17,Mar,0
4310,feature,47,9,2,2,11.8,0,45.7,47,10,1,3,10,Mar,1
4311,feature,544,4,9,2,16.9,0,67.3,39,15,1,5,15,Lun,1
4312,feature,484,133,10,2,8.5,1,66.5,30,9,1,1,15,Lun,0
4313,refactor,28,196,5,1,6.4,1,70.0,45,8,1,4,12,Gio,0
4314,feature,203,175,7,2,6.3,0,73.6,38,9,1,3,8,Gio,1
4315,feature,198,74,5,1,8.5,0,56.8,6,3,3,3,14,Mer,0
4316,refactor,188,26,7,2,6.9,1,59.5,53,14,1,5,8,Mer,1
4317,fix,172,38,7,2,8.2,1,52.4,28,4,2,5,17,Mer,0
4318,feature,399,8,7,2,14.2,1,97.9,21,5,3,8,16,Mar,0
4319,feature,84,41,3,2,9.7,0,72.4,4,0,1,5,11,Lun,0
4320,feature,1501,50,28,6,5.1,1,81.5,72,19,2,8,14,Mer,0
4321,fix,86,4,4,1,10.8,0,40.5,59,14,1,5,16,Mer,0
4322,fix,75,40,4,2,17.5,0,66.7,24,4,2,6,15,Gio,0
4323,refactor,286,55,7,2,11.6,1,71.0,25,5,2,3,18,Mer,0
4324,fix,44,13,3,1,14.8,1,52.1,25,5,1,2,12,Ven,0
4325,feature,976,4,16,5,6.3,0,75.2,17,5,1,5,15,Mar,1
4326,refactor,37,42,3,2,2.7,1,51.1,45,9,1,5,11,Ven,0
4327,feature,47,2,3,2,8.7,1,46.0,53,12,2,1,8,Lun,0
4328,fix,23,1,2,1,2.3,0,66.6,17,6,0,1,17,Mar,0
4329,fix,269,10,6,2,2.9,0,32.1,31,6,1,6,18,Mar,0
4330,feature,65,99,4,2,4.1,1,79.8,28,7,1,6,9,Mar,0
4331,fix,146,10,4,2,8.1,0,57.2,47,9,1,0,16,Gio,0
4332,feature,30,24,3,1,8.5,0,41.1,24,10,1,3,10,Gio,0
4333,fix,33,97,2,2,4.5,1,69.5,74,18,1,6,14,Lun,0
4334,fix,32,48,2,2,6.5,1,55.1,54,14,2,2,18,Gio,0
4335,refactor,424,47,9,3,3.7,1,62.2,47,10,1,6,12,Ven,0
4336,feature,313,3,10,3,12.2,0,82.8,15,3,2,6,8,Ven,1
4337,fix,184,14,6,3,8.2,1,77.1,51,19,0,0,10,Mer,0
4338,refactor,107,66,4,1,2.7,0,57.3,44,6,2,5,16,Ven,0
4339,fix,267,25,6,3,7.3,0,68.5,14,2,1,3,16,Lun,0
4340,feature,111,326,7,2,6.5,1,53.7,20,6,1,11,16,Ven,0
4341,feature,272,186,8,3,11.1,1,68.8,15,3,0,0,10,Gio,1
4342,fix,69,297,6,3,23.4,0,65.2,32,8,1,4,11,Ven,1
4343,refactor,16,10,1,2,9.3,1,34.7,15,2,2,0,10,Mar,0
4344,feature,27,28,1,1,22.0,1,86.6,62,13,2,3,10,Lun,0
4345,feature,45,14,5,2,3.6,0,67.9,1,0,2,3,17,Gio,0
4346,fix,253,60,5,1,1.8,0,77.2,27,8,1,3,10,Mar,0
4347,refactor,117,11,6,3,2.4,1,56.8,24,5,3,1,13,Mer,0
4348,feature,488,44,10,3,7.0,1,78.6,20,6,1,0,15,Mer,0
4349,fix,47,47,4,1,15.1,1,56.2,1,0,1,5,15,Mar,0
4350,feature,71,182,4,1,22.5,1,83.0,49,15,1,2,15,Mar,0
4351,fix,24,49,2,1,11.9,1,70.2,21,3,2,1,14,Gio,0
4352,feature,48,103,7,3,7.0,1,50.7,59,13,1,2,12,Ven,0
4353,fix,14,4,1,1,13.6,0,53.4,61,17,1,3,17,Lun,0
4354,feature,225,25,5,2,8.3,0,16.6,13,5,2,1,16,Ven,0
4355,feature,100,100,3,2,7.5,1,56.0,20,7,1,4,9,Gio,0
4356,feature,104,4,3,1,3.5,0,58.5,46,21,1,3,11,Ven,0
4357,refactor,562,102,11,3,12.0,1,37.6,26,7,1,6,17,Lun,0
4358,fix,73,67,2,1,9.8,0,49.9,15,7,0,1,17,Mer,0
4359,refactor,123,40,6,2,24.1,1,58.5,39,12,2,6,14,Mer,0
4360,feature,34,32,2,2,14.2,0,73.6,10,1,3,5,9,Gio,0
4361,refactor,416,26,7,3,3.3,1,64.5,21,8,2,7,21,Mar,0
4362,feature,8,21,5,1,15.6,0,41.0,32,8,2,4,14,Lun,0
4363,feature,11,15,1,2,10.9,0,69.6,33,10,1,0,19,Mer,0
4364,fix,152,244,9,3,10.7,1,67.1,30,8,2,4,11,Mer,0
4365,refactor,26,8,2,2,2.4,0,67.6,25,6,1,3,17,Gio,0
4366,refactor,547,106,12,3,6.4,0,54.0,51,13,1,7,9,Ven,0
4367,feature,27,10,3,1,5.1,0,82.6,11,2,1,1,14,Lun,0
4368,feature,128,20,3,2,5.3,1,49.4,60,18,2,4,12,Mar,0
4369,feature,255,96,6,3,4.2,1,57.9,141,45,1,7,10,Gio,0
4370,refactor,336,21,9,2,6.6,1,60.3,2,0,1,6,5,Ven,1
4371,feature,132,27,5,2,6.9,1,60.2,17,5,1,5,19,Gio,0
4372,fix,9,7,1,1,15.7,0,34.9,11,2,2,4,16,Ven,0
4373,feature,222,111,11,4,3.6,0,60.3,21,7,1,7,15,Gio,0
4374,feature,19,14,5,1,7.0,0,59.3,5,2,3,0,15,Ven,0
4375,refactor,203,85,6,2,10.4,0,57.3,18,4,1,3,8,Gio,0
4376,fix,187,52,4,1,10.7,1,52.5,41,16,1,6,16,Ven,0
4377,feature,140,31,3,1,4.8,0,41.9,68,19,2,1,15,Mer,0
4378,refactor,157,51,4,1,6.1,1,74.9,20,2,1,6,10,Lun,0
4379,fix,25,66,5,1,4.3,1,56.0,10,3,1,8,13,Mer,0
4380,feature,313,20,7,2,7.1,1,78.1,33,6,1,5,12,Lun,0
4381,fix,48,14,3,1,7.9,0,69.6,53,13,1,5,17,Mar,1
4382,feature,61,222,8,3,31.8,0,77.2,20,5,3,4,11,Mar,0
4383,fix,271,34,5,2,6.0,0,57.2,32,9,2,4,19,Mer,1
4384,fix,93,4,3,1,6.5,0,37.9,25,3,1,4,19,Lun,0
4385,fix,26,16,3,1,2.2,1,56.1,25,5,3,4,9,Mar,0
4386,feature,37,7,2,2,21.2,0,70.8,39,5,3,1,11,Lun,0
4387,feature,698,4,13,4,17.1,1,48.9,11,4,1,12,17,Gio,1
4388,feature,42,10,4,2,6.4,1,54.7,11,6,1,2,16,Gio,0
4389,refactor,63,56,4,2,5.9,0,74.2,73,23,2,3,19,Ven,0
4390,fix,70,67,4,2,15.3,1,64.8,65,13,1,4,12,Lun,0
4391,feature,282,27,5,1,8.2,1,80.9,10,2,1,5,14,Mer,0
4392,feature,111,7,2,2,12.6,1,77.7,44,8,1,2,16,Lun,0
4393,fix,90,193,5,2,7.0,1,57.5,22,2,2,5,12,Mer,0
4394,feature,76,104,4,2,10.0,0,44.9,13,2,3,8,17,Lun,0
4395,feature,511,21,9,2,4.7,0,59.9,14,3,1,5,8,Mar,1
4396,refactor,410,16,10,2,5.0,1,56.0,24,5,1,6,14,Gio,0
4397,feature,73,55,2,2,8.3,1,84.3,17,2,0,0,19,Mer,0
4398,refactor,45,15,1,1,11.1,1,54.4,32,7,1,6,16,Mar,0
4399,feature,82,22,2,2,9.4,1,60.6,21,4,1,5,16,Gio,0
4400,refactor,79,16,4,2,5.8,0,32.0,74,25,1,3,8,Ven,0
4401,fix,147,193,8,2,11.9,1,57.0,74,22,1,5,14,Mer,0
4402,refactor,167,62,6,3,14.2,0,71.9,23,5,2,1,15,Mar,0
4403,fix,280,5,7,2,12.4,0,78.3,55,13,1,5,11,Lun,0
4404,fix,17,46,2,1,4.1,0,92.5,10,4,2,2,11,Gio,0
4405,fix,60,63,5,1,6.3,1,77.4,42,14,1,0,12,Mar,0
4406,fix,63,152,4,2,13.0,1,74.9,103,33,2,8,12,Ven,0
4407,feature,48,182,6,2,12.3,0,44.9,7,3,2,5,11,Ven,1
4408,feature,490,25,11,3,5.0,0,54.7,50,15,2,4,12,Mer,0
4409,feature,107,180,7,2,17.4,0,70.3,50,17,1,5,16,Lun,0
4410,feature,119,7,4,1,16.0,0,68.9,14,2,3,4,11,Mer,0
4411,fix,108,9,3,2,8.5,1,37.8,7,1,1,4,17,Mar,0
4412,feature,20,20,3,1,9.5,0,64.3,55,10,2,4,10,Ven,0
4413,feature,320,23,6,2,9.1,0,77.4,42,12,1,5,10,Gio,0
4414,feature,115,71,4,1,7.6,1,52.5,21,5,1,4,13,Gio,0
4415,fix,212,3,6,3,1.2,1,52.6,11,1,3,2,13,Mer,0
4416,refactor,20,46,2,2,9.9,1,56.2,37,3,1,4,12,Mar,0
4417,feature,112,5,3,2,1.0,1,67.4,33,10,3,2,9,Mer,0
4418,fix,75,10,3,2,9.6,1,36.6,71,18,1,3,14,Gio,0
4419,fix,46,12,2,1,1.5,0,70.6,45,9,1,1,7,Mer,0
4420,fix,1633,72,30,7,4.1,1,44.4,26,12,2,4,15,Lun,0
4421,feature,96,63,3,1,12.0,1,51.7,9,0,2,4,17,Lun,0
4422,feature,283,32,6,3,2.9,1,56.1,53,16,0,1,11,Ven,0
4423,feature,10,275,6,3,8.8,1,55.8,13,3,3,1,11,Mer,0
4424,refactor,134,14,3,2,13.5,0,63.4,38,11,1,2,13,Gio,0
4425,feature,66,43,4,2,12.7,1,60.9,11,4,1,2,17,Mar,0
4426,feature,57,59,5,2,8.5,1,77.7,29,8,1,5,18,Mer,0
4427,feature,306,82,6,3,9.2,1,59.3,18,4,0,1,8,Lun,0
4428,refactor,31,20,1,2,8.4,0,75.2,19,1,1,3,14,Lun,0
4429,feature,56,59,4,2,2.3,1,71.2,18,4,1,2,14,Mer,0
4430,feature,52,59,3,2,13.1,1,87.1,44,10,0,1,14,Gio,0
4431,refactor,614,2,13,4,7.2,1,65.6,69,15,1,1,9,Mar,0
4432,feature,309,39,10,3,11.5,0,69.8,64,13,3,2,13,Mar,0
4433,feature,47,14,3,2,10.0,0,57.1,62,19,3,1,10,Ven,0
4434,refactor,19,19,1,1,3.0,1,87.4,11,3,1,2,10,Gio,0
4435,feature,418,15,7,3,7.8,0,75.3,105,26,2,4,11,Mer,0
4436,refactor,15,66,3,1,7.1,0,76.3,3,1,1,2,14,Mer,0
4437,feature,26,16,4,1,7.0,0,52.2,26,7,3,4,12,Mar,0
4438,fix,32,59,5,1,10.0,1,59.2,8,3,1,7,14,Ven,0
4439,refactor,46,21,2,2,7.3,0,80.8,29,6,3,2,14,Mer,0
4440,feature,133,17,3,1,6.3,1,66.3,28,5,2,1,8,Lun,0
4441,fix,264,105,8,2,1.7,1,67.3,55,15,1,1,12,Lun,0
4442,fix,38,52,5,2,6.8,1,40.4,26,3,2,4,15,Gio,0
4443,refactor,58,17,4,2,13.9,1,49.5,27,7,1,6,10,Gio,1
4444,feature,117,5,5,2,14.4,1,93.2,16,2,2,2,12,Gio,0
4445,refactor,11,261,9,3,4.3,1,45.1,21,4,2,4,12,Lun,0
4446,fix,139,232,8,2,10.0,1,47.5,20,3,0,1,12,Gio,0
4447,fix,69,67,3,1,5.2,1,67.9,48,12,2,3,17,Ven,0
4448,feature,24,16,2,1,10.7,1,25.6,42,9,1,2,10,Mar,0
4449,feature,247,110,7,3,1.9,0,62.7,41,10,3,4,16,Gio,0
4450,feature,31,39,3,2,2.6,0,44.2,94,26,2,3,13,Lun,0
4451,feature,135,89,8,2,9.7,1,68.4,28,7,1,3,12,Mar,0
4452,refactor,311,4,5,2,17.2,0,77.3,8,2,1,7,14,Gio,1
4453,feature,69,12,2,2,5.5,1,67.3,22,3,2,6,11,Lun,0
4454,feature,22,14,2,2,6.1,1,81.6,20,4,1,4,20,Mer,0
4455,refactor,45,86,3,1,10.4,1,47.3,10,2,1,3,14,Ven,1
4456,feature,55,20,2,2,25.8,1,43.9,26,3,1,3,17,Mar,0
4457,feature,39,140,3,2,37.7,1,89.7,49,14,1,3,12,Ven,0
4458,fix,101,407,9,2,5.2,1,80.6,40,11,1,2,7,Mer,0
4459,feature,667,22,14,4,8.1,1,71.2,5,3,2,4,8,Gio,0
4460,feature,2271,16,38,8,15.7,1,93.3,57,15,3,7,12,Lun,0
4461,fix,154,46,4,1,11.4,0,59.1,100,21,2,4,10,Lun,0
4462,fix,53,52,4,2,9.2,1,74.1,24,3,1,5,15,Lun,0
4463,fix,305,20,7,3,5.4,1,39.5,11,2,3,3,10,Mar,0
4464,fix,125,276,9,3,5.6,0,76.8,84,25,2,6,11,Lun,1
4465,feature,525,56,11,4,6.3,0,82.5,37,5,1,6,9,Mar,1
4466,feature,20,7,2,2,5.7,1,42.4,20,7,2,3,8,Mer,0
4467,fix,84,8,5,1,6.2,1,75.7,14,2,1,2,18,Lun,0
4468,feature,261,17,7,3,10.0,0,52.1,8,3,1,4,13,Gio,0
4469,feature,32,19,4,2,8.1,1,49.5,31,6,2,3,10,Lun,0
4470,feature,61,24,1,1,9.0,0,47.8,74,18,2,4,18,Lun,0
4471,feature,54,18,7,2,9.0,1,87.3,81,14,2,2,20,Gio,0
4472,feature,320,11,8,2,15.6,1,24.9,34,7,1,3,18,Mer,0
4473,feature,14,108,8,3,10.6,0,39.0,31,7,1,3,16,Lun,0
4474,refactor,413,6,8,2,3.8,1,72.7,57,7,1,6,20,Mer,0
4475,refactor,63,182,4,2,6.1,1,65.8,44,12,1,4,11,Mer,0
4476,feature,154,2,3,2,27.1,1,66.9,15,3,1,4,12,Mar,0
4477,feature,817,59,17,5,3.9,1,40.5,19,2,1,6,14,Ven,1
4478,feature,72,384,8,3,1.7,0,70.4,19,5,1,7,17,Ven,1
4479,fix,182,10,8,3,7.3,1,70.5,40,13,3,4,19,Mar,0
4480,feature,61,53,6,2,7.9,1,59.2,78,20,1,4,17,Mer,0
4481,fix,77,15,5,1,7.4,1,47.9,17,4,1,3,15,Mar,0
4482,fix,26,35,1,1,9.4,0,81.3,39,12,1,6,12,Gio,0
4483,fix,132,7,2,2,7.3,1,69.5,9,4,3,3,16,Mer,0
4484,refactor,91,7,3,2,5.1,1,73.2,25,8,1,3,11,Mer,0
4485,refactor,1090,190,23,5,4.6,0,39.1,61,15,1,9,18,Mar,0
4486,feature,164,149,7,2,4.0,0,39.4,18,5,1,4,14,Mer,0
4487,feature,11,6,1,2,5.1,0,62.7,6,3,1,5,11,Mar,0
4488,refactor,334,17,9,2,9.8,0,81.3,10,1,2,4,18,Mer,0
4489,feature,54,33,3,1,8.7,1,91.7,29,2,1,3,16,Mar,1
4490,fix,79,2,3,1,7.3,1,24.0,24,7,1,4,1,Lun,0
4491,refactor,29,32,2,2,3.2,0,69.6,24,9,1,2,17,Ven,0
4492,feature,15,78,3,1,17.0,1,93.8,12,5,1,2,8,Mar,1
4493,feature,250,23,7,2,6.2,1,56.0,31,2,1,4,14,Mar,0
4494,fix,10,5,2,2,14.1,0,91.4,58,9,2,3,19,Mer,0
4495,fix,410,25,11,3,4.8,0,82.4,31,6,2,1,10,Gio,1
4496,fix,146,20,6,3,14.0,0,80.0,16,3,2,5,13,Mar,0
4497,feature,227,101,5,1,5.4,1,87.2,12,2,3,2,10,Lun,0
4498,feature,5,12,1,2,8.0,0,56.7,72,14,1,1,15,Ven,0
4499,fix,16,45,2,1,7.8,0,59.1,38,12,1,4,18,Mer,0
4500,feature,153,83,7,3,6.6,1,67.1,2,0,1,3,16,Mer,1
4501,feature,125,28,4,1,8.2,1,88.9,24,8,2,4,14,Mar,0
4502,feature,95,2,3,1,7.9,0,43.0,82,17,2,1,11,Mer,0
4503,feature,54,36,7,2,16.7,1,47.6,13,3,1,4,12,Gio,0
4504,fix,41,9,1,1,12.6,1,63.9,25,5,2,1,17,Mar,0
4505,feature,201,6,6,2,4.1,0,66.5,11,3,1,7,14,Mar,0
4506,fix,54,8,3,1,11.0,1,84.2,43,13,0,0,15,Ven,0
4507,refactor,14,29,6,2,8.9,0,70.4,22,4,1,4,8,Lun,0
4508,feature,98,79,4,2,11.6,1,85.6,53,15,1,6,19,Lun,0
4509,feature,151,16,5,2,7.7,0,51.4,50,10,1,0,10,Lun,0
4510,feature,103,9,4,2,5.9,1,62.2,30,8,2,4,14,Mer,0
4511,feature,69,13,1,1,7.7,0,41.8,9,3,2,2,9,Lun,0
4512,refactor,17,52,2,2,10.0,1,39.8,28,8,1,0,15,Mar,0
4513,fix,105,50,3,1,3.4,0,48.6,7,0,3,5,12,Lun,0
4514,feature,137,7,2,2,9.1,1,82.4,8,0,2,3,21,Ven,0
4515,feature,331,13,7,2,18.6,0,66.2,34,6,2,4,20,Mar,1
4516,feature,359,5,7,3,2.9,0,93.7,68,20,1,4,12,Mer,0
4517,fix,37,134,3,2,6.2,1,70.3,51,10,3,6,8,Mer,0
4518,feature,46,25,2,2,28.3,1,59.6,13,5,1,8,9,Gio,0
4519,feature,104,12,4,1,9.2,1,80.1,23,4,0,0,6,Mar,0
4520,refactor,36,15,3,1,6.3,1,75.5,17,5,1,1,9,Ven,0
4521,feature,18,713,15,4,5.8,1,66.2,45,11,1,7,13,Lun,0
4522,fix,31,69,5,2,6.7,1,78.0,43,9,1,4,9,Ven,0
4523,feature,43,211,6,2,10.0,0,62.9,54,11,2,2,11,Lun,0
4524,refactor,189,246,9,2,9.2,1,66.1,37,6,2,6,10,Gio,0
4525,fix,206,89,7,2,11.6,1,46.0,18,7,2,3,16,Ven,0
4526,feature,140,26,5,2,5.3,0,55.6,23,5,3,7,19,Mar,0
4527,feature,139,125,4,2,14.7,1,68.1,29,4,1,7,11,Mar,0
4528,feature,73,11,3,1,5.2,1,54.5,17,7,1,3,7,Mar,0
4529,feature,108,89,4,1,5.3,1,82.5,24,11,1,5,11,Mar,0
4530,feature,392,131,9,2,13.5,1,73.4,35,12,1,5,10,Lun,0
4531,refactor,313,77,7,2,6.4,1,54.4,21,9,2,8,17,Mar,0
4532,fix,57,8,2,2,15.4,1,27.0,66,15,2,2,18,Mer,1
4533,fix,38,1,2,1,4.8,0,67.0,26,5,1,2,11,Gio,0
4534,feature,42,17,1,1,5.8,0,51.4,42,5,1,2,10,Mar,0
4535,feature,264,29,5,1,8.2,1,48.1,32,8,1,5,16,Ven,1
4536,feature,75,15,2,1,4.4,0,48.8,20,3,2,4,17,Mer,0
4537,refactor,78,88,4,1,5.5,1,13.3,91,25,0,0,11,Ven,0
4538,feature,66,80,3,1,9.3,1,76.7,15,5,2,5,17,Mer,0
4539,feature,44,10,2,1,10.2,1,68.2,21,2,1,3,12,Ven,0
4540,refactor,153,5,4,1,15.5,1,76.3,61,12,1,3,16,Mer,0
4541,refactor,48,80,6,3,3.6,1,39.8,40,12,1,5,15,Ven,0
4542,feature,205,14,4,2,11.0,0,63.5,43,12,1,2,10,Mer,0
4543,feature,13,91,3,1,3.8,0,85.8,36,7,1,5,15,Mer,0
4544,refactor,215,13,6,3,6.0,1,38.8,22,3,1,1,10,Mer,0
4545,feature,111,1,4,2,11.7,0,53.3,12,5,1,2,17,Ven,1
4546,feature,45,3,2,2,11.6,1,60.6,7,2,1,2,14,Ven,0
4547,fix,140,27,6,3,13.5,0,66.4,14,4,1,4,8,Gio,0
4548,feature,124,271,9,2,6.0,1,43.0,15,2,1,3,17,Mar,0
4549,feature,81,1103,22,5,5.8,0,19.1,53,23,1,5,17,Mer,0
4550,feature,173,10,6,2,14.6,1,50.1,45,10,1,3,10,Lun,0
4551,feature,9,20,1,2,8.4,0,43.7,47,16,1,5,14,Mer,0
4552,fix,189,33,6,3,4.8,0,76.5,126,37,3,5,10,Lun,0
4553,fix,275,21,7,3,1.8,1,33.7,21,8,1,5,13,Ven,0
4554,feature,66,26,4,1,21.2,0,51.7,24,3,1,1,10,Mer,0
4555,fix,252,31,5,2,8.5,0,69.3,61,17,1,3,17,Mer,0
4556,refactor,231,16,5,1,10.3,1,78.8,22,4,3,5,19,Mar,0
4557,refactor,194,50,5,1,10.5,1,88.6,62,17,1,6,18,Lun,0
4558,refactor,80,40,7,3,3.0,1,73.7,15,3,1,3,12,Mar,0
4559,fix,32,8,3,2,5.4,0,60.4,24,6,2,1,16,Lun,0
4560,refactor,17,28,2,1,18.3,1,31.5,11,2,1,3,17,Lun,1
4561,feature,73,16,2,1,15.4,0,49.9,18,6,1,2,14,Mar,0
4562,feature,177,32,4,1,7.8,1,66.2,62,16,2,2,11,Mar,0
4563,refactor,20,107,3,2,9.9,1,58.2,76,14,1,3,12,Lun,0
4564,feature,206,35,4,1,4.4,0,81.9,54,12,1,4,21,Mer,0
4565,feature,152,19,5,2,4.3,1,64.9,73,19,2,7,12,Lun,0
4566,fix,65,0,3,1,4.5,1,63.6,6,1,3,4,17,Ven,0
4567,feature,216,13,6,3,2.2,0,64.1,40,12,3,2,17,Lun,0
4568,fix,37,22,2,1,5.5,1,64.2,28,8,3,6,10,Lun,0
4569,feature,78,15,4,2,8.2,1,64.6,34,15,2,3,15,Ven,0
4570,feature,23,57,2,1,6.4,0,20.0,38,4,3,5,17,Ven,0
4571,fix,119,131,7,2,6.4,1,55.8,16,2,2,4,6,Gio,0
4572,refactor,80,6,3,1,9.4,1,71.6,55,16,1,7,16,Mer,0
4573,feature,125,43,6,3,6.5,1,73.5,15,3,1,7,17,Mer,0
4574,fix,67,4,2,2,20.1,1,38.1,32,10,0,0,23,Lun,1
4575,fix,38,257,8,3,12.4,0,57.7,48,17,3,2,14,Gio,0
4576,fix,516,100,12,4,9.1,0,52.5,4,0,2,3,10,Gio,1
4577,feature,25,417,8,3,20.9,1,95.0,10,4,3,5,11,Gio,0
4578,feature,32,12,2,1,3.7,1,39.6,61,16,1,1,11,Mar,0
4579,feature,42,32,2,2,4.4,1,83.4,12,2,1,4,19,Gio,0
4580,fix,79,6,3,2,17.6,1,45.3,18,7,2,2,19,Lun,0
4581,feature,49,45,4,2,16.2,1,63.8,52,11,1,2,7,Mer,0
4582,fix,266,4,4,2,18.5,1,64.6,3,1,1,3,7,Gio,0
4583,feature,131,22,5,2,10.0,0,58.4,12,2,3,5,15,Gio,0
4584,feature,234,19,7,3,6.5,0,49.2,15,5,2,2,15,Lun,0
4585,fix,368,92,10,2,4.2,0,68.9,17,6,2,2,14,Gio,0
4586,fix,5,7,1,1,7.5,1,90.1,18,6,0,1,16,Ven,0
4587,feature,119,22,6,2,3.7,1,81.4,28,10,2,4,16,Lun,0
4588,refactor,237,72,6,3,7.0,1,58.2,59,10,2,5,15,Mar,0
4589,fix,84,10,3,1,7.7,0,74.5,53,14,2,2,9,Mer,0
4590,fix,395,107,9,2,1.1,0,55.7,129,29,1,7,10,Ven,0
4591,feature,180,13,3,1,7.7,0,71.8,81,20,2,3,15,Mer,0
4592,refactor,217,31,5,1,1.5,0,73.5,17,3,1,3,3,Ven,0
4593,fix,69,26,4,2,6.2,0,57.6,27,8,1,3,15,Mer,0
4594,feature,31,65,3,2,3.0,0,72.3,22,6,1,0,9,Ven,0
4595,feature,41,61,2,2,9.4,1,56.6,34,12,1,5,11,Gio,0
4596,fix,189,12,5,2,7.0,1,63.1,10,2,2,0,13,Lun,0
4597,feature,23,15,4,1,5.8,0,60.8,23,7,3,2,14,Mar,0
4598,feature,9,82,3,2,1.0,1,54.8,6,1,1,4,16,Mar,0
4599,feature,393,12,9,2,3.6,0,69.2,28,7,0,1,19,Lun,1
4600,feature,3,9,1,1,8.0,0,69.0,25,12,2,0,11,Mer,0
4601,feature,61,27,2,1,3.7,1,68.8,52,15,1,4,16,Mer,0
4602,feature,147,72,6,2,4.1,0,54.4,78,26,1,6,10,Lun,0
4603,refactor,13,60,1,1,2.5,1,69.1,11,2,2,3,16,Lun,0
4604,feature,4,81,2,1,11.2,0,76.8,39,9,1,6,16,Ven,0
4605,feature,8,35,2,2,9.2,0,70.5,75,20,1,1,8,Mer,0
4606,feature,108,38,3,1,6.1,0,59.2,8,2,2,4,9,Lun,0
4607,feature,563,75,12,3,8.7,1,88.9,87,26,1,5,8,Lun,0
4608,fix,312,10,5,2,9.7,1,42.4,29,8,1,3,11,Lun,0
4609,fix,311,27,10,2,5.3,0,69.9,24,5,1,3,9,Gio,0
4610,fix,81,9,5,2,7.8,1,54.1,47,18,2,5,10,Gio,0
4611,feature,36,48,2,2,20.3,1,85.5,23,9,3,5,9,Gio,0
4612,feature,24,43,1,2,11.0,1,72.2,46,10,0,1,10,Ven,0
4613,feature,95,201,7,2,10.8,0,47.9,64,21,1,5,14,Mer,0
4614,fix,107,184,6,2,8.8,0,67.0,76,21,3,4,4,Mar,0
4615,feature,15,20,2,2,5.9,1,88.3,29,9,1,4,16,Lun,0
4616,refactor,22,42,5,1,15.1,0,77.1,48,9,1,4,14,Gio,0
4617,fix,11,27,1,1,12.6,1,66.2,36,7,2,4,9,Gio,0
4618,fix,23,106,4,1,11.7,1,76.2,13,4,2,2,18,Lun,0
4619,fix,98,152,4,1,5.1,0,71.5,43,9,1,7,9,Ven,0
4620,refactor,40,51,3,1,10.3,0,60.8,28,3,1,5,19,Mer,0
4621,refactor,11,41,4,2,21.4,0,49.3,6,3,3,2,13,Mar,1
4622,fix,74,3,2,1,9.4,1,79.8,6,3,1,2,12,Mer,0
4623,feature,129,26,7,2,8.4,1,72.4,150,42,2,3,11,Lun,0
4624,fix,71,29,3,1,8.1,0,48.8,29,8,1,2,10,Mer,0
4625,fix,409,5,9,3,2.4,0,36.1,68,16,2,4,0,Lun,1
4626,fix,81,18,4,1,1.0,0,73.4,43,13,1,4,14,Lun,0
4627,feature,140,25,5,2,5.9,1,78.1,5,1,1,6,11,Mer,0
4628,fix,55,98,3,1,22.7,1,86.2,12,2,1,4,12,Lun,0
4629,fix,248,7,8,3,5.4,1,70.4,35,9,1,3,13,Ven,0
4630,feature,81,11,3,1,4.0,1,45.3,18,5,0,3,10,Gio,0
4631,feature,21,2,3,2,2.7,1,47.6,32,5,2,5,15,Lun,0
4632,fix,174,28,3,2,3.2,1,61.9,32,11,1,9,19,Mar,0
4633,feature,19,11,1,2,4.7,1,39.4,62,13,2,3,16,Mer,0
4634,refactor,107,126,4,2,13.5,1,60.7,24,2,2,7,12,Ven,0
4635,feature,65,14,4,2,1.4,1,55.2,64,18,2,3,18,Mar,0
4636,fix,689,53,12,4,5.6,0,77.3,66,18,1,9,17,Lun,0
4637,feature,83,28,2,2,10.4,0,76.1,5,1,0,1,11,Ven,0
4638,feature,19,15,3,2,13.3,1,46.2,37,11,1,0,12,Lun,0
4639,feature,13,3,1,1,13.9,1,36.9,25,9,1,2,16,Mar,0
4640,fix,33,19,1,1,6.9,1,39.5,11,1,2,3,10,Mar,0
4641,feature,35,72,4,1,16.3,0,49.7,15,3,3,5,19,Lun,0
4642,fix,27,26,1,1,10.4,1,81.3,33,7,3,6,3,Mer,0
4643,fix,28,34,4,2,11.3,0,44.1,29,16,1,1,11,Ven,0
4644,feature,87,19,3,2,10.3,0,46.9,20,7,2,4,16,Ven,0
4645,fix,103,28,3,1,4.8,0,76.2,39,5,1,3,10,Mar,0
4646,refactor,513,128,12,3,16.9,1,79.2,41,11,2,5,17,Mar,0
4647,refactor,257,29,5,2,4.7,0,59.0,58,12,1,3,13,Lun,0
4648,refactor,150,10,5,1,3.8,1,45.2,38,2,1,7,11,Lun,0
4649,feature,72,59,7,3,11.1,1,62.5,70,21,1,6,22,Lun,0
4650,fix,181,24,3,1,10.6,1,40.3,52,10,1,7,16,Lun,1
4651,feature,79,13,2,2,19.3,0,83.8,4,0,2,3,19,Mer,0
4652,feature,9,16,2,2,5.6,1,45.0,143,34,1,1,17,Mer,0
4653,feature,69,48,3,2,7.3,1,51.1,11,6,1,3,15,Mar,0
4654,fix,160,18,5,1,8.1,1,72.7,57,18,2,3,15,Mer,0
4655,feature,21,5,4,1,8.7,0,77.3,68,19,2,2,10,Gio,0
4656,fix,148,14,4,1,4.3,1,80.7,36,8,1,5,17,Gio,0
4657,feature,133,73,4,1,5.6,0,60.8,9,1,2,2,14,Mar,0
4658,feature,66,6,2,1,4.3,0,58.4,27,8,3,4,10,Gio,0
4659,feature,14,184,3,1,16.9,0,86.0,40,14,1,8,8,Gio,0
4660,feature,253,42,7,2,13.1,0,84.7,35,6,1,0,14,Mer,0
4661,refactor,418,3,9,3,10.1,0,55.3,40,11,1,4,17,Gio,1
4662,feature,138,77,6,3,9.2,1,40.5,66,19,1,6,9,Lun,0
4663,refactor,65,30,3,1,1.6,1,56.6,14,3,2,3,20,Gio,0
4664,refactor,67,132,4,1,8.0,1,51.9,53,16,1,2,9,Mar,0
4665,fix,29,7,2,2,12.7,0,44.6,19,3,2,4,12,Mar,0
4666,feature,21,41,5,1,10.1,0,47.6,19,4,3,4,17,Lun,0
4667,feature,5,30,5,1,7.2,1,77.5,23,9,1,8,10,Mar,0
4668,fix,18,4,1,1,6.3,1,49.2,14,3,2,2,12,Mer,0
4669,refactor,59,14,2,1,5.1,1,74.1,23,6,3,7,16,Mar,0
4670,feature,471,63,12,3,14.6,1,60.2,37,9,1,4,19,Lun,0
4671,feature,171,645,17,5,8.9,0,76.9,34,8,1,12,13,Ven,1
4672,feature,143,22,5,1,4.0,1,67.9,5,0,1,5,20,Mer,0
4673,feature,41,70,4,1,16.2,0,76.3,27,11,1,5,18,Gio,0
4674,feature,53,21,1,2,14.9,0,82.2,16,3,2,3,10,Lun,0
4675,feature,242,76,5,1,13.6,1,65.6,45,9,1,5,13,Gio,0
4676,feature,233,55,5,2,14.7,1,78.2,29,6,2,5,10,Gio,0
4677,fix,41,125,3,2,6.8,1,64.9,85,29,1,4,8,Mar,0
4678,refactor,69,56,2,1,10.1,1,74.9,33,5,2,3,17,Ven,0
4679,feature,222,20,5,2,16.9,0,84.9,24,4,2,1,9,Lun,0
4680,feature,628,186,15,4,7.8,0,78.6,52,12,1,5,3,Mar,1
4681,feature,148,5,5,1,4.6,1,60.6,37,9,2,4,18,Ven,0
4682,feature,653,11,13,4,2.5,1,61.9,26,6,2,3,16,Lun,0
4683,fix,2635,23,45,8,18.3,1,69.4,19,2,2,6,17,Gio,0
4684,feature,9,8,1,1,11.1,1,62.5,20,6,2,3,10,Mar,0
4685,feature,14,55,3,1,4.3,0,55.5,31,6,3,4,12,Gio,0
4686,refactor,64,30,5,2,18.0,0,57.7,27,4,2,2,18,Lun,0
4687,fix,56,58,3,1,10.2,0,65.0,10,2,1,9,17,Mer,0
4688,feature,55,96,4,2,3.1,0,38.7,70,18,1,2,10,Ven,0
4689,feature,6,11,1,2,10.2,0,53.4,50,12,1,1,12,Gio,0
4690,feature,38,26,1,1,9.7,1,26.7,24,6,1,6,10,Gio,0
4691,feature,24,13,3,2,10.7,1,61.6,4,3,2,2,18,Lun,0
4692,refactor,104,7,4,2,6.6,1,51.0,7,4,2,4,10,Mar,0
4693,refactor,55,33,3,1,9.1,1,88.1,19,6,1,5,16,Mer,0
4694,refactor,91,29,5,2,9.6,1,47.8,38,14,1,4,20,Mar,0
4695,refactor,76,15,3,1,20.8,1,68.4,51,16,1,3,4,Lun,0
4696,refactor,710,9,13,3,9.5,1,49.8,7,1,1,1,15,Mer,1
4697,fix,634,33,15,3,9.2,1,59.5,32,6,1,2,17,Mer,0
4698,fix,73,5,3,2,7.6,1,74.3,20,5,1,5,13,Ven,0
4699,feature,126,42,4,2,8.8,0,54.7,61,23,1,2,12,Mer,0
4700,feature,358,4,7,2,12.4,0,35.7,49,23,1,3,15,Mer,1
4701,feature,72,6,3,2,2.9,1,75.2,13,2,1,4,21,Mer,0
4702,feature,71,108,4,2,7.6,1,86.0,10,4,1,1,4,Mar,0
4703,fix,35,11,5,2,6.6,0,74.2,46,13,1,3,10,Gio,0
4704,feature,71,83,4,2,4.0,0,56.4,30,17,1,9,10,Mer,0
4705,fix,119,63,5,1,16.2,0,30.8,16,8,3,6,17,Mar,1
4706,feature,24,53,2,2,9.7,1,88.3,13,1,2,5,12,Lun,0
4707,feature,47,53,2,1,6.1,0,74.2,7,1,1,4,11,Ven,0
4708,feature,129,325,8,2,13.8,0,41.8,14,2,1,3,15,Gio,1
4709,refactor,13,25,2,1,15.1,1,56.0,9,2,1,2,17,Ven,0
4710,feature,230,9,6,2,6.4,1,59.7,5,1,1,2,16,Mar,1
4711,fix,39,62,2,1,2.7,1,85.2,2,2,0,1,9,Gio,0
4712,refactor,100,53,5,2,6.4,0,57.0,54,8,1,4,13,Ven,0
4713,refactor,21,207,6,3,4.1,1,67.3,7,1,1,2,13,Mar,0
4714,feature,182,31,7,2,10.7,1,39.1,15,4,3,7,16,Mar,1
4715,fix,236,117,8,2,3.6,0,87.5,9,2,2,6,14,Mer,0
4716,feature,70,23,4,2,5.4,0,53.4,26,7,1,4,19,Lun,0
4717,fix,218,8,6,2,8.3,1,52.6,50,14,2,4,9,Lun,0
4718,feature,149,65,7,2,12.7,0,64.2,7,2,1,4,18,Gio,0
4719,feature,698,33,13,4,3.2,1,73.3,11,1,1,1,18,Mer,0
4720,feature,386,98,8,3,19.3,1,83.9,38,5,1,7,12,Mar,0
4721,fix,32,2,4,2,4.3,0,72.7,38,2,1,2,19,Gio,0
4722,refactor,47,105,3,2,8.7,1,83.6,5,1,2,2,10,Mar,0
4723,feature,33,76,2,2,6.9,1,53.9,20,4,2,4,15,Ven,0
4724,feature,77,50,3,2,5.8,1,26.7,17,5,2,5,3,Lun,0
4725,fix,569,101,14,4,18.9,0,48.9,8,1,1,1,11,Lun,1
4726,fix,876,39,15,4,4.7,1,75.6,82,13,2,4,15,Lun,0
4727,fix,94,100,6,2,3.5,0,50.7,13,4,1,1,11,Lun,0
4728,feature,7,89,2,2,4.2,1,80.9,24,8,3,3,13,Mar,0
4729,fix,83,16,4,2,3.4,1,78.3,56,15,1,3,10,Gio,0
4730,refactor,17,67,4,1,9.4,1,59.8,25,2,2,1,10,Lun,0
4731,refactor,131,12,3,2,7.8,1,68.9,17,4,1,1,16,Lun,0
4732,feature,36,46,2,1,11.6,0,48.6,4,1,1,3,15,Mer,0
4733,fix,23,4,1,1,9.4,1,68.9,39,16,1,1,9,Ven,0
4734,fix,127,29,6,2,8.6,0,57.5,20,6,2,8,10,Mer,0
4735,refactor,120,20,4,1,3.4,0,67.9,12,0,1,3,20,Mer,0
4736,feature,22,57,2,2,11.3,1,63.8,43,7,1,4,10,Gio,0
4737,feature,65,39,5,2,16.8,0,60.2,63,18,2,5,19,Gio,0
4738,feature,250,38,7,2,4.7,1,42.2,30,6,1,4,8,Gio,0
4739,feature,78,24,2,2,6.7,1,55.1,27,4,1,2,18,Gio,0
4740,refactor,328,78,7,2,9.1,0,63.3,23,6,0,0,14,Mer,1
4741,refactor,14,54,4,2,13.6,0,58.4,13,3,1,1,15,Lun,0
4742,feature,158,4,4,2,7.8,1,46.2,35,5,2,3,19,Ven,0
4743,feature,320,16,8,2,3.6,1,63.2,49,11,2,7,15,Mer,0
4744,feature,182,40,5,2,11.5,0,60.0,10,1,1,2,10,Lun,0
4745,feature,79,21,4,2,5.2,1,67.3,6,2,1,4,12,Ven,1
4746,feature,106,44,6,2,8.7,1,80.8,60,13,1,2,20,Mer,0
4747,refactor,203,17,5,1,4.4,0,65.0,6,1,3,4,13,Mer,0
4748,feature,1292,18,24,5,4.0,0,69.9,5,2,1,8,13,Lun,1
4749,fix,24,51,5,2,5.1,1,68.2,52,17,2,3,12,Mer,0
4750,fix,7,111,2,1,10.4,0,83.3,42,11,1,5,20,Mar,0
4751,feature,147,27,4,1,1.8,1,69.9,56,11,2,3,16,Gio,0
4752,fix,86,69,4,2,11.8,1,80.9,79,19,3,5,11,Mer,0
4753,refactor,9,17,3,1,8.4,1,70.8,27,10,1,2,19,Lun,0
4754,feature,21,77,5,1,12.4,1,45.1,72,13,2,1,19,Ven,1
4755,feature,559,12,13,4,10.4,1,69.4,62,17,3,3,5,Lun,0
4756,feature,88,9,4,2,5.1,1,81.9,56,13,2,6,19,Lun,0
4757,refactor,137,385,10,2,2.7,1,54.7,62,12,1,8,16,Gio,0
4758,feature,310,13,6,3,14.1,0,81.1,36,14,2,5,18,Mar,0
4759,fix,203,6,3,1,2.1,1,64.6,34,12,1,3,16,Mar,0
4760,feature,112,39,3,2,9.4,1,54.4,42,6,2,2,10,Mar,0
4761,feature,577,25,11,4,5.6,1,87.4,27,10,2,3,15,Lun,0
4762,refactor,122,65,9,2,1.0,1,63.9,54,13,1,1,17,Ven,0
4763,feature,34,48,3,2,12.1,1,72.4,2,0,1,0,17,Mar,0
4764,refactor,47,6,2,1,7.4,0,48.6,36,6,2,3,14,Ven,0
4765,feature,170,38,4,1,4.7,1,70.1,11,3,1,2,10,Mar,0
4766,feature,342,31,7,3,12.9,1,61.5,26,3,1,7,12,Gio,0
4767,feature,209,73,7,2,3.1,1,66.0,28,5,1,4,16,Mar,0
4768,feature,66,235,7,3,9.5,1,81.8,58,16,1,6,8,Mer,0
4769,refactor,593,38,12,4,4.7,0,67.1,53,9,3,8,16,Mer,1
4770,fix,181,45,4,2,6.2,1,83.0,26,13,2,4,16,Mar,0
4771,refactor,382,4,8,2,4.3,0,33.6,82,20,2,4,19,Mer,0
4772,refactor,635,160,17,5,5.0,1,85.9,18,6,3,6,15,Mar,0
4773,feature,144,20,3,1,11.2,1,37.3,41,12,2,2,17,Gio,0
4774,feature,128,50,3,2,8.2,0,45.5,7,4,0,1,15,Mar,0
4775,refactor,50,25,2,2,7.6,1,81.5,24,6,1,1,4,Ven,0
4776,fix,65,12,2,1,6.2,0,62.9,12,3,3,2,14,Mer,0
4777,feature,74,46,4,2,9.7,1,49.9,13,3,1,4,11,Mar,0
4778,fix,107,11,2,1,8.6,0,63.9,19,12,1,7,11,Mer,0
4779,fix,48,60,3,1,5.8,1,80.2,30,5,2,3,19,Gio,0
4780,feature,14,111,5,1,2.6,1,90.3,22,6,2,0,9,Ven,0
4781,feature,100,16,3,2,6.7,0,66.9,6,2,2,5,15,Mer,0
4782,feature,391,34,9,2,8.7,1,40.6,16,2,1,2,8,Mar,0
4783,feature,137,11,2,2,6.2,0,51.6,38,8,3,6,14,Mer,0
4784,feature,29,4,4,2,21.0,1,73.4,23,5,2,5,15,Gio,0
4785,feature,167,114,5,2,9.5,1,71.7,74,25,2,5,15,Ven,0
4786,feature,169,33,5,1,3.9,0,49.8,5,0,3,3,15,Mar,0
4787,refactor,8,26,2,1,6.7,0,69.1,47,8,1,4,11,Lun,0
4788,fix,48,11,3,2,1.5,0,69.5,28,9,2,1,12,Mer,0
4789,feature,74,48,4,1,8.3,1,26.1,27,8,2,4,13,Ven,0
4790,fix,83,9,4,2,11.1,1,83.9,75,22,1,4,6,Ven,0
4791,feature,811,17,16,5,10.6,1,23.8,13,3,1,2,11,Gio,0
4792,feature,30,9,3,1,7.3,1,92.0,15,6,1,3,13,Gio,0
4793,feature,33,50,4,2,1.1,0,63.9,7,2,0,0,10,Mer,0
4794,fix,125,90,4,2,5.7,0,59.4,81,24,1,3,12,Mer,0
4795,fix,78,19,4,1,12.9,0,59.5,19,9,2,1,8,Mer,0
4796,fix,27,48,4,1,7.0,0,65.7,66,20,1,6,11,Gio,0
4797,feature,54,10,4,2,9.2,1,57.9,24,6,1,3,9,Mar,0
4798,fix,235,4,4,2,23.9,1,78.0,59,13,2,8,9,Lun,0
4799,refactor,26,17,3,1,6.3,1,91.5,2,0,1,2,9,Gio,0
4800,feature,187,17,3,2,10.2,0,74.7,28,10,1,4,14,Mar,0
4801,feature,14,15,2,1,13.1,1,51.0,32,9,2,2,17,Lun,0
4802,fix,349,34,6,3,7.4,0,66.5,42,9,1,8,15,Ven,1
4803,fix,13,61,3,2,5.1,1,72.3,35,9,2,4,17,Lun,0
4804,refactor,106,82,3,1,10.4,1,49.2,40,11,1,4,11,Mar,0
4805,refactor,57,70,6,2,1.0,1,63.6,67,11,1,4,16,Mer,0
4806,feature,11,152,4,2,11.2,0,42.2,40,13,2,3,21,Mar,0
4807,refactor,79,111,4,2,9.6,1,72.3,29,4,1,4,14,Lun,0
4808,feature,3623,19,62,8,3.5,0,77.4,53,16,2,10,16,Mar,1
4809,refactor,168,1096,21,6,21.3,0,59.3,38,13,1,2,20,Mar,0
4810,feature,53,179,6,3,15.1,1,67.4,115,41,3,3,11,Lun,0
4811,feature,22,43,4,2,7.0,1,53.1,52,15,1,4,16,Lun,0
4812,feature,84,9,6,2,13.5,0,68.2,2,0,1,3,16,Mer,0
4813,fix,44,21,1,2,5.3,1,63.4,50,14,2,1,11,Lun,0
4814,refactor,30,21,2,1,9.9,0,91.8,23,6,1,3,11,Lun,0
4815,feature,16,68,2,1,7.3,1,75.8,76,21,3,9,18,Mar,0
4816,fix,252,14,7,2,6.3,1,66.6,41,12,2,4,11,Gio,0
4817,feature,57,12,2,1,16.8,1,81.2,47,16,2,5,14,Gio,0
4818,refactor,9,40,4,2,8.7,1,83.1,56,14,1,4,23,Mar,0
4819,feature,15,123,7,3,2.7,1,68.5,9,1,1,4,10,Lun,0
4820,feature,80,64,2,2,11.6,1,80.4,13,2,1,4,16,Mar,0
4821,refactor,99,47,3,1,22.0,0,56.2,12,2,1,3,12,Gio,0
4822,feature,223,127,8,3,5.3,1,77.7,43,15,1,5,8,Lun,0
4823,fix,82,88,5,1,6.6,1,44.5,24,6,2,6,10,Lun,0
4824,feature,106,163,7,3,12.9,1,72.9,6,3,1,1,16,Mar,0
4825,feature,70,69,4,2,6.7,1,69.4,41,4,1,6,12,Gio,0
4826,feature,18,37,3,1,5.3,0,74.0,12,2,1,3,10,Lun,1
4827,feature,143,33,3,1,6.9,0,39.5,18,6,0,2,15,Gio,0
4828,feature,13,39,3,2,11.3,1,68.7,25,6,1,2,8,Mar,0
4829,fix,621,23,13,3,4.7,0,74.1,21,5,1,7,18,Ven,0
4830,feature,62,30,2,2,20.2,1,83.0,13,2,1,3,15,Mar,1
4831,feature,34,62,2,1,12.7,1,63.3,13,5,3,7,10,Mar,0
4832,feature,175,54,5,1,10.5,0,85.2,22,4,1,4,12,Mar,0
4833,fix,375,861,22,6,15.2,0,86.8,18,7,1,3,14,Ven,0
4834,refactor,32,83,4,1,3.6,1,68.2,52,10,1,0,11,Lun,0
4835,feature,29,36,1,2,6.1,1,81.7,46,16,1,2,11,Mer,0
4836,fix,24,24,3,1,10.9,0,81.3,25,8,1,1,10,Ven,0
4837,fix,225,41,5,2,7.3,1,31.4,5,3,2,1,10,Mar,0
4838,fix,11,4,1,2,21.0,1,74.1,26,5,2,3,10,Mar,0
4839,feature,40,125,3,2,3.5,1,61.4,17,5,1,2,10,Mer,0
4840,feature,14,48,2,1,2.6,1,84.1,47,16,1,5,16,Gio,0
4841,fix,128,35,4,2,11.0,1,72.4,29,9,2,2,16,Lun,0
4842,feature,85,5,2,2,8.5,1,52.7,39,11,3,8,9,Lun,0
4843,feature,145,595,14,3,4.9,0,72.4,7,1,1,2,1,Mer,1
4844,refactor,977,221,23,6,8.5,1,32.2,6,0,1,7,9,Mer,0
4845,fix,75,6,2,2,8.1,0,73.1,24,4,2,2,18,Mar,0
4846,feature,95,54,3,2,8.6,0,52.2,31,4,1,3,7,Ven,0
4847,fix,43,468,11,4,12.9,1,39.3,25,6,3,3,12,Mer,0
4848,feature,135,4,2,1,12.8,0,66.8,12,1,3,1,10,Mer,1
4849,refactor,194,12,5,1,7.8,1,39.2,41,13,1,5,20,Mar,0
4850,refactor,104,4,2,2,4.0,1,57.6,69,9,3,2,9,Mar,0
4851,feature,15,26,3,2,12.3,0,92.7,61,8,2,5,19,Gio,0
4852,fix,18,5,1,2,10.1,1,60.4,40,11,1,3,11,Mer,0
4853,fix,16,186,4,2,6.5,0,60.3,23,6,1,8,16,Ven,0
4854,feature,555,72,10,2,9.8,1,28.0,9,3,1,4,14,Mer,0
4855,fix,296,27,6,3,6.4,1,55.4,14,2,3,2,16,Mer,0
4856,feature,60,78,4,2,9.2,0,75.4,47,20,1,4,17,Lun,0
4857,feature,246,113,7,3,10.1,0,53.0,17,6,2,5,10,Ven,1
4858,feature,14,12,1,1,3.3,0,67.3,52,15,2,1,14,Lun,0
4859,feature,252,17,5,2,14.3,1,60.6,22,5,2,4,9,Mar,0
4860,feature,57,10,1,2,9.4,0,61.9,110,32,1,3,10,Mer,0
4861,refactor,258,14,5,1,13.7,1,72.4,18,5,1,4,11,Mer,0
4862,refactor,56,101,5,1,5.0,1,84.3,31,6,2,3,14,Ven,0
4863,feature,44,9,2,1,8.8,0,80.2,67,16,2,1,12,Gio,0
4864,refactor,168,44,7,3,11.5,0,76.2,13,3,1,4,16,Mer,0
4865,fix,56,35,3,1,7.0,0,91.8,33,6,1,1,22,Mar,0
4866,feature,36,18,2,2,7.0,0,72.4,42,11,1,3,13,Ven,0
4867,feature,78,9,3,2,4.2,1,65.1,46,9,1,7,14,Lun,0
4868,fix,97,4,3,2,6.2,0,85.9,20,6,1,5,10,Lun,0
4869,feature,19,3,1,1,9.8,0,53.6,32,12,1,4,8,Gio,0
4870,refactor,7,82,3,2,6.1,1,80.0,49,15,3,7,18,Mar,0
4871,fix,130,43,5,1,5.9,1,57.0,13,5,1,3,8,Mar,0
4872,feature,37,16,2,1,8.8,0,40.0,46,11,1,3,15,Ven,0
4873,refactor,63,23,1,1,6.6,1,69.3,28,6,2,5,13,Mar,0
4874,feature,109,37,2,1,3.8,0,48.9,61,12,3,6,14,Mar,0
4875,fix,44,151,3,1,5.4,1,42.0,39,10,1,2,17,Gio,1
4876,fix,14,7,1,2,10.5,0,75.0,18,4,3,2,16,Gio,0
4877,feature,86,10,4,1,3.4,1,44.6,40,10,2,3,14,Ven,0
4878,feature,29,10,4,1,5.2,0,59.2,13,2,1,2,14,Ven,0
4879,refactor,121,42,5,2,11.5,1,61.1,32,8,3,3,17,Mer,0
4880,feature,23,27,5,2,8.0,1,58.8,32,9,1,5,12,Lun,0
4881,refactor,123,112,5,2,5.0,1,75.1,63,21,2,1,17,Mer,0
4882,refactor,37,63,3,1,10.2,1,72.3,20,8,3,3,15,Mar,0
4883,feature,173,104,6,2,12.9,0,73.3,14,5,1,5,13,Mer,0
4884,feature,23,28,2,1,11.5,0,59.1,39,5,1,3,18,Ven,0
4885,fix,49,20,1,1,13.4,1,47.5,67,21,1,7,11,Lun,0
4886,refactor,998,5,18,4,3.6,0,48.6,19,4,2,6,9,Ven,0
4887,refactor,55,26,4,2,9.4,1,68.5,18,4,1,9,14,Ven,0
4888,refactor,33,14,2,2,12.9,1,60.9,20,7,1,3,11,Mar,0
4889,refactor,267,132,9,2,17.5,1,76.0,75,15,1,2,11,Gio,0
4890,feature,43,3,1,1,8.7,1,72.7,53,11,2,3,10,Mer,0
4891,refactor,49,17,4,2,11.4,1,84.2,22,4,1,4,17,Mar,0
4892,refactor,282,166,9,3,12.3,0,45.5,10,2,1,2,15,Mar,1
4893,refactor,489,70,9,3,6.1,0,62.8,18,4,0,2,13,Gio,1
4894,fix,73,55,3,2,4.6,0,63.6,22,12,1,4,9,Ven,0
4895,feature,50,161,6,2,6.4,1,64.9,58,9,1,6,10,Mar,0
4896,feature,133,43,5,1,3.9,0,50.1,20,7,2,2,15,Mar,0
4897,fix,301,9,6,3,7.4,1,76.1,44,14,1,5,11,Lun,0
4898,feature,121,70,4,1,3.8,1,73.2,42,6,2,9,8,Gio,0
4899,fix,211,124,9,3,12.7,0,42.8,4,2,1,3,15,Gio,1
4900,feature,86,212,6,3,13.0,0,71.6,34,7,2,2,19,Mer,0
4901,feature,30,91,4,2,7.5,0,94.3,8,2,2,5,14,Lun,0
4902,feature,572,8,10,2,3.1,1,61.7,11,2,2,3,14,Mer,0
4903,feature,57,100,5,1,18.0,0,51.4,47,10,2,2,10,Mer,1
4904,fix,167,47,5,2,2.9,0,56.8,4,1,2,8,17,Ven,1
4905,refactor,16,6,2,2,18.2,0,74.2,3,0,2,3,10,Gio,0
4906,feature,44,29,2,1,8.4,1,58.2,20,5,2,6,14,Mar,0
4907,feature,665,89,15,3,2.5,1,82.1,32,10,2,2,15,Mar,0
4908,fix,220,61,7,3,4.6,0,86.7,22,5,1,4,12,Lun,0
4909,feature,93,11,3,1,4.5,1,52.4,24,2,1,2,14,Mar,0
4910,fix,2,140,5,1,11.4,1,79.5,22,7,3,2,16,Lun,0
4911,refactor,17,27,4,2,9.8,1,55.2,39,14,1,6,18,Mar,0
4912,feature,69,4,3,2,13.0,0,74.5,63,19,2,3,18,Mar,0
4913,feature,328,4,8,2,9.5,1,46.9,13,5,1,8,20,Ven,0
4914,feature,210,35,7,3,7.3,1,62.3,61,14,1,3,16,Lun,0
4915,refactor,83,201,5,1,10.8,1,43.3,67,22,1,4,9,Ven,0
4916,refactor,114,31,3,1,5.9,1,70.5,32,8,2,5,16,Gio,0
4917,fix,82,132,5,1,5.0,1,77.6,9,1,2,2,14,Ven,0
4918,refactor,126,35,5,1,6.0,1,35.0,46,9,2,4,17,Ven,0
4919,refactor,223,82,7,3,2.4,1,58.5,32,8,1,2,8,Mar,0
4920,feature,40,42,3,1,9.3,0,66.5,103,26,2,2,16,Ven,0
4921,fix,35,78,4,2,5.6,0,54.7,34,5,1,4,9,Mer,1
4922,fix,95,78,5,1,2.5,1,58.5,26,5,2,4,15,Mer,0
4923,refactor,107,85,4,1,12.4,0,60.3,13,4,2,4,9,Lun,0
4924,fix,55,11,5,2,10.7,1,56.2,46,10,1,2,11,Lun,0
4925,fix,40,5,2,2,2.8,0,72.4,12,3,1,4,16,Gio,0
4926,feature,66,35,3,1,4.0,0,71.2,3,0,1,5,21,Gio,0
4927,fix,82,15,4,1,7.5,0,47.9,19,8,0,0,18,Gio,0
4928,fix,10,285,6,2,7.6,0,93.7,66,22,1,3,8,Mer,0
4929,refactor,32,27,1,2,11.7,1,69.7,26,8,1,5,16,Lun,0
4930,fix,94,138,5,2,1.9,1,62.8,42,10,1,2,15,Gio,0
4931,feature,53,42,3,2,4.7,0,71.9,33,8,1,6,20,Mer,0
4932,feature,488,76,10,3,9.1,1,48.1,77,20,2,2,10,Mer,0
4933,fix,28,20,2,1,3.2,0,41.9,42,9,2,3,11,Gio,0
4934,feature,18,8,1,1,12.9,1,73.0,15,1,2,3,14,Gio,0
4935,feature,13,18,3,2,10.6,1,83.9,43,9,2,2,8,Gio,0
4936,refactor,142,13,4,1,7.6,1,71.9,16,3,1,6,8,Mer,0
4937,fix,188,8,5,1,8.0,0,68.6,9,0,0,0,16,Mar,0
4938,feature,319,13,11,3,6.7,0,66.2,13,3,1,7,9,Gio,1
4939,feature,21,62,4,2,6.2,0,32.8,29,11,1,3,14,Lun,0
4940,feature,297,14,8,2,4.1,1,63.1,47,13,0,1,18,Mer,0
4941,feature,131,17,4,2,20.7,1,55.5,10,2,1,2,18,Gio,0
4942,feature,12,524,11,3,8.4,1,81.2,29,6,2,7,16,Lun,0
4943,refactor,174,17,5,2,1.7,0,53.1,23,3,2,1,12,Ven,0
4944,feature,21,55,4,2,7.4,1,70.6,6,3,2,5,10,Gio,0
4945,feature,329,11,6,3,7.3,0,42.8,25,2,1,7,11,Gio,1
4946,fix,36,2,1,2,2.1,1,58.4,16,6,2,2,15,Gio,0
4947,feature,32,6,3,1,8.1,0,82.5,37,9,1,4,11,Lun,0
4948,fix,47,7,1,2,9.7,0,47.2,40,8,0,1,22,Mer,0
4949,fix,56,48,5,1,8.9,1,61.5,15,1,3,5,10,Lun,0
4950,fix,646,15,14,4,14.8,0,75.3,31,9,1,6,15,Lun,1
4951,fix,384,101,9,3,4.6,1,66.7,36,7,1,2,15,Gio,0
4952,fix,24,11,5,2,18.1,1,61.6,40,14,1,2,13,Mar,0
4953,feature,64,11,4,1,15.9,0,45.4,31,8,2,3,17,Mer,0
4954,feature,3525,10,61,8,7.6,0,50.6,42,10,3,7,17,Mar,1
4955,fix,114,3,3,1,2.5,0,82.6,75,17,1,4,7,Ven,0
4956,refactor,219,11,5,2,7.8,0,64.9,59,11,1,3,0,Mer,0
4957,feature,460,22,9,2,18.5,1,38.1,54,13,1,5,11,Mar,1
4958,feature,52,271,6,3,1.4,1,74.9,2,0,1,7,18,Ven,0
4959,fix,54,2,1,2,6.0,1,35.5,40,9,3,4,8,Gio,0
4960,feature,16,28,3,1,1.3,1,66.6,8,2,2,4,13,Lun,0
4961,feature,395,29,8,3,14.6,0,61.3,29,7,1,8,23,Lun,1
4962,feature,125,7,3,1,3.2,1,70.5,75,20,1,5,15,Mer,0
4963,refactor,72,18,3,1,3.3,0,42.3,14,5,2,3,10,Ven,0
4964,feature,19,551,13,4,9.6,1,65.8,38,12,1,5,18,Mer,0
4965,fix,137,59,3,2,4.1,0,67.9,23,3,2,7,17,Mer,0
4966,feature,21,209,6,2,4.8,1,62.5,16,3,3,5,7,Mar,0
4967,refactor,219,52,6,2,8.5,1,84.0,95,20,1,4,10,Lun,0
4968,fix,109,53,4,1,6.7,1,36.8,16,4,1,5,22,Gio,0
4969,refactor,3,12,1,1,15.2,0,87.2,35,14,1,0,14,Gio,0
4970,fix,62,9,2,1,9.7,1,62.4,38,4,0,0,16,Mer,0
4971,refactor,93,224,7,3,3.5,0,67.3,44,8,2,2,19,Lun,1
4972,feature,69,12,2,1,9.2,0,72.2,49,12,1,4,12,Lun,0
4973,feature,347,16,6,3,4.3,0,78.1,46,11,1,7,16,Ven,1
4974,feature,52,51,2,2,10.3,1,43.2,16,4,2,9,4,Lun,0
4975,feature,634,9,11,4,15.5,0,68.5,53,13,2,3,14,Ven,1
4976,refactor,204,60,8,3,9.2,1,49.7,8,2,1,3,11,Gio,0
4977,fix,32,50,4,2,11.3,1,68.5,22,8,1,4,15,Mer,0
4978,feature,68,12,2,1,10.5,1,65.3,75,15,3,2,12,Mar,0
4979,fix,468,20,9,2,3.5,1,79.0,78,17,1,1,12,Mer,0
4980,feature,149,26,4,2,5.6,1,65.8,3,1,2,6,17,Gio,0
4981,feature,28,36,2,1,5.8,0,54.9,31,7,3,2,14,Ven,0
4982,feature,78,41,3,2,4.5,0,63.7,21,8,0,2,17,Ven,1
4983,fix,40,4,5,1,1.8,1,74.7,41,10,2,7,16,Mer,0
4984,fix,524,6,11,4,1.4,1,75.7,37,10,1,1,9,Gio,0
4985,fix,200,81,6,2,3.6,1,63.0,2,1,1,4,20,Gio,0
4986,feature,35,9,1,2,3.0,0,70.5,21,4,2,4,15,Gio,0
4987,feature,461,29,10,3,17.9,1,64.5,18,3,1,3,13,Mar,0
4988,fix,86,16,2,1,13.8,0,39.4,36,4,1,3,8,Mar,0
4989,feature,62,29,2,2,2.3,1,84.9,29,6,2,4,17,Lun,0
4990,fix,209,36,4,2,1.2,0,48.4,40,12,2,7,13,Mar,0
4991,fix,1338,9,22,6,3.5,1,75.4,39,5,1,4,16,Mer,0
4992,refactor,99,58,4,1,1.9,0,41.7,28,4,1,3,9,Ven,0
4993,refactor,48,68,3,2,9.5,1,57.5,102,23,1,2,16,Ven,1
4994,feature,113,48,3,1,8.3,0,77.8,39,12,1,5,19,Mer,0
4995,feature,1417,22,26,6,10.3,0,50.7,22,2,3,8,15,Lun,0
4996,feature,65,26,3,1,4.6,1,70.6,42,8,2,4,12,Gio,0
4997,feature,48,59,2,1,4.7,0,58.3,12,4,1,2,16,Lun,0
4998,fix,23,23,4,1,6.5,1,58.1,13,5,2,0,11,Lun,0
4999,feature,95,48,7,2,11.8,1,82.5,38,5,0,0,15,Gio,0
5000,refactor,72,64,2,1,10.8,1,46.7,20,3,2,1,18,Mer,0
