id_ticket,canale,tipo_cliente,componente_indicato,priorita_dichiarata,stack_trace,allegati,lunghezza_descrizione,parole_errore,parole_richiesta,punti_interrogativi,utenti_segnalanti,ora_apertura,categoria
T-00001,email,Free,Mobile,Alta,0,1,1214,0,0,0,1,11,Bug
T-00002,telefono,Free,Account,Media,1,2,311,2,1,0,2,17,Bug
T-00003,email,Business,Nessuno,Media,0,0,183,0,3,1,1,15,Richiesta
T-00004,form,Free,Backend,Alta,1,0,317,3,1,0,9,11,Incidente
T-00005,form,Business,Frontend,Bassa,1,1,723,6,0,0,1,12,Bug
T-00006,chat,Free,Nessuno,Media,0,0,367,1,0,1,1,17,Domanda
T-00007,email,Business,Frontend,Media,1,2,1390,0,0,0,1,14,Bug
T-00008,chat,Business,Mobile,Media,1,2,719,2,0,0,1,8,Bug
T-00009,chat,Free,Mobile,Bassa,0,1,248,0,0,2,1,14,Domanda
T-00010,email,Business,Nessuno,Bassa,0,1,818,0,3,0,1,15,Richiesta
T-00011,form,Enterprise,Backend,Media,1,2,1081,1,0,0,1,21,Incidente
T-00012,chat,Business,Nessuno,Bassa,0,1,258,0,1,1,1,13,Richiesta
T-00013,form,Enterprise,API,Urgente,0,2,516,0,0,0,10,9,Incidente
T-00014,email,Business,Backend,Urgente,1,3,295,1,1,1,8,5,Incidente
T-00015,chat,Free,Account,Media,0,0,142,0,0,3,1,7,Domanda
T-00016,form,Free,Mobile,Alta,0,1,356,2,0,0,2,9,Bug
T-00017,chat,Free,Fatturazione,Media,0,0,237,0,0,4,1,9,Domanda
T-00018,telefono,Enterprise,Nessuno,Urgente,0,0,212,10,1,0,4,12,Incidente
T-00019,form,Business,Fatturazione,Bassa,0,1,1877,0,1,1,1,13,Richiesta
T-00020,email,Business,Frontend,Media,0,0,1016,3,1,0,2,18,Bug
T-00021,email,Business,Backend,Media,0,2,649,5,0,1,2,16,Bug
T-00022,email,Business,Nessuno,Bassa,0,0,315,0,0,5,1,13,Domanda
T-00023,form,Free,API,Media,1,0,437,5,0,0,1,14,Bug
T-00024,email,Business,Frontend,Bassa,0,0,284,1,4,2,1,11,Richiesta
T-00025,telefono,Enterprise,API,Media,1,0,372,5,0,0,1,13,Bug
T-00026,form,Free,Backend,Media,1,2,229,5,0,0,3,15,Bug
T-00027,email,Business,API,Media,1,1,557,2,2,0,8,22,Incidente
T-00028,form,Business,Frontend,Alta,0,0,1128,2,0,1,2,15,Bug
T-00029,form,Free,Fatturazione,Media,0,0,120,0,0,6,1,15,Domanda
T-00030,chat,Enterprise,Frontend,Bassa,0,0,222,1,1,1,1,13,Domanda
T-00031,chat,Free,Backend,Media,1,2,1351,4,0,1,1,17,Bug
T-00032,form,Business,Backend,Bassa,0,1,695,2,2,0,2,13,Bug
T-00033,email,Business,Account,Bassa,0,0,220,0,1,5,1,15,Domanda
T-00034,chat,Free,Account,Alta,0,1,619,1,2,0,1,9,Richiesta
T-00035,email,Enterprise,Backend,Media,1,1,1000,0,1,0,2,13,Bug
T-00036,form,Business,Frontend,Bassa,0,2,472,1,0,1,1,10,Bug
T-00037,email,Business,API,Urgente,0,1,469,3,1,2,5,10,Incidente
T-00038,email,Business,Frontend,Bassa,0,1,708,0,5,1,1,11,Richiesta
T-00039,email,Enterprise,Nessuno,Media,0,0,227,0,2,0,1,15,Richiesta
T-00040,form,Free,Backend,Media,0,2,1376,3,0,0,1,11,Bug
T-00041,telefono,Business,Backend,Alta,0,0,622,5,0,1,6,21,Incidente
T-00042,form,Free,Fatturazione,Media,1,1,987,4,3,2,1,11,Bug
T-00043,chat,Free,Account,Bassa,0,0,132,0,0,2,2,11,Domanda
T-00044,telefono,Business,Backend,Urgente,0,1,420,4,0,0,19,19,Incidente
T-00045,email,Business,Mobile,Media,1,2,195,0,0,0,2,16,Bug
T-00046,telefono,Business,API,Alta,0,1,647,4,0,1,11,9,Incidente
T-00047,email,Free,Nessuno,Media,0,0,306,1,0,2,1,16,Domanda
T-00048,form,Business,Mobile,Bassa,0,0,709,1,4,1,1,19,Richiesta
T-00049,chat,Free,Frontend,Media,0,1,171,0,1,3,1,12,Domanda
T-00050,form,Enterprise,Mobile,Bassa,0,0,1219,3,0,1,1,15,Bug
T-00051,chat,Free,Account,Media,0,0,680,0,0,3,1,10,Domanda
T-00052,chat,Business,API,Bassa,0,0,602,0,4,0,1,12,Richiesta
T-00053,chat,Business,Backend,Media,1,2,913,3,0,0,1,20,Bug
T-00054,chat,Business,API,Bassa,0,1,181,0,1,1,1,16,Domanda
T-00055,email,Free,API,Media,1,0,1660,4,0,0,1,9,Bug
T-00056,email,Business,Nessuno,Bassa,0,0,286,0,0,1,1,9,Domanda
T-00057,chat,Free,Account,Media,0,0,245,2,0,2,1,13,Domanda
T-00058,form,Business,API,Media,1,1,481,3,0,0,1,15,Bug
T-00059,email,Free,Backend,Media,1,0,115,0,0,1,2,11,Bug
T-00060,form,Free,Mobile,Alta,1,1,700,4,0,0,1,12,Bug
T-00061,form,Business,Frontend,Media,0,0,563,1,4,1,1,13,Richiesta
T-00062,chat,Free,Fatturazione,Media,0,1,128,1,0,2,1,17,Domanda
T-00063,email,Enterprise,Frontend,Bassa,0,0,611,0,4,0,1,23,Richiesta
T-00064,email,Business,Frontend,Media,0,0,286,1,0,3,1,11,Domanda
T-00065,form,Enterprise,API,Urgente,1,1,513,1,1,1,8,14,Incidente
T-00066,form,Free,Mobile,Media,0,0,1251,4,1,0,1,13,Bug
T-00067,chat,Business,Fatturazione,Bassa,0,0,438,0,3,5,1,12,Domanda
T-00068,email,Business,Mobile,Bassa,0,0,625,0,3,0,1,12,Richiesta
T-00069,form,Business,Frontend,Media,1,0,290,0,3,0,1,12,Richiesta
T-00070,email,Enterprise,API,Media,0,0,297,1,1,1,1,12,Richiesta
T-00071,email,Free,Mobile,Alta,1,2,871,5,0,1,1,11,Bug
T-00072,email,Business,API,Alta,0,1,240,2,2,0,1,11,Bug
T-00073,chat,Business,Frontend,Bassa,0,2,1358,1,0,0,2,10,Bug
T-00074,email,Business,Mobile,Media,1,1,1087,0,3,0,1,11,Richiesta
T-00075,form,Business,Account,Alta,0,1,543,5,2,0,2,11,Bug
T-00076,email,Free,Frontend,Media,1,1,544,4,1,0,1,11,Bug
T-00077,form,Free,Mobile,Media,1,2,772,1,0,0,1,10,Bug
T-00078,form,Free,Nessuno,Bassa,0,0,1442,1,1,0,1,9,Domanda
T-00079,email,Business,API,Bassa,0,0,446,2,1,1,1,6,Domanda
T-00080,form,Free,Nessuno,Bassa,0,0,352,0,2,1,1,14,Domanda
T-00081,chat,Free,Account,Media,1,0,242,2,0,3,1,14,Domanda
T-00082,form,Business,Backend,Media,0,1,488,1,1,0,1,11,Bug
T-00083,email,Free,API,Media,0,0,447,0,1,6,1,8,Domanda
T-00084,form,Free,Frontend,Bassa,0,0,568,0,2,1,1,14,Richiesta
T-00085,telefono,Enterprise,API,Alta,0,0,425,4,0,1,9,23,Incidente
T-00086,form,Free,Mobile,Bassa,1,3,510,3,0,1,1,19,Bug
T-00087,form,Free,Account,Media,1,4,861,3,1,0,2,11,Bug
T-00088,chat,Business,Frontend,Media,0,0,596,0,3,3,1,12,Domanda
T-00089,form,Free,Backend,Media,0,0,231,1,2,0,1,16,Richiesta
T-00090,form,Business,Mobile,Bassa,0,1,386,0,2,1,1,15,Richiesta
T-00091,form,Free,Nessuno,Bassa,0,0,127,1,3,0,1,18,Domanda
T-00092,email,Business,Account,Media,0,0,927,2,0,1,1,16,Bug
T-00093,email,Free,Nessuno,Media,0,0,375,1,3,0,1,14,Richiesta
T-00094,chat,Business,Nessuno,Bassa,0,0,238,0,2,1,1,12,Domanda
T-00095,email,Free,Frontend,Alta,0,1,622,0,2,1,1,11,Richiesta
T-00096,telefono,Business,Backend,Alta,1,2,289,5,0,2,9,16,Incidente
T-00097,form,Free,Fatturazione,Bassa,0,0,386,2,0,2,1,10,Domanda
T-00098,form,Free,Backend,Media,0,0,1384,1,0,0,1,9,Bug
T-00099,chat,Business,Fatturazione,Bassa,0,0,332,1,0,2,1,14,Domanda
T-00100,chat,Free,Nessuno,Bassa,0,1,372,1,5,0,1,17,Richiesta
T-00101,email,Business,Fatturazione,Bassa,0,0,1990,1,0,1,1,13,Bug
T-00102,form,Business,API,Alta,0,3,909,4,0,0,1,16,Bug
T-00103,telefono,Free,Nessuno,Media,0,0,251,0,1,0,1,16,Domanda
T-00104,chat,Free,API,Bassa,0,0,272,0,0,1,1,13,Domanda
T-00105,form,Business,Frontend,Alta,1,0,385,2,0,2,2,8,Bug
T-00106,email,Business,Nessuno,Bassa,0,0,255,0,1,1,1,9,Domanda
T-00107,form,Enterprise,Mobile,Bassa,1,0,394,2,0,2,1,10,Bug
T-00108,email,Enterprise,API,Media,1,2,1723,5,0,1,1,14,Bug
T-00109,chat,Business,Account,Media,0,2,397,3,0,1,2,16,Bug
T-00110,telefono,Free,Frontend,Media,1,0,726,5,0,1,1,14,Bug
T-00111,email,Business,Frontend,Bassa,0,0,843,1,2,0,1,11,Richiesta
T-00112,form,Enterprise,API,Alta,1,0,497,4,0,1,1,13,Bug
T-00113,chat,Business,Mobile,Bassa,0,0,306,1,1,2,1,14,Richiesta
T-00114,chat,Business,Frontend,Bassa,0,2,134,2,0,3,1,12,Domanda
T-00115,email,Free,Nessuno,Bassa,0,0,350,0,2,1,1,10,Richiesta
T-00116,chat,Business,Frontend,Bassa,0,0,432,1,0,1,1,14,Richiesta
T-00117,email,Business,Fatturazione,Bassa,0,0,157,1,1,4,1,8,Domanda
T-00118,email,Business,Fatturazione,Bassa,0,0,469,0,0,1,1,17,Domanda
T-00119,form,Business,Backend,Media,0,3,642,2,1,1,1,11,Bug
T-00120,email,Business,Nessuno,Alta,0,0,289,0,5,0,1,14,Richiesta
T-00121,email,Business,Nessuno,Media,0,0,417,0,2,1,1,11,Richiesta
T-00122,email,Business,API,Media,1,1,473,0,0,1,2,12,Bug
T-00123,email,Free,Backend,Urgente,0,2,754,3,1,0,1,11,Bug
T-00124,form,Enterprise,API,Media,0,1,440,2,0,0,1,11,Bug
T-00125,email,Business,Backend,Alta,0,1,843,4,0,0,1,11,Bug
T-00126,telefono,Business,Backend,Urgente,0,0,221,5,0,0,3,8,Incidente
T-00127,telefono,Enterprise,Fatturazione,Urgente,0,1,275,2,0,0,4,0,Incidente
T-00128,chat,Free,Account,Bassa,1,0,167,1,1,0,1,11,Domanda
T-00129,chat,Free,Fatturazione,Bassa,0,1,192,0,0,3,1,16,Domanda
T-00130,chat,Enterprise,Fatturazione,Urgente,0,3,360,2,1,0,5,11,Incidente
T-00131,email,Business,Mobile,Media,1,0,551,5,0,0,1,17,Bug
T-00132,chat,Business,Nessuno,Bassa,0,0,629,0,4,1,1,15,Richiesta
T-00133,form,Enterprise,API,Bassa,1,0,815,1,0,1,1,15,Bug
T-00134,form,Enterprise,Backend,Alta,0,0,2102,1,0,0,1,6,Bug
T-00135,email,Business,Backend,Alta,1,0,445,4,0,1,1,15,Bug
T-00136,form,Enterprise,Account,Alta,0,0,296,1,1,1,1,13,Domanda
T-00137,email,Business,Mobile,Bassa,0,1,419,0,1,0,1,10,Richiesta
T-00138,chat,Enterprise,Nessuno,Bassa,0,1,228,1,1,1,1,15,Domanda
T-00139,chat,Free,Nessuno,Media,0,1,252,1,0,4,1,11,Domanda
T-00140,email,Free,Mobile,Bassa,1,1,635,3,0,2,1,12,Bug
T-00141,chat,Business,Backend,Urgente,1,2,152,3,0,1,10,20,Incidente
T-00142,email,Enterprise,Nessuno,Media,0,0,621,1,3,1,1,9,Richiesta
T-00143,email,Business,Frontend,Urgente,1,0,201,0,0,0,1,13,Bug
T-00144,telefono,Enterprise,API,Alta,0,0,188,2,0,0,5,0,Incidente
T-00145,form,Business,Frontend,Media,0,0,574,3,0,0,2,17,Bug
T-00146,chat,Free,Mobile,Bassa,0,0,141,1,0,3,1,10,Domanda
T-00147,email,Free,Frontend,Media,0,2,1300,2,0,1,1,9,Bug
T-00148,chat,Free,Nessuno,Bassa,0,0,553,0,2,1,1,13,Richiesta
T-00149,form,Business,Mobile,Bassa,0,0,303,0,3,1,1,15,Richiesta
T-00150,form,Free,Frontend,Bassa,1,1,655,2,1,0,2,6,Bug
T-00151,email,Business,Fatturazione,Alta,0,1,485,0,2,1,1,20,Richiesta
T-00152,telefono,Business,API,Urgente,1,0,378,3,0,1,4,10,Incidente
T-00153,form,Business,Backend,Bassa,1,1,702,4,2,0,1,11,Bug
T-00154,email,Free,Mobile,Alta,1,1,751,2,0,0,1,16,Bug
T-00155,email,Enterprise,Frontend,Bassa,0,1,479,0,2,1,1,13,Richiesta
T-00156,form,Enterprise,Mobile,Bassa,0,1,688,3,1,0,1,16,Bug
T-00157,chat,Free,Account,Bassa,0,0,180,0,1,1,1,15,Domanda
T-00158,chat,Free,Account,Media,0,1,229,0,1,1,1,10,Domanda
T-00159,email,Business,Backend,Media,1,2,684,3,0,0,2,13,Bug
T-00160,email,Free,Fatturazione,Media,0,0,199,0,0,3,1,11,Domanda
T-00161,chat,Business,Fatturazione,Media,0,0,251,2,0,4,1,9,Domanda
T-00162,email,Business,API,Media,0,1,369,0,3,1,1,11,Richiesta
T-00163,form,Enterprise,Backend,Bassa,1,0,1295,1,1,1,1,15,Bug
T-00164,chat,Business,Backend,Bassa,1,0,369,1,0,1,1,14,Bug
T-00165,form,Enterprise,Frontend,Bassa,0,0,288,0,1,1,1,14,Richiesta
T-00166,chat,Free,Account,Alta,0,1,129,0,1,3,1,13,Domanda
T-00167,form,Enterprise,Mobile,Bassa,1,1,465,4,0,1,1,16,Bug
T-00168,email,Free,Nessuno,Media,0,1,246,1,0,2,1,9,Domanda
T-00169,email,Enterprise,Frontend,Alta,1,2,621,6,0,0,1,16,Bug
T-00170,email,Business,Fatturazione,Bassa,0,0,244,0,0,1,2,10,Richiesta
T-00171,chat,Business,Backend,Alta,1,0,1860,5,0,1,2,9,Bug
T-00172,chat,Free,API,Bassa,0,0,232,0,0,2,1,14,Domanda
T-00173,chat,Free,Mobile,Bassa,0,2,750,3,1,1,1,15,Bug
T-00174,chat,Free,Nessuno,Bassa,0,0,340,0,1,1,1,14,Domanda
T-00175,chat,Free,Nessuno,Bassa,0,0,128,4,0,1,1,13,Domanda
T-00176,email,Enterprise,Fatturazione,Urgente,0,1,469,0,0,0,4,0,Incidente
T-00177,email,Free,Mobile,Bassa,0,2,1152,0,1,0,1,11,Richiesta
T-00178,email,Free,Frontend,Alta,1,2,883,2,0,1,1,17,Bug
T-00179,form,Business,Account,Bassa,0,0,341,2,2,3,1,16,Domanda
T-00180,email,Free,API,Bassa,0,1,1128,0,0,0,1,14,Richiesta
T-00181,form,Free,Mobile,Alta,1,0,626,3,0,1,1,13,Bug
T-00182,form,Free,Backend,Media,1,1,395,1,0,0,2,18,Bug
T-00183,telefono,Enterprise,Backend,Media,0,1,373,4,0,0,1,10,Bug
T-00184,form,Business,Fatturazione,Media,0,1,453,3,0,3,1,12,Domanda
T-00185,chat,Free,Frontend,Bassa,0,1,336,1,1,2,1,16,Domanda
T-00186,chat,Free,Mobile,Media,1,2,405,3,0,0,1,15,Bug
T-00187,chat,Business,Nessuno,Bassa,0,1,321,0,0,0,1,16,Richiesta
T-00188,form,Business,Fatturazione,Alta,0,0,562,0,0,2,1,12,Richiesta
T-00189,form,Business,Fatturazione,Bassa,1,0,393,1,4,0,1,11,Domanda
T-00190,chat,Enterprise,Nessuno,Alta,0,1,310,0,1,4,1,17,Domanda
T-00191,email,Business,Frontend,Bassa,0,0,376,0,4,0,1,14,Richiesta
T-00192,email,Business,Frontend,Alta,1,0,779,3,1,0,1,13,Bug
T-00193,form,Business,API,Media,0,3,814,1,0,1,1,13,Bug
T-00194,email,Business,API,Media,0,0,189,0,1,0,1,14,Richiesta
T-00195,form,Business,Mobile,Media,0,0,508,0,0,0,1,15,Richiesta
T-00196,email,Business,API,Media,1,0,1488,2,0,0,1,11,Bug
T-00197,telefono,Business,Backend,Urgente,0,1,228,1,0,0,5,8,Incidente
T-00198,email,Free,Account,Media,0,1,175,2,1,3,1,15,Domanda
T-00199,chat,Free,Mobile,Media,0,1,475,2,0,2,1,13,Domanda
T-00200,email,Free,Backend,Bassa,1,0,892,6,0,1,1,9,Bug
T-00201,email,Business,Nessuno,Bassa,0,1,1219,1,3,2,2,12,Richiesta
T-00202,chat,Business,Frontend,Media,1,2,288,5,0,0,2,12,Bug
T-00203,chat,Free,API,Media,1,3,620,2,0,1,1,11,Bug
T-00204,telefono,Enterprise,Account,Alta,1,0,335,5,0,1,14,2,Incidente
T-00205,form,Enterprise,Nessuno,Media,0,1,563,0,0,3,1,15,Domanda
T-00206,email,Business,Nessuno,Media,0,0,455,0,4,0,1,14,Richiesta
T-00207,email,Enterprise,Backend,Bassa,0,1,1602,2,0,1,1,12,Bug
T-00208,form,Enterprise,Frontend,Urgente,1,1,836,2,3,1,2,17,Bug
T-00209,form,Free,Mobile,Alta,0,4,486,4,1,0,1,16,Bug
T-00210,form,Free,Nessuno,Media,0,0,175,0,5,3,1,16,Domanda
T-00211,email,Free,Backend,Media,1,0,340,9,1,0,1,14,Bug
T-00212,email,Enterprise,Backend,Media,0,0,228,0,0,0,1,15,Richiesta
T-00213,chat,Enterprise,Nessuno,Bassa,0,0,212,1,1,0,1,12,Domanda
T-00214,email,Free,Mobile,Media,1,0,603,0,0,1,2,20,Bug
T-00215,form,Enterprise,Account,Media,0,3,380,0,3,1,1,17,Richiesta
T-00216,chat,Enterprise,API,Bassa,0,1,312,2,1,1,1,12,Richiesta
T-00217,form,Free,API,Urgente,0,1,410,2,2,2,2,16,Bug
T-00218,email,Free,Fatturazione,Bassa,0,1,1294,0,1,1,1,17,Domanda
T-00219,chat,Business,API,Alta,0,1,555,5,0,0,1,10,Bug
T-00220,email,Business,Frontend,Media,0,1,523,1,4,1,1,11,Richiesta
T-00221,email,Business,Frontend,Alta,0,0,960,1,1,0,1,16,Bug
T-00222,form,Enterprise,Backend,Media,0,2,625,1,0,0,2,15,Bug
T-00223,form,Enterprise,Frontend,Media,0,0,204,0,0,1,1,11,Domanda
T-00224,form,Business,Mobile,Alta,0,1,287,0,1,4,1,8,Domanda
T-00225,telefono,Free,Frontend,Urgente,0,0,144,0,0,1,1,8,Domanda
T-00226,form,Enterprise,Nessuno,Bassa,0,0,890,0,4,0,1,14,Richiesta
T-00227,form,Enterprise,Fatturazione,Bassa,0,1,322,1,0,0,2,10,Bug
T-00228,telefono,Business,Nessuno,Media,0,1,255,0,0,3,1,8,Domanda
T-00229,form,Enterprise,Backend,Media,1,1,1246,2,0,0,1,15,Bug
T-00230,chat,Free,Mobile,Bassa,0,1,228,1,1,2,2,13,Domanda
T-00231,form,Business,Frontend,Media,0,3,767,4,0,1,2,13,Bug
T-00232,chat,Free,Mobile,Bassa,1,1,359,1,0,2,1,10,Bug
T-00233,email,Business,Account,Media,0,1,160,0,1,1,1,11,Domanda
T-00234,form,Free,Frontend,Alta,1,1,809,4,0,1,1,15,Bug
T-00235,form,Business,Backend,Bassa,0,3,964,2,0,0,1,13,Bug
T-00236,chat,Free,Frontend,Alta,1,2,712,4,0,0,1,13,Bug
T-00237,form,Business,Backend,Alta,1,1,916,3,0,0,2,16,Bug
T-00238,email,Enterprise,Backend,Alta,0,0,892,4,0,1,1,12,Bug
T-00239,email,Enterprise,Account,Bassa,0,1,552,1,1,0,1,12,Richiesta
T-00240,form,Business,Mobile,Media,0,1,1112,1,0,2,1,15,Bug
T-00241,telefono,Business,Frontend,Alta,0,1,269,3,0,0,6,0,Incidente
T-00242,chat,Business,Fatturazione,Media,0,0,1690,0,1,0,1,12,Richiesta
T-00243,email,Business,Backend,Bassa,1,1,194,1,1,0,1,16,Bug
T-00244,form,Enterprise,Mobile,Alta,1,2,1120,2,1,2,1,11,Bug
T-00245,email,Free,Frontend,Bassa,0,1,140,1,0,0,1,16,Domanda
T-00246,email,Free,API,Bassa,0,0,684,0,0,0,1,12,Richiesta
T-00247,form,Free,Backend,Media,1,2,545,1,0,0,1,10,Bug
T-00248,telefono,Business,Fatturazione,Media,1,0,309,5,0,0,2,10,Bug
T-00249,email,Free,Frontend,Media,0,0,504,1,2,1,1,17,Domanda
T-00250,form,Business,Frontend,Bassa,0,2,1633,0,2,1,1,18,Richiesta
T-00251,chat,Business,Backend,Media,0,0,332,0,7,2,1,12,Richiesta
T-00252,email,Business,Fatturazione,Alta,1,1,603,3,0,0,3,11,Bug
T-00253,chat,Business,Mobile,Alta,1,1,549,3,0,1,1,11,Bug
T-00254,telefono,Business,Fatturazione,Media,1,0,659,2,0,0,1,14,Bug
T-00255,form,Business,API,Alta,1,0,1157,5,0,1,1,14,Bug
T-00256,email,Free,Frontend,Bassa,1,1,513,3,0,1,2,13,Bug
T-00257,form,Free,Frontend,Bassa,0,1,321,0,0,3,1,12,Domanda
T-00258,form,Free,Fatturazione,Media,0,0,300,3,0,0,2,17,Bug
T-00259,email,Business,Frontend,Bassa,0,0,285,0,2,2,1,11,Domanda
T-00260,email,Business,Account,Media,0,1,685,4,1,1,1,15,Bug
T-00261,email,Enterprise,Frontend,Bassa,0,0,636,0,0,0,1,15,Richiesta
T-00262,email,Free,Fatturazione,Media,1,0,203,0,2,1,1,12,Domanda
T-00263,form,Enterprise,Nessuno,Media,0,0,338,0,2,2,1,10,Richiesta
T-00264,email,Enterprise,Fatturazione,Media,0,1,618,0,0,1,1,15,Richiesta
T-00265,form,Business,API,Alta,1,0,1044,3,1,1,2,9,Bug
T-00266,form,Free,Frontend,Media,1,0,587,2,0,0,1,17,Bug
T-00267,email,Business,Account,Media,0,0,494,0,2,1,1,19,Domanda
T-00268,chat,Free,Account,Bassa,0,0,462,0,3,3,2,10,Domanda
T-00269,telefono,Free,Account,Media,0,1,895,2,0,0,1,8,Bug
T-00270,email,Enterprise,Mobile,Media,0,2,461,5,1,0,2,10,Bug
T-00271,form,Business,Nessuno,Media,0,0,272,0,3,3,1,14,Domanda
T-00272,form,Enterprise,Backend,Media,1,1,776,2,0,0,1,11,Bug
T-00273,form,Free,Account,Alta,1,2,878,4,0,1,1,18,Bug
T-00274,chat,Business,Fatturazione,Bassa,0,0,371,0,0,5,1,16,Domanda
T-00275,telefono,Business,Frontend,Alta,1,1,1424,4,1,1,1,11,Bug
T-00276,chat,Business,Mobile,Urgente,0,4,1488,2,0,0,1,14,Bug
T-00277,form,Business,Backend,Media,0,1,1130,3,0,0,1,5,Bug
T-00278,chat,Business,Mobile,Alta,1,2,802,1,0,0,1,13,Bug
T-00279,chat,Free,Account,Media,0,0,264,1,1,4,1,11,Domanda
T-00280,form,Business,Fatturazione,Bassa,1,1,412,4,1,0,1,11,Bug
T-00281,chat,Business,Backend,Alta,0,0,111,0,1,4,1,13,Domanda
T-00282,chat,Enterprise,Nessuno,Media,0,2,686,0,0,0,9,2,Incidente
T-00283,chat,Enterprise,Frontend,Bassa,0,0,191,1,2,2,1,18,Domanda
T-00284,chat,Business,Backend,Alta,0,1,324,2,1,0,2,11,Bug
T-00285,chat,Business,Backend,Media,0,0,169,0,1,4,1,16,Domanda
T-00286,chat,Enterprise,Nessuno,Bassa,0,0,168,1,0,3,1,12,Domanda
T-00287,form,Business,Frontend,Alta,0,4,513,0,1,0,1,18,Bug
T-00288,email,Enterprise,Frontend,Media,0,0,382,2,4,0,1,14,Richiesta
T-00289,form,Free,API,Bassa,1,0,1355,2,0,0,1,13,Bug
T-00290,form,Free,Fatturazione,Bassa,0,0,271,0,2,1,2,11,Domanda
T-00291,form,Business,Frontend,Media,0,2,361,1,0,0,1,14,Bug
T-00292,form,Free,Fatturazione,Media,0,0,463,2,2,0,1,17,Bug
T-00293,telefono,Business,API,Media,0,0,1200,1,0,0,1,15,Bug
T-00294,email,Business,API,Media,1,0,1244,3,1,1,1,13,Bug
T-00295,form,Business,Backend,Media,0,0,382,0,4,2,1,11,Richiesta
T-00296,form,Enterprise,Nessuno,Bassa,0,0,452,0,3,2,1,8,Richiesta
T-00297,chat,Free,Fatturazione,Bassa,0,0,191,0,0,1,1,13,Domanda
T-00298,email,Free,Frontend,Alta,1,4,868,5,0,1,1,10,Bug
T-00299,email,Free,Frontend,Bassa,1,2,556,4,0,1,1,10,Bug
T-00300,chat,Free,Fatturazione,Bassa,0,0,184,0,1,2,1,10,Domanda
T-00301,form,Business,Frontend,Media,0,3,275,1,1,1,1,19,Bug
T-00302,chat,Free,Nessuno,Bassa,0,0,578,0,3,0,2,17,Richiesta
T-00303,email,Business,Mobile,Media,1,3,537,2,1,1,1,8,Bug
T-00304,form,Enterprise,API,Urgente,0,2,982,2,0,1,1,10,Bug
T-00305,form,Free,Frontend,Media,0,1,301,0,3,0,1,18,Richiesta
T-00306,chat,Business,Fatturazione,Urgente,0,1,462,0,1,3,1,16,Domanda
T-00307,telefono,Business,Frontend,Media,0,1,625,6,2,0,1,12,Bug
T-00308,email,Business,Account,Bassa,0,0,635,0,3,1,1,11,Richiesta
T-00309,form,Enterprise,Frontend,Alta,0,3,738,5,1,1,1,12,Bug
T-00310,chat,Business,API,Media,0,0,1167,0,0,0,1,12,Bug
T-00311,chat,Business,Mobile,Media,0,0,362,0,2,5,1,6,Domanda
T-00312,form,Free,Fatturazione,Alta,0,0,394,0,0,3,1,9,Domanda
T-00313,form,Enterprise,Account,Alta,1,2,757,0,1,1,1,16,Bug
T-00314,chat,Business,Backend,Bassa,0,0,295,0,1,1,1,15,Domanda
T-00315,form,Business,Nessuno,Bassa,0,0,641,0,2,1,1,11,Richiesta
T-00316,form,Business,Backend,Media,0,0,692,1,4,0,1,10,Richiesta
T-00317,telefono,Business,Backend,Urgente,1,3,656,3,0,0,3,4,Incidente
T-00318,form,Free,Account,Media,0,0,945,0,4,1,1,11,Richiesta
T-00319,chat,Enterprise,Account,Media,0,1,325,0,3,0,1,7,Richiesta
T-00320,email,Enterprise,Nessuno,Media,0,0,208,1,6,4,1,13,Richiesta
T-00321,telefono,Business,Backend,Urgente,1,2,371,0,0,0,5,0,Incidente
T-00322,email,Business,Nessuno,Media,0,1,474,0,5,1,1,10,Richiesta
T-00323,form,Free,Mobile,Urgente,1,2,559,3,0,0,1,12,Bug
T-00324,email,Enterprise,Account,Bassa,0,0,282,0,1,0,2,15,Richiesta
T-00325,email,Free,Frontend,Media,0,1,1161,3,0,0,2,15,Bug
T-00326,email,Business,Nessuno,Media,0,2,398,1,2,1,1,9,Richiesta
T-00327,chat,Business,Nessuno,Alta,0,0,265,0,1,0,1,15,Domanda
T-00328,telefono,Free,Frontend,Bassa,1,0,468,3,0,1,2,16,Bug
T-00329,email,Business,Frontend,Bassa,0,4,739,4,0,1,3,9,Bug
T-00330,email,Business,Account,Urgente,0,0,513,0,2,0,1,21,Domanda
T-00331,email,Business,Mobile,Alta,1,1,781,0,0,0,1,12,Bug
T-00332,form,Business,Frontend,Media,0,0,956,0,0,0,1,10,Bug
T-00333,chat,Business,Fatturazione,Media,0,0,1150,0,2,1,1,16,Richiesta
T-00334,chat,Business,Nessuno,Media,0,1,368,1,2,1,1,13,Richiesta
T-00335,email,Business,Fatturazione,Bassa,0,1,1491,2,0,0,1,9,Bug
T-00336,form,Business,Mobile,Media,1,2,422,1,0,1,1,15,Bug
T-00337,email,Free,Backend,Media,0,1,397,1,0,2,1,10,Domanda
T-00338,form,Business,Mobile,Bassa,0,0,318,0,4,1,1,15,Richiesta
T-00339,email,Business,Fatturazione,Alta,1,1,479,5,0,0,2,19,Bug
T-00340,email,Free,Frontend,Media,0,4,1064,2,0,1,1,10,Bug
T-00341,email,Free,API,Bassa,0,0,679,0,2,2,1,13,Domanda
T-00342,email,Free,Nessuno,Media,0,1,240,0,1,0,1,15,Domanda
T-00343,chat,Business,Mobile,Bassa,0,1,162,1,0,7,1,12,Domanda
T-00344,chat,Free,Account,Alta,0,0,93,0,0,2,1,12,Domanda
T-00345,email,Business,Frontend,Alta,0,1,742,0,2,2,1,17,Richiesta
T-00346,email,Free,Nessuno,Bassa,0,0,176,0,2,1,1,13,Richiesta
T-00347,form,Business,Backend,Alta,0,1,1757,5,1,2,2,14,Bug
T-00348,form,Free,Backend,Alta,1,2,924,3,1,0,1,11,Bug
T-00349,chat,Business,API,Urgente,0,1,424,1,1,0,8,0,Incidente
T-00350,chat,Enterprise,Frontend,Bassa,1,1,430,5,0,1,1,10,Bug
T-00351,chat,Business,Nessuno,Bassa,0,0,144,2,0,2,1,14,Domanda
T-00352,email,Free,Mobile,Alta,1,0,377,1,1,0,2,9,Bug
T-00353,email,Free,Fatturazione,Bassa,0,0,676,1,3,0,1,19,Richiesta
T-00354,email,Enterprise,Mobile,Alta,0,1,399,3,0,1,9,14,Incidente
T-00355,telefono,Business,Backend,Urgente,1,2,1033,4,0,1,10,0,Incidente
T-00356,email,Business,Account,Alta,1,1,196,4,1,0,1,18,Bug
T-00357,form,Free,Mobile,Media,1,0,760,1,2,0,1,14,Bug
T-00358,telefono,Enterprise,API,Alta,0,2,920,3,0,3,8,10,Incidente
T-00359,chat,Free,Nessuno,Bassa,0,1,221,0,0,3,1,15,Domanda
T-00360,form,Free,Nessuno,Bassa,0,0,162,1,2,2,1,8,Domanda
T-00361,form,Enterprise,Account,Bassa,0,0,144,1,0,1,1,15,Domanda
T-00362,email,Free,Frontend,Bassa,0,0,656,0,0,0,2,9,Richiesta
T-00363,form,Business,Frontend,Bassa,0,0,493,0,1,1,1,10,Richiesta
T-00364,form,Enterprise,Fatturazione,Media,1,0,369,1,0,1,1,10,Bug
T-00365,form,Business,Frontend,Bassa,1,0,891,1,0,0,1,13,Bug
T-00366,chat,Business,API,Media,0,0,852,0,2,0,1,12,Richiesta
T-00367,chat,Free,Fatturazione,Bassa,0,0,200,0,0,3,1,12,Domanda
T-00368,chat,Business,Fatturazione,Media,0,1,740,4,1,1,1,12,Bug
T-00369,email,Business,API,Media,1,3,1238,3,1,1,1,12,Bug
T-00370,form,Business,Frontend,Media,0,0,478,1,2,1,1,14,Richiesta
T-00371,form,Business,Frontend,Alta,0,0,647,4,0,0,1,15,Bug
T-00372,email,Free,Nessuno,Media,0,0,558,0,2,1,1,7,Richiesta
T-00373,chat,Business,Nessuno,Media,0,1,92,1,0,3,1,8,Domanda
T-00374,form,Business,API,Bassa,0,1,653,0,0,0,1,15,Richiesta
T-00375,form,Free,Account,Media,0,0,121,0,0,2,1,11,Domanda
T-00376,form,Enterprise,Fatturazione,Media,1,1,426,8,0,0,3,9,Bug
T-00377,chat,Business,Nessuno,Media,0,0,202,1,1,1,1,13,Domanda
T-00378,email,Free,Fatturazione,Media,1,0,526,0,2,1,2,13,Domanda
T-00379,chat,Business,Frontend,Media,0,1,263,1,0,3,1,16,Domanda
T-00380,chat,Free,Fatturazione,Media,0,0,211,0,0,0,1,16,Domanda
T-00381,chat,Free,Account,Media,0,0,75,0,0,3,1,14,Domanda
T-00382,form,Free,API,Media,1,0,421,4,2,1,1,14,Bug
T-00383,email,Business,Nessuno,Bassa,0,2,344,0,1,3,1,9,Richiesta
T-00384,chat,Business,API,Alta,0,0,657,0,1,0,1,15,Richiesta
T-00385,chat,Business,API,Media,1,1,1239,2,0,0,1,15,Bug
T-00386,email,Business,Frontend,Bassa,1,0,764,0,1,0,1,12,Richiesta
T-00387,telefono,Business,API,Alta,0,3,153,2,0,1,9,19,Incidente
T-00388,form,Free,Backend,Media,0,2,747,1,2,0,1,15,Bug
T-00389,chat,Business,API,Alta,0,1,377,6,1,0,6,21,Incidente
T-00390,chat,Free,Account,Bassa,0,2,222,0,0,2,2,13,Domanda
T-00391,email,Enterprise,Mobile,Media,1,1,1185,6,1,0,1,12,Bug
T-00392,form,Free,Nessuno,Bassa,0,0,765,0,5,0,2,16,Richiesta
T-00393,chat,Business,Fatturazione,Alta,0,2,57,0,0,2,1,11,Domanda
T-00394,form,Business,Account,Alta,1,0,252,1,1,0,1,11,Bug
T-00395,chat,Enterprise,Nessuno,Media,0,0,547,0,3,2,1,13,Richiesta
T-00396,form,Enterprise,Mobile,Bassa,1,1,396,1,0,0,2,15,Bug
T-00397,form,Business,API,Media,0,0,775,3,0,0,7,4,Incidente
T-00398,form,Free,Frontend,Media,1,1,539,3,0,0,1,12,Bug
T-00399,form,Free,Frontend,Bassa,0,0,208,0,4,2,2,12,Richiesta
T-00400,chat,Enterprise,Nessuno,Media,0,0,772,0,1,0,1,13,Richiesta
T-00401,form,Business,Nessuno,Media,0,0,818,0,1,3,1,12,Richiesta
T-00402,email,Enterprise,Backend,Alta,0,1,300,5,0,2,3,17,Incidente
T-00403,form,Free,Mobile,Bassa,0,0,883,0,3,0,1,11,Richiesta
T-00404,form,Enterprise,API,Alta,1,0,2317,2,1,1,1,10,Bug
T-00405,form,Enterprise,Account,Bassa,0,2,758,0,2,0,1,9,Richiesta
T-00406,form,Business,Account,Urgente,0,0,1576,2,1,0,1,15,Bug
T-00407,email,Free,Backend,Media,1,1,976,2,1,0,1,20,Bug
T-00408,form,Business,Backend,Urgente,0,1,606,5,0,1,3,7,Incidente
T-00409,email,Business,Backend,Media,0,2,955,0,0,1,1,14,Bug
T-00410,chat,Enterprise,Backend,Media,1,0,1433,4,0,0,5,10,Incidente
T-00411,form,Business,Backend,Media,0,1,997,3,0,1,1,12,Bug
T-00412,email,Enterprise,API,Alta,1,1,1067,4,0,1,1,17,Bug
T-00413,email,Enterprise,API,Bassa,1,1,994,2,0,0,1,11,Bug
T-00414,email,Business,Fatturazione,Media,0,2,121,0,1,1,1,11,Domanda
T-00415,form,Business,Account,Alta,0,1,395,1,1,0,6,15,Incidente
T-00416,email,Business,Fatturazione,Bassa,0,0,277,1,1,3,1,12,Domanda
T-00417,form,Enterprise,Mobile,Media,1,2,494,5,0,1,1,17,Bug
T-00418,chat,Free,Fatturazione,Bassa,0,0,166,0,0,2,1,12,Domanda
T-00419,email,Business,API,Bassa,0,0,310,0,5,2,2,14,Richiesta
T-00420,form,Enterprise,Frontend,Media,1,0,732,6,0,0,1,15,Bug
T-00421,email,Free,Nessuno,Bassa,0,1,573,0,3,2,1,7,Richiesta
T-00422,chat,Free,Mobile,Media,0,1,2145,4,0,0,1,15,Bug
T-00423,email,Free,Frontend,Bassa,0,0,613,0,6,1,1,16,Richiesta
T-00424,email,Enterprise,Mobile,Media,0,1,347,0,2,0,1,11,Richiesta
T-00425,chat,Enterprise,Backend,Media,0,1,489,10,0,2,1,14,Bug
T-00426,email,Enterprise,Backend,Media,0,2,1974,4,1,0,2,9,Bug
T-00427,chat,Free,API,Alta,1,4,175,0,0,1,7,5,Incidente
T-00428,email,Business,Nessuno,Bassa,1,1,140,1,0,2,1,13,Domanda
T-00429,chat,Enterprise,API,Media,0,0,759,1,7,0,1,19,Richiesta
T-00430,email,Free,Account,Media,0,0,119,1,0,2,1,16,Domanda
T-00431,form,Enterprise,Mobile,Media,1,4,847,2,0,0,1,16,Bug
T-00432,chat,Free,Account,Bassa,0,0,207,0,1,4,1,11,Domanda
T-00433,email,Free,API,Bassa,0,0,469,0,2,0,1,12,Richiesta
T-00434,form,Business,Backend,Urgente,1,1,552,2,0,2,3,13,Bug
T-00435,telefono,Free,Fatturazione,Bassa,0,0,313,0,0,2,2,13,Domanda
T-00436,form,Enterprise,Nessuno,Bassa,0,0,483,0,5,2,1,14,Richiesta
T-00437,email,Business,Nessuno,Bassa,0,2,1529,0,2,2,1,13,Richiesta
T-00438,email,Enterprise,Nessuno,Bassa,0,1,1451,1,2,1,1,15,Richiesta
T-00439,form,Business,Frontend,Bassa,0,0,350,0,3,1,1,10,Richiesta
T-00440,email,Enterprise,Fatturazione,Bassa,0,1,98,0,2,3,1,11,Domanda
T-00441,form,Business,Frontend,Alta,1,1,338,3,0,0,1,10,Bug
T-00442,chat,Free,Backend,Alta,1,3,1458,6,0,0,1,10,Bug
T-00443,telefono,Business,Frontend,Media,1,2,756,2,0,0,1,13,Bug
T-00444,form,Business,API,Bassa,0,1,574,0,2,0,1,14,Richiesta
T-00445,email,Business,Mobile,Alta,0,2,208,0,1,1,1,11,Bug
T-00446,chat,Free,Frontend,Bassa,0,0,224,1,2,2,1,14,Domanda
T-00447,form,Free,Frontend,Media,1,3,1556,3,0,0,1,10,Bug
T-00448,email,Enterprise,Account,Bassa,0,0,298,1,3,0,1,14,Richiesta
T-00449,email,Free,Frontend,Media,1,2,1171,2,0,1,1,14,Bug
T-00450,email,Business,Nessuno,Bassa,0,0,783,1,2,2,1,10,Richiesta
T-00451,email,Free,Fatturazione,Media,0,0,359,0,0,2,1,14,Domanda
T-00452,form,Free,Account,Bassa,0,1,376,0,4,1,1,13,Richiesta
T-00453,email,Business,Backend,Media,1,1,1472,3,1,0,1,11,Bug
T-00454,email,Business,Frontend,Bassa,0,1,931,1,2,1,1,12,Richiesta
T-00455,telefono,Business,Account,Media,0,2,334,0,1,2,1,17,Domanda
T-00456,form,Business,Nessuno,Bassa,0,0,482,1,3,1,1,12,Richiesta
T-00457,email,Business,API,Media,1,3,1190,4,0,0,1,12,Bug
T-00458,chat,Free,Nessuno,Bassa,0,0,174,1,1,2,1,14,Domanda
T-00459,email,Enterprise,Backend,Urgente,1,0,311,3,0,0,5,9,Incidente
T-00460,form,Business,API,Media,0,0,322,0,3,1,1,13,Richiesta
T-00461,form,Business,API,Media,0,1,1123,3,0,0,2,17,Bug
T-00462,telefono,Free,Nessuno,Bassa,0,0,509,1,0,4,1,16,Domanda
T-00463,email,Business,Frontend,Media,0,0,1212,0,4,1,1,14,Richiesta
T-00464,email,Business,Account,Media,0,0,314,1,0,4,1,12,Domanda
T-00465,form,Business,API,Media,1,1,1216,3,0,3,2,12,Bug
T-00466,form,Business,Nessuno,Bassa,0,1,257,1,0,0,1,10,Richiesta
T-00467,chat,Free,Nessuno,Bassa,0,1,394,0,3,0,1,12,Richiesta
T-00468,chat,Enterprise,Backend,Urgente,0,2,723,4,0,0,7,22,Incidente
T-00469,form,Free,Backend,Media,0,2,918,2,0,0,2,11,Bug
T-00470,email,Enterprise,Mobile,Bassa,0,1,729,0,1,1,1,13,Bug
T-00471,form,Business,API,Alta,0,0,1695,3,0,2,1,9,Bug
T-00472,form,Business,API,Alta,1,1,426,4,0,0,2,15,Bug
T-00473,email,Free,Backend,Bassa,1,1,513,1,0,0,2,12,Bug
T-00474,email,Enterprise,Account,Bassa,0,0,527,0,3,1,1,14,Richiesta
T-00475,form,Business,Frontend,Media,1,3,1623,1,0,0,2,15,Bug
T-00476,chat,Business,Frontend,Bassa,0,0,340,0,1,1,1,11,Domanda
T-00477,form,Business,Backend,Media,1,5,1222,4,0,0,1,14,Bug
T-00478,form,Enterprise,API,Alta,0,0,986,3,0,0,1,15,Bug
T-00479,chat,Business,Fatturazione,Bassa,1,0,137,1,1,0,1,12,Domanda
T-00480,email,Business,Nessuno,Bassa,0,1,249,1,0,4,1,11,Domanda
T-00481,chat,Free,Account,Alta,0,1,353,5,0,0,1,17,Bug
T-00482,chat,Business,Fatturazione,Media,0,0,555,1,1,1,1,15,Domanda
T-00483,email,Free,Mobile,Alta,1,1,933,0,0,0,1,16,Bug
T-00484,telefono,Business,Nessuno,Urgente,0,0,229,3,0,0,9,0,Incidente
T-00485,email,Business,API,Urgente,0,0,667,0,0,0,8,12,Incidente
T-00486,email,Business,Account,Media,0,0,400,0,1,1,1,15,Richiesta
T-00487,chat,Enterprise,Backend,Media,0,1,482,3,0,0,2,12,Bug
T-00488,chat,Business,Backend,Alta,1,4,159,3,1,0,5,18,Incidente
T-00489,chat,Business,Backend,Bassa,0,1,1185,5,1,1,3,12,Bug
T-00490,email,Business,Frontend,Media,0,1,436,1,0,0,1,10,Bug
T-00491,chat,Free,Nessuno,Bassa,1,0,211,0,0,0,1,13,Domanda
T-00492,email,Business,Nessuno,Alta,1,0,252,4,0,1,5,12,Incidente
T-00493,chat,Free,Fatturazione,Bassa,0,1,211,3,1,3,1,13,Domanda
T-00494,form,Business,API,Alta,1,1,1482,3,0,1,1,9,Bug
T-00495,chat,Business,API,Media,0,0,801,2,0,2,9,8,Incidente
T-00496,chat,Business,Mobile,Bassa,0,0,544,0,1,1,1,11,Domanda
T-00497,form,Enterprise,Frontend,Bassa,1,1,1112,2,0,0,1,17,Bug
T-00498,form,Free,API,Media,0,2,479,5,1,1,1,14,Bug
T-00499,form,Free,Mobile,Bassa,0,2,646,6,0,0,1,19,Bug
T-00500,telefono,Business,Frontend,Media,0,1,1004,4,0,0,1,13,Bug
T-00501,telefono,Enterprise,Nessuno,Media,0,1,231,0,0,1,1,14,Domanda
T-00502,email,Free,Nessuno,Media,0,0,701,0,1,3,1,16,Domanda
T-00503,chat,Business,Nessuno,Media,0,0,76,1,0,2,1,14,Domanda
T-00504,telefono,Enterprise,API,Media,1,0,535,2,0,0,7,0,Incidente
T-00505,email,Business,Account,Media,1,0,327,0,0,3,1,12,Domanda
T-00506,form,Enterprise,Mobile,Media,1,2,2002,4,0,2,2,14,Bug
T-00507,email,Business,Frontend,Bassa,1,2,805,3,1,1,1,12,Bug
T-00508,form,Enterprise,Backend,Bassa,0,3,1093,4,0,0,1,11,Bug
T-00509,email,Business,Mobile,Media,0,0,673,1,2,0,1,13,Richiesta
T-00510,email,Business,API,Bassa,0,1,301,0,4,0,1,16,Richiesta
T-00511,email,Enterprise,Backend,Alta,0,0,781,3,0,1,7,10,Incidente
T-00512,form,Free,API,Alta,1,2,527,5,0,0,2,12,Bug
T-00513,telefono,Free,Frontend,Media,1,1,676,7,0,0,2,16,Bug
T-00514,form,Free,Account,Media,1,1,789,5,1,0,2,14,Bug
T-00515,chat,Business,API,Media,0,1,282,0,3,5,1,13,Domanda
T-00516,email,Business,Mobile,Media,0,0,572,0,0,0,1,9,Richiesta
T-00517,email,Free,API,Bassa,1,3,576,5,0,1,1,13,Bug
T-00518,chat,Enterprise,Backend,Media,0,0,1248,4,1,0,6,16,Incidente
T-00519,form,Free,Nessuno,Bassa,0,0,595,0,2,1,1,13,Richiesta
T-00520,form,Business,API,Bassa,0,0,674,0,1,2,1,8,Richiesta
T-00521,telefono,Enterprise,Backend,Urgente,0,0,286,4,2,0,7,13,Incidente
T-00522,form,Business,Frontend,Alta,0,1,898,3,0,0,2,8,Bug
T-00523,chat,Free,Nessuno,Bassa,0,1,325,0,0,1,1,16,Domanda
T-00524,form,Business,Backend,Alta,0,2,698,4,0,0,4,17,Incidente
T-00525,form,Free,Backend,Alta,0,2,428,2,0,1,1,11,Bug
T-00526,chat,Free,Nessuno,Bassa,0,0,279,0,1,0,1,10,Richiesta
T-00527,email,Free,API,Bassa,0,0,581,0,2,0,1,13,Richiesta
T-00528,email,Business,Fatturazione,Alta,1,1,456,4,1,2,1,18,Bug
T-00529,form,Business,Mobile,Media,0,0,264,0,4,0,1,13,Richiesta
T-00530,chat,Free,Account,Bassa,0,1,178,0,0,1,1,8,Domanda
T-00531,form,Business,Mobile,Alta,1,1,490,4,0,0,1,5,Bug
T-00532,form,Business,Mobile,Urgente,1,2,1291,3,0,1,2,13,Bug
T-00533,email,Enterprise,Mobile,Media,0,0,558,1,4,0,1,13,Richiesta
T-00534,form,Business,Frontend,Urgente,1,1,298,4,1,1,1,15,Bug
T-00535,email,Business,API,Media,1,3,635,0,0,1,1,11,Bug
T-00536,form,Free,Frontend,Bassa,0,1,766,1,2,2,1,13,Richiesta
T-00537,form,Free,Nessuno,Bassa,0,0,477,2,1,4,2,11,Domanda
T-00538,email,Free,Frontend,Alta,0,0,749,3,0,0,1,9,Bug
T-00539,email,Enterprise,API,Media,1,1,748,2,0,0,2,11,Bug
T-00540,email,Free,Mobile,Urgente,0,0,687,2,0,0,1,13,Bug
T-00541,form,Enterprise,Account,Bassa,0,0,181,0,1,4,1,16,Domanda
T-00542,telefono,Business,Account,Media,0,0,216,1,2,6,1,7,Domanda
T-00543,email,Business,Mobile,Alta,0,0,965,4,1,1,1,15,Bug
T-00544,form,Business,Nessuno,Bassa,0,0,570,0,6,0,1,13,Richiesta
T-00545,form,Enterprise,Frontend,Bassa,0,0,286,0,1,2,1,12,Richiesta
T-00546,chat,Enterprise,Nessuno,Media,0,0,173,1,0,5,1,16,Domanda
T-00547,email,Business,Frontend,Media,1,5,908,5,0,1,1,11,Bug
T-00548,form,Business,Frontend,Alta,0,0,1070,2,0,1,2,16,Bug
T-00549,chat,Business,API,Alta,0,0,155,1,0,1,8,19,Incidente
T-00550,form,Enterprise,Nessuno,Bassa,0,0,797,1,1,0,1,13,Richiesta
T-00551,email,Free,Account,Media,0,0,790,0,3,1,1,15,Richiesta
T-00552,email,Free,Frontend,Media,0,0,136,0,0,0,1,11,Domanda
T-00553,email,Enterprise,Fatturazione,Bassa,0,1,513,0,2,1,1,12,Richiesta
T-00554,email,Free,Fatturazione,Alta,0,0,344,1,2,5,1,14,Domanda
T-00555,form,Enterprise,Frontend,Bassa,0,0,843,3,1,0,1,10,Bug
T-00556,form,Enterprise,Account,Bassa,0,0,262,2,1,2,3,10,Bug
T-00557,email,Free,Frontend,Alta,0,2,473,0,2,2,1,17,Richiesta
T-00558,email,Business,Nessuno,Alta,0,1,631,0,2,0,2,18,Richiesta
T-00559,chat,Free,Frontend,Alta,0,1,183,0,1,3,1,16,Domanda
T-00560,chat,Business,Frontend,Alta,1,1,293,5,1,0,2,15,Bug
T-00561,form,Free,Account,Alta,0,3,540,3,1,2,1,9,Bug
T-00562,form,Enterprise,Backend,Urgente,0,1,211,6,0,2,6,19,Incidente
T-00563,email,Free,Nessuno,Bassa,0,0,122,3,2,3,1,10,Domanda
T-00564,chat,Free,Frontend,Alta,0,0,325,3,0,0,1,16,Bug
T-00565,form,Free,API,Media,0,3,1180,0,1,0,2,14,Bug
T-00566,telefono,Enterprise,Account,Bassa,1,2,238,1,0,0,1,15,Bug
T-00567,form,Business,Backend,Media,0,0,260,1,1,1,1,15,Richiesta
T-00568,email,Free,Mobile,Bassa,0,0,2268,1,0,1,1,15,Bug
T-00569,email,Business,Frontend,Bassa,0,0,862,0,2,1,1,17,Richiesta
T-00570,form,Enterprise,Fatturazione,Bassa,1,2,693,5,0,1,1,11,Bug
T-00571,form,Enterprise,Frontend,Bassa,1,2,411,4,0,0,1,12,Bug
T-00572,chat,Business,Frontend,Media,1,1,675,0,1,0,2,13,Bug
T-00573,email,Enterprise,Nessuno,Bassa,0,2,802,0,2,0,1,14,Richiesta
T-00574,telefono,Free,Fatturazione,Media,0,0,623,0,1,3,1,12,Domanda
T-00575,email,Business,Fatturazione,Bassa,0,0,278,3,0,0,1,13,Domanda
T-00576,form,Enterprise,Account,Media,1,2,485,4,0,0,1,16,Bug
T-00577,email,Enterprise,Nessuno,Media,0,0,586,0,4,2,1,13,Richiesta
T-00578,chat,Business,Frontend,Bassa,0,1,235,1,6,2,1,8,Richiesta
T-00579,telefono,Business,Backend,Alta,0,3,381,3,0,0,4,3,Incidente
T-00580,form,Free,Mobile,Alta,1,0,1451,6,0,2,1,12,Bug
T-00581,form,Free,Mobile,Media,1,2,422,2,1,0,1,20,Bug
T-00582,email,Business,Account,Bassa,0,0,146,0,0,1,1,8,Domanda
T-00583,email,Business,API,Alta,1,1,522,6,0,1,6,4,Incidente
T-00584,chat,Business,Fatturazione,Urgente,0,0,166,0,0,2,1,10,Domanda
T-00585,email,Business,Backend,Media,0,1,476,5,0,1,1,20,Bug
T-00586,form,Free,Frontend,Media,0,0,877,2,0,1,1,19,Bug
T-00587,email,Business,Fatturazione,Media,1,1,186,1,0,1,1,12,Bug
T-00588,form,Enterprise,Mobile,Alta,1,1,387,4,0,1,1,11,Bug
T-00589,telefono,Free,Frontend,Alta,0,1,4133,4,0,0,1,10,Bug
T-00590,form,Business,Mobile,Bassa,0,1,672,2,0,0,1,8,Bug
T-00591,form,Business,Account,Bassa,0,2,1529,7,2,0,1,12,Bug
T-00592,form,Business,Nessuno,Media,0,1,752,0,3,0,2,12,Richiesta
T-00593,chat,Enterprise,Backend,Bassa,0,1,518,1,3,1,1,14,Richiesta
T-00594,chat,Free,Account,Media,0,1,343,1,0,0,1,10,Domanda
T-00595,email,Business,Fatturazione,Media,0,0,516,0,0,1,1,8,Richiesta
T-00596,email,Free,Fatturazione,Bassa,0,0,463,0,0,4,1,14,Domanda
T-00597,chat,Business,Frontend,Bassa,0,0,682,1,1,0,1,14,Domanda
T-00598,form,Free,Frontend,Media,1,1,476,1,0,1,2,8,Bug
T-00599,chat,Enterprise,Frontend,Media,0,0,186,1,0,3,1,13,Domanda
T-00600,form,Free,Nessuno,Bassa,0,0,138,0,1,0,1,14,Domanda
T-00601,email,Enterprise,Backend,Alta,0,2,745,4,0,0,1,18,Bug
T-00602,chat,Free,Fatturazione,Media,0,0,849,2,2,1,1,13,Domanda
T-00603,chat,Business,API,Media,1,0,933,2,0,1,3,9,Bug
T-00604,form,Free,Frontend,Urgente,0,1,303,2,0,0,1,16,Bug
T-00605,form,Free,Frontend,Media,0,1,624,4,0,2,1,14,Bug
T-00606,telefono,Enterprise,Frontend,Urgente,0,0,924,1,0,0,11,23,Incidente
T-00607,email,Free,Backend,Media,1,0,1185,3,1,0,1,15,Bug
T-00608,email,Business,API,Media,0,0,353,3,1,4,1,15,Domanda
T-00609,telefono,Business,Account,Bassa,0,1,308,0,0,3,1,19,Domanda
T-00610,telefono,Free,API,Alta,0,0,375,2,0,1,6,7,Incidente
T-00611,email,Free,Fatturazione,Bassa,0,1,259,0,0,0,2,9,Richiesta
T-00612,form,Enterprise,Account,Alta,1,0,994,4,0,0,1,9,Bug
T-00613,form,Free,Frontend,Alta,1,0,1455,2,0,1,1,16,Bug
T-00614,telefono,Business,Frontend,Alta,1,2,1194,2,0,0,1,12,Bug
T-00615,chat,Enterprise,Nessuno,Media,0,0,361,0,0,3,1,14,Domanda
T-00616,email,Business,Frontend,Media,0,0,505,0,0,1,1,15,Domanda
T-00617,form,Enterprise,Fatturazione,Media,0,0,85,0,0,5,1,16,Domanda
T-00618,form,Free,Backend,Bassa,0,0,844,3,1,0,1,16,Bug
T-00619,form,Enterprise,Account,Bassa,0,0,580,0,3,0,1,13,Richiesta
T-00620,chat,Free,Account,Urgente,1,1,1148,3,0,1,1,11,Bug
T-00621,email,Enterprise,Backend,Alta,1,0,558,5,1,2,2,12,Bug
T-00622,email,Business,Frontend,Bassa,0,1,913,0,3,2,1,9,Richiesta
T-00623,form,Business,Frontend,Media,1,1,407,0,1,1,1,14,Bug
T-00624,form,Business,Account,Bassa,0,1,307,1,1,8,1,13,Domanda
T-00625,telefono,Enterprise,Backend,Urgente,0,0,250,0,1,0,2,1,Incidente
T-00626,email,Business,Nessuno,Bassa,0,0,626,0,3,1,1,12,Richiesta
T-00627,email,Business,Frontend,Media,1,1,475,1,0,3,1,12,Bug
T-00628,chat,Free,Nessuno,Bassa,0,0,182,1,0,2,1,5,Domanda
T-00629,form,Business,Backend,Alta,0,3,894,4,0,1,1,5,Bug
T-00630,email,Free,Fatturazione,Bassa,0,1,273,0,0,1,1,17,Domanda
T-00631,form,Enterprise,Frontend,Media,0,1,901,3,0,0,2,13,Bug
T-00632,email,Business,Account,Media,1,1,701,4,1,1,1,10,Bug
T-00633,chat,Enterprise,Account,Bassa,0,0,456,0,2,3,1,16,Domanda
T-00634,form,Free,Frontend,Media,0,1,1551,1,0,0,2,10,Bug
T-00635,form,Enterprise,Fatturazione,Bassa,0,0,413,1,3,0,1,16,Richiesta
T-00636,email,Free,API,Bassa,0,2,493,2,2,1,1,9,Bug
T-00637,email,Enterprise,Backend,Alta,0,0,1595,5,0,2,1,15,Bug
T-00638,chat,Free,API,Bassa,0,1,262,0,2,0,2,10,Richiesta
T-00639,email,Business,Account,Media,0,0,1082,0,2,2,1,12,Richiesta
T-00640,telefono,Free,Nessuno,Bassa,0,0,404,1,1,1,1,14,Domanda
T-00641,form,Business,API,Media,0,2,755,4,0,0,1,14,Bug
T-00642,form,Free,Mobile,Alta,1,0,403,3,0,0,2,17,Bug
T-00643,email,Free,Account,Media,0,0,706,0,1,4,1,10,Domanda
T-00644,chat,Business,Frontend,Alta,1,2,497,2,0,1,1,12,Bug
T-00645,chat,Business,Mobile,Bassa,1,0,166,1,1,1,1,8,Domanda
T-00646,form,Enterprise,Mobile,Media,1,3,456,3,0,0,1,13,Bug
T-00647,email,Business,Fatturazione,Bassa,0,0,613,0,2,1,1,9,Domanda
T-00648,form,Business,Frontend,Media,1,3,1459,1,0,0,1,14,Bug
T-00649,telefono,Business,Backend,Urgente,0,5,302,4,0,0,5,12,Incidente
T-00650,email,Business,Frontend,Media,0,0,1243,0,2,0,1,6,Richiesta
T-00651,form,Free,Account,Media,0,0,321,0,2,2,1,12,Domanda
T-00652,form,Free,Mobile,Media,1,1,1111,2,1,1,1,7,Bug
T-00653,email,Free,API,Bassa,0,1,230,3,0,2,1,7,Domanda
T-00654,chat,Business,Nessuno,Media,0,0,765,0,2,1,1,15,Richiesta
T-00655,chat,Enterprise,Backend,Alta,1,1,888,1,1,0,2,14,Bug
T-00656,chat,Business,Fatturazione,Bassa,0,0,115,1,1,1,1,11,Domanda
T-00657,email,Free,Fatturazione,Bassa,0,0,1129,1,3,2,1,14,Richiesta
T-00658,chat,Enterprise,Backend,Alta,1,1,225,1,0,3,9,6,Incidente
T-00659,email,Business,Frontend,Alta,1,0,502,3,0,1,1,16,Bug
T-00660,form,Enterprise,Frontend,Media,1,1,413,1,0,1,1,21,Bug
T-00661,form,Enterprise,Mobile,Media,1,3,466,3,0,1,1,13,Bug
T-00662,chat,Free,Backend,Media,0,0,754,0,0,2,1,13,Domanda
T-00663,email,Business,Nessuno,Bassa,0,0,276,1,4,0,1,12,Richiesta
T-00664,chat,Free,Nessuno,Bassa,0,0,261,1,0,2,1,13,Domanda
T-00665,telefono,Enterprise,API,Urgente,1,1,139,3,0,0,5,16,Incidente
T-00666,form,Free,Frontend,Bassa,0,1,1037,0,3,1,1,11,Richiesta
T-00667,chat,Free,Fatturazione,Bassa,0,1,414,0,0,1,1,10,Domanda
T-00668,form,Business,API,Media,1,0,657,2,0,1,1,12,Bug
T-00669,email,Enterprise,API,Media,0,0,383,0,0,2,1,10,Domanda
T-00670,email,Free,Frontend,Alta,1,2,579,3,1,1,2,10,Bug
T-00671,email,Enterprise,Account,Media,1,2,557,2,0,0,9,22,Incidente
T-00672,form,Free,API,Bassa,1,0,152,1,1,7,1,7,Domanda
T-00673,chat,Business,Nessuno,Bassa,1,1,344,1,1,3,1,17,Domanda
T-00674,form,Business,Backend,Media,0,3,1390,3,0,0,1,13,Bug
T-00675,chat,Free,Account,Bassa,0,1,279,1,2,1,1,10,Domanda
T-00676,form,Business,Account,Bassa,0,0,255,0,0,5,1,12,Domanda
T-00677,email,Enterprise,Backend,Media,0,0,477,0,5,1,1,11,Richiesta
T-00678,form,Free,Backend,Alta,0,2,375,2,0,0,2,14,Bug
T-00679,chat,Free,Frontend,Bassa,1,0,114,0,1,0,1,12,Domanda
T-00680,email,Free,Fatturazione,Media,0,1,145,0,1,4,1,11,Domanda
T-00681,email,Business,Nessuno,Alta,0,0,1621,0,1,0,1,14,Richiesta
T-00682,form,Business,Fatturazione,Urgente,0,0,672,2,1,2,2,17,Bug
T-00683,chat,Business,API,Alta,0,0,2040,0,1,1,1,13,Bug
T-00684,chat,Business,Nessuno,Bassa,0,1,147,2,1,1,1,13,Domanda
T-00685,form,Enterprise,Frontend,Bassa,0,2,635,2,0,0,1,12,Bug
T-00686,chat,Free,Frontend,Bassa,0,0,162,2,0,0,1,13,Domanda
T-00687,email,Free,Fatturazione,Bassa,0,0,344,0,2,2,1,10,Domanda
T-00688,form,Free,Mobile,Media,1,1,1333,1,0,0,1,15,Bug
T-00689,form,Business,Frontend,Media,0,0,285,0,2,1,1,9,Richiesta
T-00690,form,Business,Fatturazione,Media,0,0,613,0,1,4,2,12,Richiesta
T-00691,email,Free,Account,Bassa,0,0,223,1,1,1,1,14,Richiesta
T-00692,form,Business,Account,Alta,0,1,2155,6,0,0,1,15,Bug
T-00693,email,Business,Frontend,Media,0,0,717,2,0,0,1,11,Bug
T-00694,form,Business,Nessuno,Bassa,0,0,387,0,3,1,1,13,Richiesta
T-00695,chat,Free,Fatturazione,Bassa,0,0,345,0,2,4,1,14,Domanda
T-00696,email,Business,Fatturazione,Alta,0,0,585,0,5,0,1,8,Richiesta
T-00697,chat,Enterprise,Backend,Media,0,0,748,6,0,1,1,9,Bug
T-00698,chat,Business,Fatturazione,Media,0,0,137,0,1,7,1,22,Domanda
T-00699,email,Business,Frontend,Media,1,1,523,4,0,0,1,16,Bug
T-00700,form,Business,Frontend,Media,0,1,1450,7,0,1,1,12,Bug
T-00701,email,Business,Nessuno,Bassa,0,0,639,0,3,0,1,19,Richiesta
T-00702,chat,Enterprise,API,Urgente,0,3,385,1,0,1,7,4,Incidente
T-00703,chat,Business,Frontend,Alta,1,1,1078,2,1,1,1,6,Bug
T-00704,form,Enterprise,Frontend,Bassa,0,2,1617,6,0,2,1,13,Bug
T-00705,form,Business,Frontend,Bassa,0,0,304,1,6,1,1,12,Richiesta
T-00706,chat,Business,Nessuno,Bassa,0,0,225,1,3,4,1,11,Domanda
T-00707,chat,Free,Nessuno,Media,1,0,194,1,0,0,1,12,Domanda
T-00708,email,Enterprise,Mobile,Media,0,0,682,2,1,0,2,12,Bug
T-00709,chat,Free,Nessuno,Bassa,0,0,314,2,3,2,1,16,Domanda
T-00710,form,Business,API,Alta,0,0,503,1,0,1,9,6,Incidente
T-00711,email,Free,Nessuno,Bassa,0,0,157,0,0,1,1,9,Domanda
T-00712,chat,Business,Mobile,Alta,0,4,756,5,2,0,1,15,Bug
T-00713,form,Enterprise,Backend,Media,0,1,2152,3,1,1,2,14,Bug
T-00714,email,Business,API,Media,1,1,1006,3,0,0,1,16,Bug
T-00715,form,Business,Mobile,Media,1,1,466,2,1,2,1,13,Bug
T-00716,chat,Free,Backend,Media,0,1,818,2,0,1,2,11,Bug
T-00717,chat,Enterprise,Mobile,Alta,0,1,513,2,0,1,13,7,Incidente
T-00718,form,Free,Frontend,Bassa,1,1,213,4,0,1,1,12,Bug
T-00719,chat,Business,Nessuno,Bassa,0,0,173,1,0,2,1,13,Domanda
T-00720,email,Free,Fatturazione,Media,0,1,777,5,0,0,1,13,Bug
T-00721,email,Business,Mobile,Alta,0,0,757,5,0,0,2,8,Bug
T-00722,form,Business,Backend,Bassa,0,1,844,4,1,0,1,17,Bug
T-00723,email,Enterprise,Mobile,Media,1,1,587,3,0,0,3,11,Bug
T-00724,email,Business,Frontend,Bassa,0,0,234,0,3,1,1,15,Richiesta
T-00725,chat,Enterprise,Mobile,Urgente,0,0,194,3,0,1,6,4,Incidente
T-00726,chat,Enterprise,Nessuno,Urgente,0,0,136,1,1,0,3,13,Incidente
T-00727,email,Business,Account,Bassa,0,0,399,1,2,1,1,15,Richiesta
T-00728,email,Free,Fatturazione,Bassa,1,0,110,0,1,1,2,14,Domanda
T-00729,chat,Enterprise,Frontend,Media,0,0,414,1,0,1,1,20,Richiesta
T-00730,form,Free,Backend,Alta,1,0,1487,3,1,0,1,8,Bug
T-00731,email,Free,Mobile,Media,1,0,1081,4,0,0,1,17,Bug
T-00732,email,Business,Backend,Media,0,0,452,1,0,0,8,7,Incidente
T-00733,form,Free,API,Alta,1,0,330,3,1,0,1,16,Bug
T-00734,telefono,Business,API,Media,0,0,1081,2,1,0,1,14,Bug
T-00735,form,Free,Mobile,Alta,0,1,2432,3,1,1,1,11,Bug
T-00736,email,Business,Frontend,Media,0,1,959,3,1,0,2,13,Bug
T-00737,email,Free,Nessuno,Media,0,0,2229,0,4,2,1,15,Richiesta
T-00738,form,Business,Frontend,Alta,0,1,633,0,0,1,1,17,Bug
T-00739,email,Business,API,Bassa,0,1,242,4,0,0,1,18,Bug
T-00740,form,Free,API,Media,1,3,474,1,0,1,1,13,Bug
T-00741,telefono,Enterprise,API,Urgente,0,0,473,4,0,0,6,5,Incidente
T-00742,email,Free,Frontend,Media,0,2,637,2,0,1,2,15,Bug
T-00743,telefono,Business,Mobile,Urgente,1,2,793,3,0,0,1,15,Bug
T-00744,chat,Enterprise,Backend,Urgente,0,0,282,3,0,1,5,7,Incidente
T-00745,email,Business,Fatturazione,Media,0,1,288,0,3,2,1,14,Domanda
T-00746,email,Business,Mobile,Alta,0,0,323,0,3,0,1,13,Richiesta
T-00747,form,Enterprise,Frontend,Media,1,2,1007,4,1,0,1,11,Bug
T-00748,chat,Business,Backend,Alta,0,1,778,4,1,0,1,17,Bug
T-00749,email,Business,Fatturazione,Media,0,0,445,2,0,1,1,13,Bug
T-00750,email,Business,Mobile,Bassa,0,1,167,0,0,0,1,14,Richiesta
T-00751,chat,Free,Fatturazione,Urgente,1,0,260,0,1,0,3,16,Bug
T-00752,form,Business,Frontend,Media,0,0,447,4,0,0,1,12,Bug
T-00753,form,Free,Backend,Alta,1,3,1082,2,0,1,1,10,Bug
T-00754,form,Business,Fatturazione,Alta,0,0,376,1,0,2,1,13,Domanda
T-00755,chat,Business,Fatturazione,Alta,0,0,384,0,3,5,1,13,Domanda
T-00756,email,Business,Frontend,Bassa,1,2,794,6,1,0,1,17,Bug
T-00757,form,Free,Account,Bassa,0,0,108,1,0,5,1,9,Domanda
T-00758,form,Free,Account,Bassa,0,1,135,0,2,4,1,9,Domanda
T-00759,chat,Business,Fatturazione,Media,0,0,167,1,2,3,1,13,Domanda
T-00760,form,Free,Frontend,Media,1,2,2124,1,3,0,1,15,Bug
T-00761,email,Enterprise,Frontend,Bassa,1,1,256,2,0,1,1,20,Bug
T-00762,chat,Business,Fatturazione,Bassa,0,1,304,1,0,5,1,15,Domanda
T-00763,form,Free,Backend,Alta,0,0,1364,3,0,1,2,11,Bug
T-00764,form,Free,Account,Bassa,0,0,528,1,3,1,1,10,Richiesta
T-00765,email,Business,API,Urgente,0,0,551,3,0,0,10,11,Incidente
T-00766,chat,Enterprise,Frontend,Bassa,1,1,716,3,1,0,1,10,Bug
T-00767,chat,Free,API,Alta,0,2,230,5,0,1,6,19,Incidente
T-00768,email,Free,Account,Media,0,0,504,0,3,0,1,12,Richiesta
T-00769,chat,Enterprise,Fatturazione,Urgente,0,2,353,3,0,1,4,20,Incidente
T-00770,form,Enterprise,Backend,Alta,0,1,687,0,1,1,1,18,Richiesta
T-00771,form,Business,Frontend,Media,0,0,630,0,4,0,1,13,Richiesta
T-00772,chat,Free,Account,Alta,0,0,129,0,0,6,1,15,Domanda
T-00773,chat,Enterprise,Account,Bassa,0,0,394,1,0,1,1,17,Domanda
T-00774,form,Business,Mobile,Media,0,1,658,3,0,3,1,10,Bug
T-00775,chat,Business,Mobile,Alta,0,0,429,2,0,4,1,9,Domanda
T-00776,email,Free,API,Bassa,0,0,655,1,0,0,1,13,Bug
T-00777,chat,Enterprise,API,Bassa,0,0,446,0,0,3,1,9,Domanda
T-00778,form,Free,Backend,Media,0,0,1343,5,0,1,1,11,Bug
T-00779,chat,Free,Account,Media,0,0,392,0,3,2,1,8,Domanda
T-00780,form,Business,Mobile,Bassa,0,0,288,0,0,0,1,17,Richiesta
T-00781,email,Business,API,Alta,1,0,594,2,0,1,3,12,Bug
T-00782,email,Free,Mobile,Bassa,0,1,377,0,4,2,1,8,Richiesta
T-00783,telefono,Free,Frontend,Bassa,1,0,544,4,0,0,2,7,Bug
T-00784,email,Enterprise,Frontend,Bassa,0,2,1378,4,0,1,2,14,Bug
T-00785,email,Free,Fatturazione,Media,0,0,419,2,1,2,1,13,Domanda
T-00786,email,Enterprise,Frontend,Bassa,1,2,500,6,0,1,1,16,Bug
T-00787,email,Business,Nessuno,Bassa,0,0,374,0,3,4,1,20,Domanda
T-00788,chat,Business,Nessuno,Media,0,0,221,0,1,3,1,16,Domanda
T-00789,form,Business,Fatturazione,Media,0,1,1159,3,0,2,3,15,Bug
T-00790,chat,Enterprise,Mobile,Media,0,1,260,0,5,0,1,15,Richiesta
T-00791,chat,Free,Nessuno,Media,0,1,198,0,1,2,1,12,Domanda
T-00792,chat,Business,Mobile,Alta,0,0,1345,5,1,1,2,15,Bug
T-00793,email,Business,API,Alta,0,2,767,2,0,0,1,16,Bug
T-00794,chat,Business,Backend,Bassa,0,1,736,3,0,0,1,12,Bug
T-00795,form,Business,Mobile,Media,1,2,635,3,0,1,2,11,Bug
T-00796,form,Business,API,Media,0,1,1373,4,1,2,1,18,Bug
T-00797,form,Free,Backend,Alta,1,2,338,2,1,0,2,14,Bug
T-00798,email,Enterprise,Frontend,Bassa,0,1,582,0,1,1,1,11,Richiesta
T-00799,form,Business,Account,Media,0,2,1080,3,1,1,1,12,Bug
T-00800,email,Enterprise,API,Media,1,1,703,1,0,0,1,16,Bug
T-00801,form,Free,Frontend,Bassa,1,1,693,7,0,0,1,17,Bug
T-00802,chat,Free,Fatturazione,Bassa,0,0,132,0,1,7,2,15,Domanda
T-00803,chat,Free,Fatturazione,Media,0,1,167,0,1,1,1,13,Domanda
T-00804,chat,Enterprise,Fatturazione,Media,0,0,258,0,1,1,2,15,Domanda
T-00805,form,Business,Account,Media,1,2,541,3,1,0,2,16,Bug
T-00806,email,Free,Fatturazione,Alta,0,1,361,2,0,1,1,11,Richiesta
T-00807,chat,Free,Account,Media,0,0,225,2,0,1,1,14,Domanda
T-00808,chat,Business,Backend,Bassa,0,0,344,0,3,2,1,17,Richiesta
T-00809,email,Enterprise,Frontend,Media,0,2,315,0,2,2,1,8,Richiesta
T-00810,email,Free,Fatturazione,Alta,0,0,453,0,3,1,1,7,Richiesta
T-00811,email,Enterprise,Backend,Media,1,3,731,4,1,0,1,13,Bug
T-00812,email,Free,Nessuno,Media,0,0,191,1,0,1,1,14,Domanda
T-00813,email,Free,Nessuno,Media,0,0,263,1,1,7,1,14,Domanda
T-00814,email,Business,Backend,Bassa,1,0,566,3,0,0,2,19,Bug
T-00815,form,Business,Frontend,Bassa,1,0,488,1,0,0,1,15,Bug
T-00816,form,Free,Account,Bassa,0,0,443,1,1,1,1,12,Domanda
T-00817,email,Enterprise,Nessuno,Alta,0,0,633,0,4,1,1,16,Richiesta
T-00818,email,Free,API,Media,0,0,453,4,0,0,2,15,Bug
T-00819,form,Business,API,Bassa,0,3,860,1,6,0,1,13,Richiesta
T-00820,form,Free,API,Media,0,0,1546,1,0,0,1,14,Richiesta
T-00821,email,Business,API,Media,0,0,1002,0,2,0,1,10,Richiesta
T-00822,telefono,Enterprise,API,Alta,0,1,778,4,0,1,4,2,Incidente
T-00823,chat,Enterprise,Backend,Alta,1,2,446,3,0,0,1,11,Bug
T-00824,email,Enterprise,Fatturazione,Alta,0,1,429,1,1,1,4,6,Incidente
T-00825,chat,Business,Fatturazione,Bassa,0,0,395,0,2,7,1,14,Domanda
T-00826,chat,Enterprise,Backend,Media,0,1,303,3,0,0,1,19,Bug
T-00827,telefono,Enterprise,Backend,Media,0,1,392,5,0,1,7,17,Incidente
T-00828,email,Business,Frontend,Bassa,0,0,172,0,1,4,1,8,Domanda
T-00829,chat,Business,Frontend,Alta,1,1,301,4,0,2,2,9,Bug
T-00830,telefono,Enterprise,API,Urgente,0,0,132,3,0,1,9,7,Incidente
T-00831,telefono,Free,Fatturazione,Alta,0,1,195,0,1,3,1,11,Domanda
T-00832,email,Business,API,Bassa,0,1,147,0,0,6,1,17,Domanda
T-00833,chat,Business,Frontend,Bassa,0,0,301,1,1,5,1,11,Domanda
T-00834,telefono,Free,Backend,Alta,1,0,755,6,0,1,1,9,Bug
T-00835,form,Business,Frontend,Media,1,0,1572,4,0,0,1,13,Bug
T-00836,email,Free,Fatturazione,Bassa,0,0,262,0,0,3,1,11,Domanda
T-00837,chat,Free,Nessuno,Media,0,0,346,0,0,2,1,17,Domanda
T-00838,form,Free,Frontend,Alta,1,0,1208,8,1,0,1,17,Bug
T-00839,chat,Enterprise,Fatturazione,Media,0,1,245,0,0,2,1,10,Richiesta
T-00840,form,Enterprise,Frontend,Bassa,0,1,1851,0,1,1,1,12,Richiesta
T-00841,form,Enterprise,Account,Alta,0,0,325,1,1,2,1,8,Domanda
T-00842,email,Enterprise,Frontend,Media,0,0,566,0,2,0,1,10,Richiesta
T-00843,chat,Free,Nessuno,Media,0,0,296,0,1,5,1,18,Domanda
T-00844,email,Free,Mobile,Bassa,0,0,1025,0,4,2,1,12,Richiesta
T-00845,email,Business,Nessuno,Media,0,0,109,1,1,3,1,15,Domanda
T-00846,email,Business,API,Alta,1,3,543,3,1,0,2,15,Bug
T-00847,chat,Enterprise,Frontend,Alta,0,2,239,5,1,0,9,22,Incidente
T-00848,form,Enterprise,Frontend,Alta,0,0,671,2,0,0,1,9,Bug
T-00849,form,Free,Backend,Bassa,1,1,1353,6,1,0,1,12,Bug
T-00850,chat,Business,API,Media,0,0,191,0,0,5,1,14,Domanda
T-00851,form,Business,Account,Alta,0,0,367,1,4,1,1,13,Richiesta
T-00852,email,Business,Account,Bassa,1,1,1087,2,1,0,1,17,Bug
T-00853,chat,Free,Mobile,Media,0,1,1481,1,5,0,1,13,Richiesta
T-00854,form,Business,Mobile,Media,1,2,1463,4,1,1,1,8,Bug
T-00855,email,Business,Frontend,Media,0,1,789,0,4,0,1,9,Richiesta
T-00856,telefono,Business,API,Alta,1,1,233,3,0,0,7,17,Incidente
T-00857,chat,Business,API,Bassa,0,1,273,0,0,6,1,12,Domanda
T-00858,email,Enterprise,Nessuno,Media,0,0,591,0,4,0,1,13,Richiesta
T-00859,email,Business,Frontend,Media,0,0,359,0,3,0,1,17,Richiesta
T-00860,telefono,Free,Backend,Urgente,0,0,892,2,0,1,6,9,Incidente
T-00861,chat,Business,Mobile,Media,0,0,356,1,0,5,2,11,Domanda
T-00862,chat,Business,Backend,Media,0,0,255,1,2,0,1,9,Bug
T-00863,chat,Free,API,Bassa,0,0,341,3,1,0,1,17,Domanda
T-00864,chat,Business,Fatturazione,Bassa,0,0,1029,0,1,1,1,18,Richiesta
T-00865,email,Business,Frontend,Bassa,1,0,174,1,0,1,3,9,Bug
T-00866,telefono,Enterprise,Backend,Alta,0,1,207,0,0,2,7,5,Incidente
T-00867,form,Business,Backend,Media,0,1,687,4,2,0,1,12,Bug
T-00868,form,Business,Frontend,Media,0,1,1163,2,1,0,2,13,Bug
T-00869,email,Business,Frontend,Bassa,0,0,771,4,1,2,1,13,Bug
T-00870,chat,Enterprise,Nessuno,Alta,0,0,320,1,1,0,1,13,Domanda
T-00871,chat,Business,API,Bassa,1,1,796,4,2,0,1,13,Bug
T-00872,email,Business,Frontend,Media,1,1,480,5,2,2,1,14,Bug
T-00873,telefono,Business,Backend,Media,0,1,697,2,0,0,1,10,Bug
T-00874,email,Business,Fatturazione,Alta,0,0,616,1,4,1,1,12,Richiesta
T-00875,chat,Free,API,Bassa,1,1,847,2,0,0,1,16,Bug
T-00876,form,Business,Frontend,Alta,0,1,742,3,0,1,1,17,Bug
T-00877,telefono,Business,Mobile,Bassa,1,0,573,3,1,1,2,7,Bug
T-00878,chat,Free,Frontend,Media,0,2,1012,0,0,0,1,14,Bug
T-00879,form,Enterprise,API,Bassa,0,0,427,3,1,0,1,12,Bug
T-00880,form,Free,Frontend,Media,0,1,1929,1,0,0,1,13,Bug
T-00881,email,Business,Fatturazione,Alta,1,1,496,4,1,1,1,8,Bug
T-00882,form,Enterprise,Backend,Alta,1,2,1157,1,0,0,1,13,Bug
T-00883,email,Enterprise,Nessuno,Alta,0,1,418,1,2,0,1,15,Richiesta
T-00884,form,Enterprise,Nessuno,Bassa,0,0,447,0,3,1,1,13,Richiesta
T-00885,chat,Free,API,Urgente,1,2,496,2,0,3,3,9,Incidente
T-00886,email,Business,Fatturazione,Bassa,0,0,437,0,3,0,1,14,Richiesta
T-00887,chat,Free,Fatturazione,Bassa,0,1,368,3,0,3,1,8,Domanda
T-00888,email,Free,Nessuno,Media,0,0,76,0,3,4,1,12,Domanda
T-00889,form,Business,Mobile,Bassa,0,1,809,2,0,1,1,10,Bug
T-00890,email,Enterprise,Frontend,Bassa,0,2,144,0,3,2,1,11,Richiesta
T-00891,form,Business,Frontend,Media,1,1,550,3,0,1,2,13,Bug
T-00892,email,Enterprise,Frontend,Alta,1,0,1132,0,0,1,2,13,Bug
T-00893,form,Business,Backend,Media,1,0,807,1,0,0,1,10,Bug
T-00894,form,Business,API,Media,0,0,239,0,2,1,1,10,Richiesta
T-00895,email,Enterprise,Frontend,Bassa,0,0,902,0,3,0,1,6,Richiesta
T-00896,form,Business,Fatturazione,Alta,1,1,253,1,1,1,1,9,Bug
T-00897,email,Enterprise,API,Urgente,0,1,313,5,0,2,4,11,Incidente
T-00898,email,Free,Nessuno,Alta,0,0,249,0,4,0,1,15,Richiesta
T-00899,email,Business,Fatturazione,Bassa,0,0,575,0,0,1,1,14,Richiesta
T-00900,chat,Enterprise,Backend,Alta,1,1,507,1,0,0,8,7,Incidente
T-00901,email,Business,Backend,Alta,0,2,362,2,0,2,6,17,Incidente
T-00902,chat,Free,Mobile,Media,0,1,665,4,0,0,2,11,Bug
T-00903,telefono,Business,Frontend,Bassa,1,1,660,3,1,3,2,15,Bug
T-00904,email,Free,Fatturazione,Media,0,0,239,0,1,0,1,13,Richiesta
T-00905,form,Business,Fatturazione,Bassa,0,0,420,2,0,0,3,14,Bug
T-00906,form,Free,Backend,Bassa,0,3,1328,3,0,1,1,7,Bug
T-00907,email,Free,Fatturazione,Media,0,0,579,0,0,4,1,13,Domanda
T-00908,email,Business,Fatturazione,Media,0,2,986,0,1,2,1,13,Domanda
T-00909,form,Free,Nessuno,Media,0,0,1275,2,4,1,1,13,Richiesta
T-00910,email,Business,Fatturazione,Bassa,0,0,493,1,2,0,1,15,Richiesta
T-00911,form,Enterprise,API,Media,0,0,328,3,1,1,1,12,Bug
T-00912,email,Enterprise,Fatturazione,Media,0,1,363,0,1,1,1,9,Richiesta
T-00913,form,Free,Backend,Alta,1,2,520,2,1,0,2,14,Bug
T-00914,email,Free,API,Media,1,2,513,1,0,0,7,11,Incidente
T-00915,form,Enterprise,Frontend,Media,0,2,540,4,2,1,1,12,Bug
T-00916,email,Free,Mobile,Media,0,2,634,3,1,2,1,9,Bug
T-00917,email,Free,Nessuno,Media,0,1,148,0,1,1,1,11,Domanda
T-00918,email,Business,Frontend,Media,1,2,3133,4,0,0,2,12,Bug
T-00919,chat,Enterprise,Fatturazione,Alta,1,1,180,0,0,3,1,16,Domanda
T-00920,email,Enterprise,Backend,Media,1,1,600,1,1,0,1,10,Bug
T-00921,email,Free,Account,Media,1,0,310,0,0,2,1,15,Domanda
T-00922,telefono,Enterprise,API,Alta,0,1,139,7,0,3,9,17,Incidente
T-00923,form,Enterprise,Account,Bassa,0,1,454,2,0,1,1,9,Bug
T-00924,chat,Business,Frontend,Media,0,0,444,0,2,0,1,10,Richiesta
T-00925,telefono,Enterprise,Frontend,Alta,0,3,498,1,2,1,1,11,Bug
T-00926,email,Business,Backend,Media,1,1,371,2,0,0,1,13,Bug
T-00927,form,Business,Frontend,Urgente,0,2,824,5,1,0,1,11,Bug
T-00928,chat,Business,Mobile,Bassa,0,0,503,0,0,2,1,12,Domanda
T-00929,form,Business,Mobile,Alta,0,1,952,2,0,1,2,17,Bug
T-00930,form,Business,API,Media,1,1,642,2,1,3,1,14,Bug
T-00931,email,Enterprise,Fatturazione,Bassa,0,0,752,0,1,1,1,13,Richiesta
T-00932,email,Free,Frontend,Media,0,0,296,1,4,2,1,10,Richiesta
T-00933,form,Enterprise,Fatturazione,Media,0,0,1275,3,1,2,1,11,Bug
T-00934,chat,Enterprise,Frontend,Alta,0,1,241,0,1,4,1,8,Domanda
T-00935,form,Enterprise,Mobile,Alta,0,1,471,0,3,1,1,14,Richiesta
T-00936,form,Business,Frontend,Bassa,1,4,449,1,0,0,1,13,Bug
T-00937,form,Business,Frontend,Media,0,0,651,4,0,0,1,11,Bug
T-00938,email,Business,Nessuno,Bassa,0,1,543,0,1,0,1,13,Richiesta
T-00939,email,Business,Mobile,Media,0,1,776,0,1,0,1,17,Richiesta
T-00940,email,Free,Account,Bassa,0,1,156,0,3,0,1,16,Richiesta
T-00941,form,Business,Nessuno,Bassa,0,0,266,0,3,4,1,16,Domanda
T-00942,form,Business,Frontend,Bassa,1,3,1271,2,0,0,1,15,Bug
T-00943,email,Free,Backend,Bassa,0,1,239,1,1,3,1,11,Domanda
T-00944,email,Business,Fatturazione,Bassa,1,3,525,4,0,0,1,14,Bug
T-00945,form,Business,Mobile,Media,1,0,720,1,1,1,1,15,Bug
T-00946,email,Enterprise,Account,Bassa,0,1,422,1,1,1,1,13,Domanda
T-00947,email,Enterprise,Frontend,Media,0,0,410,1,2,1,1,11,Richiesta
T-00948,form,Business,Backend,Alta,0,0,695,3,0,0,1,12,Bug
T-00949,email,Business,Fatturazione,Alta,0,0,733,1,0,0,1,16,Bug
T-00950,form,Free,Mobile,Alta,1,0,513,6,0,2,1,16,Bug
T-00951,form,Business,Nessuno,Media,0,0,535,0,3,1,1,20,Richiesta
T-00952,email,Enterprise,Mobile,Bassa,0,1,977,1,2,1,1,15,Richiesta
T-00953,chat,Business,Frontend,Bassa,0,0,851,2,0,0,1,14,Bug
T-00954,telefono,Free,Frontend,Bassa,1,1,585,1,0,1,1,13,Bug
T-00955,email,Business,API,Bassa,0,1,663,3,1,1,1,13,Bug
T-00956,telefono,Free,Frontend,Media,0,0,675,1,0,0,5,6,Incidente
T-00957,email,Business,Nessuno,Bassa,0,0,1428,0,2,2,1,16,Richiesta
T-00958,email,Free,Fatturazione,Bassa,0,1,648,0,1,0,1,15,Richiesta
T-00959,chat,Free,API,Media,0,2,210,0,1,1,1,15,Domanda
T-00960,form,Free,Backend,Bassa,0,1,3728,0,4,1,1,12,Richiesta
T-00961,chat,Business,Backend,Alta,1,0,836,3,0,0,1,16,Bug
T-00962,email,Free,Frontend,Media,0,0,139,1,1,0,1,16,Richiesta
T-00963,chat,Free,Fatturazione,Bassa,0,0,163,1,0,4,1,9,Domanda
T-00964,chat,Enterprise,Fatturazione,Urgente,0,1,225,4,0,0,6,18,Incidente
T-00965,email,Business,Mobile,Media,0,2,602,1,0,0,1,13,Bug
T-00966,email,Enterprise,Nessuno,Bassa,0,1,749,0,3,0,1,10,Richiesta
T-00967,chat,Business,Fatturazione,Media,0,0,752,0,2,1,1,13,Richiesta
T-00968,email,Business,Nessuno,Bassa,0,1,122,0,1,6,1,10,Domanda
T-00969,email,Enterprise,Account,Media,0,0,176,0,1,2,1,17,Domanda
T-00970,form,Business,Frontend,Alta,1,0,334,3,0,2,1,17,Bug
T-00971,form,Enterprise,Fatturazione,Bassa,0,1,199,0,0,3,2,15,Domanda
T-00972,chat,Free,Account,Alta,0,0,272,0,5,0,1,17,Richiesta
T-00973,email,Free,Fatturazione,Alta,0,0,1407,1,0,1,1,13,Bug
T-00974,form,Business,Nessuno,Media,0,3,394,0,5,0,1,8,Richiesta
T-00975,form,Free,Account,Media,0,0,106,0,0,1,1,11,Domanda
T-00976,form,Free,Account,Bassa,0,2,808,3,6,0,1,15,Richiesta
T-00977,form,Enterprise,Mobile,Bassa,0,0,579,1,1,0,1,14,Richiesta
T-00978,email,Business,Mobile,Media,0,2,640,2,2,0,1,11,Bug
T-00979,form,Business,Mobile,Bassa,0,0,101,1,0,3,1,15,Domanda
T-00980,email,Free,Account,Bassa,0,0,444,1,3,0,1,12,Richiesta
T-00981,email,Business,Backend,Urgente,1,0,705,1,1,0,1,13,Bug
T-00982,form,Free,Fatturazione,Bassa,0,0,190,0,3,2,1,19,Domanda
T-00983,form,Business,Mobile,Media,0,2,1406,1,0,0,1,15,Bug
T-00984,form,Free,Account,Bassa,0,0,191,0,0,5,1,14,Domanda
T-00985,form,Free,API,Media,1,0,493,1,1,0,1,14,Bug
T-00986,form,Free,Nessuno,Bassa,0,0,403,0,1,1,1,15,Domanda
T-00987,form,Business,API,Media,0,0,978,4,0,0,2,15,Bug
T-00988,telefono,Enterprise,Fatturazione,Media,0,0,541,0,1,0,2,16,Domanda
T-00989,chat,Free,Mobile,Media,0,0,1340,2,0,1,2,13,Bug
T-00990,email,Business,Frontend,Media,1,2,609,0,0,0,2,13,Bug
T-00991,form,Free,Fatturazione,Media,0,1,369,4,1,0,1,9,Bug
T-00992,form,Business,Backend,Media,0,1,937,3,1,0,1,15,Bug
T-00993,email,Free,API,Media,0,3,356,6,0,0,1,8,Bug
T-00994,email,Free,Backend,Media,1,0,276,2,0,0,2,15,Bug
T-00995,form,Business,Backend,Media,1,4,2214,2,0,1,2,16,Bug
T-00996,email,Business,Frontend,Alta,0,0,424,1,0,2,1,18,Bug
T-00997,chat,Free,Nessuno,Media,0,0,100,0,0,1,1,4,Domanda
T-00998,chat,Business,Frontend,Bassa,0,0,294,3,3,2,1,17,Richiesta
T-00999,email,Business,Backend,Bassa,1,0,1012,4,0,1,1,15,Bug
T-01000,form,Free,Frontend,Bassa,0,2,452,0,0,0,1,13,Bug
T-01001,form,Free,Nessuno,Media,0,1,106,1,1,4,1,13,Domanda
T-01002,form,Business,API,Media,0,0,142,0,0,2,1,11,Domanda
T-01003,email,Enterprise,Backend,Alta,0,2,931,5,0,0,1,8,Bug
T-01004,form,Business,Mobile,Alta,0,2,335,2,0,0,2,14,Bug
T-01005,chat,Free,Fatturazione,Bassa,0,0,391,0,1,5,1,9,Domanda
T-01006,email,Business,Backend,Bassa,0,1,1067,2,0,0,1,16,Bug
T-01007,email,Free,Frontend,Media,1,1,492,3,0,0,1,14,Bug
T-01008,form,Free,Frontend,Media,1,2,447,7,0,2,1,12,Bug
T-01009,email,Enterprise,API,Media,0,0,415,3,0,0,1,7,Bug
T-01010,chat,Enterprise,Account,Bassa,0,0,278,2,1,4,1,11,Domanda
T-01011,telefono,Business,API,Bassa,0,0,174,0,3,2,1,19,Domanda
T-01012,form,Business,Mobile,Alta,0,0,136,0,5,0,1,10,Richiesta
T-01013,form,Free,Fatturazione,Media,1,1,469,2,0,0,2,11,Bug
T-01014,email,Free,Account,Bassa,0,0,181,0,0,2,1,13,Domanda
T-01015,email,Business,Fatturazione,Bassa,1,1,656,5,0,1,1,11,Bug
T-01016,email,Enterprise,Backend,Urgente,0,0,171,4,0,1,8,11,Incidente
T-01017,email,Free,Account,Bassa,0,0,130,2,1,3,2,17,Domanda
T-01018,telefono,Free,Backend,Media,1,0,1662,7,1,0,2,14,Bug
T-01019,email,Free,Frontend,Bassa,0,0,119,1,1,2,2,15,Domanda
T-01020,form,Business,Mobile,Bassa,1,1,323,1,0,1,2,14,Bug
T-01021,form,Enterprise,Account,Media,0,0,756,1,0,0,1,13,Bug
T-01022,email,Enterprise,Mobile,Bassa,0,1,1047,0,1,2,1,17,Richiesta
T-01023,email,Free,Backend,Bassa,0,0,292,0,1,3,1,18,Domanda
T-01024,email,Enterprise,Mobile,Media,0,0,396,5,0,0,1,13,Bug
T-01025,email,Free,Frontend,Media,0,0,500,0,0,2,1,11,Domanda
T-01026,form,Free,Frontend,Alta,1,0,612,4,1,0,1,11,Bug
T-01027,form,Business,API,Alta,1,1,177,1,1,2,6,11,Incidente
T-01028,chat,Business,Backend,Media,0,3,1162,4,0,2,1,20,Bug
T-01029,form,Free,Mobile,Alta,0,2,1088,4,0,1,1,14,Bug
T-01030,form,Free,API,Media,0,0,773,1,0,0,1,11,Bug
T-01031,email,Free,Frontend,Bassa,0,0,103,1,1,3,1,13,Domanda
T-01032,telefono,Business,Backend,Alta,0,1,602,1,0,0,7,1,Incidente
T-01033,email,Free,API,Alta,0,1,911,0,2,2,1,14,Richiesta
T-01034,email,Business,Nessuno,Media,0,1,316,1,1,0,1,13,Domanda
T-01035,chat,Free,Account,Media,1,0,216,0,0,1,1,11,Domanda
T-01036,chat,Business,Backend,Urgente,0,0,340,3,0,0,5,0,Incidente
T-01037,chat,Enterprise,API,Media,1,1,474,4,1,1,1,13,Bug
T-01038,email,Business,API,Media,0,0,71,0,1,9,1,9,Domanda
T-01039,email,Free,Mobile,Alta,1,0,543,3,0,0,2,15,Bug
T-01040,form,Free,Nessuno,Bassa,0,0,383,0,4,3,1,9,Richiesta
T-01041,chat,Free,Account,Bassa,0,2,167,0,2,3,1,11,Domanda
T-01042,form,Free,Mobile,Alta,0,0,165,0,0,3,1,17,Domanda
T-01043,form,Business,Mobile,Media,1,3,855,4,0,1,1,14,Bug
T-01044,form,Business,Nessuno,Media,0,1,409,0,2,2,1,15,Richiesta
T-01045,form,Business,Frontend,Media,1,1,847,5,1,0,1,11,Bug
T-01046,form,Free,Backend,Bassa,0,2,1121,7,2,0,1,17,Bug
T-01047,email,Business,Mobile,Alta,0,1,403,4,0,1,1,14,Bug
T-01048,email,Enterprise,Mobile,Bassa,1,1,605,2,0,0,1,15,Bug
T-01049,telefono,Enterprise,API,Urgente,1,3,313,2,0,1,6,16,Incidente
T-01050,chat,Business,Fatturazione,Media,0,0,350,1,1,2,1,13,Domanda
T-01051,form,Enterprise,API,Alta,1,1,1185,3,1,0,1,12,Bug
T-01052,telefono,Enterprise,Frontend,Alta,0,0,856,2,0,0,6,7,Incidente
T-01053,email,Enterprise,Fatturazione,Media,0,0,498,1,3,1,1,16,Richiesta
T-01054,email,Business,Frontend,Alta,1,0,1069,3,0,1,1,12,Bug
T-01055,form,Free,API,Bassa,0,1,767,2,0,0,1,15,Bug
T-01056,form,Business,Frontend,Media,0,1,329,1,0,0,1,13,Bug
T-01057,email,Business,API,Bassa,0,0,120,0,2,6,1,17,Domanda
T-01058,chat,Free,Account,Media,0,0,333,0,0,3,1,16,Domanda
T-01059,form,Business,Nessuno,Bassa,0,1,687,1,1,0,1,15,Richiesta
T-01060,form,Enterprise,Fatturazione,Media,0,0,403,0,3,3,1,16,Richiesta
T-01061,form,Business,Frontend,Media,0,1,616,2,0,1,1,9,Bug
T-01062,chat,Business,Backend,Bassa,1,1,572,5,2,0,1,16,Bug
T-01063,form,Business,Backend,Bassa,1,0,187,3,0,1,1,5,Bug
T-01064,form,Enterprise,Backend,Media,1,2,609,0,1,1,1,13,Bug
T-01065,form,Business,API,Bassa,0,2,1121,4,0,1,1,11,Bug
T-01066,form,Enterprise,API,Bassa,1,0,335,5,0,0,2,10,Bug
T-01067,form,Business,Frontend,Bassa,0,0,639,0,2,0,1,12,Richiesta
T-01068,email,Business,Fatturazione,Media,0,1,708,1,2,0,1,11,Bug
T-01069,form,Free,Backend,Alta,1,0,510,3,0,0,1,9,Bug
T-01070,form,Enterprise,Mobile,Bassa,0,0,638,4,0,0,1,16,Bug
T-01071,email,Enterprise,Mobile,Media,1,3,1778,1,0,0,3,12,Bug
T-01072,email,Free,Account,Media,0,0,444,2,1,7,1,4,Domanda
T-01073,email,Business,Frontend,Bassa,0,1,783,1,0,0,1,14,Bug
T-01074,email,Free,Backend,Media,0,2,497,4,0,1,1,15,Bug
T-01075,email,Business,Frontend,Urgente,0,1,1782,4,0,1,3,6,Bug
T-01076,form,Free,Fatturazione,Alta,1,2,256,3,0,1,8,9,Incidente
T-01077,chat,Business,Frontend,Urgente,1,0,332,7,0,0,1,13,Bug
T-01078,email,Business,Frontend,Media,1,1,1455,1,0,0,1,12,Bug
T-01079,email,Business,Frontend,Media,1,1,783,1,1,0,1,10,Bug
T-01080,telefono,Free,Backend,Alta,1,0,1469,2,0,0,1,10,Bug
T-01081,email,Business,Frontend,Media,0,0,230,0,0,5,2,15,Domanda
T-01082,form,Business,Mobile,Alta,0,1,1065,3,0,0,1,11,Bug
T-01083,email,Free,Backend,Alta,0,1,388,5,0,0,1,9,Bug
T-01084,form,Business,API,Bassa,0,0,219,1,1,2,1,9,Domanda
T-01085,chat,Free,Nessuno,Bassa,0,0,394,1,0,0,1,6,Domanda
T-01086,email,Enterprise,API,Alta,0,1,652,4,1,2,2,13,Bug
T-01087,form,Free,Account,Media,0,0,101,1,0,3,1,11,Domanda
T-01088,form,Free,Nessuno,Urgente,1,2,289,0,0,1,5,23,Incidente
T-01089,form,Business,API,Alta,1,2,751,2,1,1,1,17,Bug
T-01090,form,Enterprise,Frontend,Media,0,2,287,1,1,1,1,10,Bug
T-01091,form,Free,Mobile,Media,0,1,202,1,0,2,1,12,Bug
T-01092,telefono,Enterprise,Frontend,Media,1,2,696,4,0,0,1,11,Bug
T-01093,chat,Business,Nessuno,Bassa,0,0,470,0,0,1,1,16,Domanda
T-01094,email,Free,Mobile,Bassa,0,0,886,0,2,0,1,19,Richiesta
T-01095,form,Free,Backend,Bassa,1,0,598,4,0,0,1,11,Bug
T-01096,form,Business,Frontend,Media,1,2,1265,5,0,1,1,14,Bug
T-01097,chat,Business,Fatturazione,Bassa,0,0,253,1,1,3,1,9,Domanda
T-01098,form,Enterprise,API,Urgente,0,1,387,4,0,2,7,10,Incidente
T-01099,chat,Free,Account,Media,0,0,452,0,1,1,2,13,Domanda
T-01100,chat,Enterprise,Mobile,Alta,0,1,293,2,0,1,1,9,Bug
T-01101,email,Free,Mobile,Bassa,0,1,293,1,0,2,1,16,Richiesta
T-01102,chat,Enterprise,API,Media,0,0,259,0,0,2,1,15,Domanda
T-01103,email,Free,Account,Media,1,0,204,1,0,4,1,10,Domanda
T-01104,email,Free,API,Bassa,0,0,205,0,1,4,1,13,Domanda
T-01105,form,Business,Mobile,Alta,0,1,869,0,1,0,1,11,Richiesta
T-01106,form,Business,Frontend,Media,0,0,556,5,0,1,1,13,Bug
T-01107,telefono,Enterprise,Account,Urgente,1,1,362,1,0,0,3,5,Incidente
T-01108,email,Enterprise,Backend,Alta,0,0,980,3,0,0,11,13,Incidente
T-01109,email,Business,Frontend,Media,0,1,355,0,6,1,2,16,Richiesta
T-01110,form,Business,Backend,Bassa,1,1,942,7,1,1,1,12,Bug
T-01111,form,Free,Frontend,Alta,1,3,998,4,1,0,1,20,Bug
T-01112,email,Business,Backend,Media,1,0,419,2,0,1,1,14,Bug
T-01113,telefono,Business,Nessuno,Media,0,2,393,0,1,7,1,12,Domanda
T-01114,email,Free,Mobile,Alta,0,2,526,5,0,0,1,10,Bug
T-01115,email,Business,Mobile,Alta,0,1,393,1,1,0,1,8,Bug
T-01116,form,Free,Frontend,Media,0,0,283,0,0,1,1,15,Bug
T-01117,form,Enterprise,Account,Bassa,0,1,518,0,6,2,1,15,Richiesta
T-01118,chat,Free,Frontend,Media,0,0,329,1,0,3,1,8,Domanda
T-01119,email,Free,Nessuno,Alta,0,0,375,1,4,2,1,12,Richiesta
T-01120,form,Free,Account,Media,0,0,285,0,3,2,1,16,Richiesta
T-01121,chat,Business,Frontend,Alta,0,0,760,0,4,1,1,10,Richiesta
T-01122,chat,Business,API,Bassa,0,3,422,8,0,0,1,13,Bug
T-01123,email,Enterprise,Backend,Bassa,0,0,428,1,3,2,1,11,Richiesta
T-01124,email,Business,Backend,Bassa,0,3,1394,3,0,1,1,17,Bug
T-01125,chat,Free,Nessuno,Media,0,1,200,0,0,4,1,12,Domanda
T-01126,chat,Enterprise,Nessuno,Media,0,0,367,0,0,3,1,18,Domanda
T-01127,email,Free,Frontend,Media,0,1,562,2,0,1,1,12,Bug
T-01128,chat,Business,API,Alta,0,0,216,4,0,1,8,7,Incidente
T-01129,telefono,Business,Backend,Alta,1,1,436,0,0,0,7,10,Incidente
T-01130,chat,Business,Frontend,Media,0,1,495,0,4,0,1,12,Richiesta
T-01131,form,Enterprise,Backend,Media,1,1,1396,2,0,0,1,9,Bug
T-01132,email,Business,Frontend,Media,0,0,499,1,2,0,1,14,Richiesta
T-01133,email,Enterprise,Fatturazione,Bassa,0,0,976,0,1,0,1,11,Richiesta
T-01134,email,Enterprise,API,Media,0,1,1142,0,2,2,1,13,Richiesta
T-01135,email,Business,Backend,Media,1,1,403,0,1,0,1,17,Bug
T-01136,email,Free,Fatturazione,Media,0,0,386,0,0,4,2,12,Domanda
T-01137,form,Business,Mobile,Media,0,0,897,1,1,0,1,16,Bug
T-01138,email,Business,Nessuno,Bassa,0,0,620,0,3,1,1,18,Richiesta
T-01139,chat,Business,Nessuno,Alta,0,0,206,1,0,3,1,11,Domanda
T-01140,form,Free,Backend,Urgente,1,1,616,6,0,0,1,12,Bug
T-01141,chat,Free,Frontend,Alta,0,0,531,2,0,0,1,13,Bug
T-01142,email,Free,Account,Bassa,0,0,125,0,0,4,1,10,Domanda
T-01143,form,Business,Account,Media,0,2,368,0,1,2,1,14,Richiesta
T-01144,form,Business,Nessuno,Media,0,0,522,0,1,2,1,13,Richiesta
T-01145,telefono,Business,Mobile,Bassa,0,3,377,2,0,0,2,17,Bug
T-01146,chat,Business,Backend,Urgente,0,3,262,3,1,0,9,9,Incidente
T-01147,chat,Enterprise,Frontend,Urgente,0,1,315,2,0,0,9,3,Incidente
T-01148,email,Free,Backend,Media,1,1,308,2,0,2,1,11,Bug
T-01149,email,Free,Fatturazione,Media,0,1,348,0,2,0,1,14,Richiesta
T-01150,chat,Free,Nessuno,Bassa,0,0,187,0,1,3,1,7,Domanda
T-01151,form,Free,Backend,Media,1,0,920,0,0,0,1,10,Bug
T-01152,form,Free,Frontend,Media,0,0,833,4,0,0,1,19,Bug
T-01153,telefono,Business,Backend,Alta,0,1,787,7,0,0,8,18,Incidente
T-01154,chat,Free,Frontend,Media,0,0,94,1,0,1,1,10,Domanda
T-01155,email,Business,Nessuno,Bassa,0,0,544,1,2,0,1,21,Richiesta
T-01156,chat,Free,Frontend,Media,0,0,231,2,0,2,1,10,Domanda
T-01157,form,Business,Mobile,Bassa,1,0,514,2,1,0,2,16,Bug
T-01158,chat,Free,Mobile,Bassa,0,0,193,0,0,3,1,10,Domanda
T-01159,chat,Business,Backend,Alta,0,0,665,3,0,1,1,15,Bug
T-01160,email,Enterprise,Fatturazione,Bassa,0,1,622,1,1,1,1,21,Richiesta
T-01161,chat,Enterprise,API,Urgente,0,1,394,2,0,1,4,23,Incidente
T-01162,form,Business,Mobile,Bassa,0,1,1152,5,0,0,1,19,Bug
T-01163,email,Free,Backend,Urgente,0,1,298,0,0,3,1,9,Domanda
T-01164,form,Business,Mobile,Alta,0,1,539,6,1,0,1,11,Bug
T-01165,chat,Free,Fatturazione,Bassa,0,0,162,1,2,2,1,17,Domanda
T-01166,email,Free,Mobile,Alta,0,1,646,0,1,1,1,17,Richiesta
T-01167,form,Business,Mobile,Alta,1,2,908,1,0,0,1,8,Bug
T-01168,email,Business,Mobile,Bassa,1,2,1195,6,0,0,2,9,Bug
T-01169,form,Free,Nessuno,Alta,0,0,432,1,3,2,1,16,Richiesta
T-01170,email,Free,Mobile,Alta,0,0,557,0,6,1,1,12,Richiesta
T-01171,form,Free,API,Media,1,1,504,5,0,0,1,12,Bug
T-01172,chat,Free,Mobile,Media,1,2,607,2,0,0,2,15,Bug
T-01173,email,Free,Mobile,Media,0,1,814,5,0,2,2,18,Bug
T-01174,form,Business,Mobile,Bassa,0,1,469,0,0,0,1,13,Richiesta
T-01175,form,Enterprise,API,Bassa,0,0,1172,4,0,0,2,11,Bug
T-01176,email,Business,Mobile,Bassa,0,1,262,1,2,0,1,10,Richiesta
T-01177,telefono,Free,API,Media,0,5,789,2,0,0,1,11,Bug
T-01178,form,Business,Fatturazione,Media,0,1,206,0,0,4,1,16,Domanda
T-01179,chat,Free,Fatturazione,Media,0,0,233,1,2,4,1,9,Domanda
T-01180,chat,Enterprise,Fatturazione,Bassa,0,0,550,1,2,0,1,11,Richiesta
T-01181,email,Enterprise,API,Media,0,0,676,0,1,1,1,15,Richiesta
T-01182,email,Free,API,Media,1,0,469,3,0,1,1,11,Bug
T-01183,chat,Business,Backend,Urgente,1,1,571,1,0,1,2,10,Bug
T-01184,email,Enterprise,Nessuno,Bassa,0,2,272,0,7,0,1,11,Richiesta
T-01185,chat,Free,Mobile,Alta,0,1,1383,0,3,1,1,17,Richiesta
T-01186,chat,Enterprise,API,Media,0,0,213,0,1,1,1,19,Richiesta
T-01187,form,Enterprise,Mobile,Bassa,0,1,645,3,0,1,2,18,Bug
T-01188,email,Business,Mobile,Media,0,0,480,2,5,0,1,15,Richiesta
T-01189,chat,Business,Account,Bassa,0,1,219,2,1,2,1,8,Domanda
T-01190,form,Free,Account,Bassa,0,1,303,1,2,4,1,14,Domanda
T-01191,email,Free,Backend,Media,1,0,762,6,0,1,1,13,Bug
T-01192,email,Business,Fatturazione,Media,0,0,236,0,2,0,1,10,Richiesta
T-01193,form,Business,Backend,Alta,1,1,699,1,1,2,2,8,Bug
T-01194,form,Business,Backend,Media,1,0,355,4,1,2,1,18,Bug
T-01195,form,Business,Frontend,Media,1,1,1078,4,0,0,1,11,Bug
T-01196,chat,Business,Account,Bassa,0,0,150,0,2,3,1,10,Domanda
T-01197,email,Business,Mobile,Media,0,0,327,0,1,0,1,9,Richiesta
T-01198,form,Business,Backend,Bassa,0,0,1059,6,0,0,2,14,Bug
T-01199,chat,Business,API,Media,0,0,199,0,0,2,1,19,Domanda
T-01200,email,Free,API,Alta,0,2,1032,5,1,0,4,19,Incidente
T-01201,form,Free,API,Media,0,0,337,1,1,2,1,12,Richiesta
T-01202,email,Business,Nessuno,Media,0,0,304,0,3,0,1,11,Richiesta
T-01203,email,Enterprise,Mobile,Media,0,1,316,0,6,0,1,8,Richiesta
T-01204,email,Business,Nessuno,Media,0,1,450,1,2,0,1,16,Richiesta
T-01205,form,Business,Frontend,Bassa,0,1,284,0,1,0,1,10,Richiesta
T-01206,form,Business,Backend,Alta,1,2,322,0,0,3,2,7,Bug
T-01207,chat,Free,Account,Alta,0,2,242,0,1,5,1,13,Domanda
T-01208,email,Free,Frontend,Media,0,1,302,0,3,1,1,14,Richiesta
T-01209,email,Enterprise,Backend,Urgente,0,3,686,3,0,1,7,14,Incidente
T-01210,form,Enterprise,Nessuno,Media,0,0,893,0,1,0,1,12,Richiesta
T-01211,email,Free,Mobile,Media,0,0,1489,3,0,0,1,15,Bug
T-01212,chat,Free,Mobile,Media,0,0,1125,0,3,1,1,15,Richiesta
T-01213,email,Free,Fatturazione,Bassa,0,0,431,1,0,5,1,16,Domanda
T-01214,telefono,Enterprise,Backend,Urgente,0,0,413,1,1,1,5,16,Incidente
T-01215,chat,Business,Backend,Alta,0,1,1208,2,0,1,2,16,Bug
T-01216,chat,Business,Fatturazione,Media,0,0,160,0,0,0,1,15,Domanda
T-01217,chat,Enterprise,Backend,Urgente,0,0,318,3,0,2,3,15,Incidente
T-01218,telefono,Business,Backend,Urgente,0,0,324,2,0,0,8,6,Incidente
T-01219,chat,Free,Account,Bassa,0,0,152,1,2,2,1,13,Domanda
T-01220,form,Free,Fatturazione,Media,0,0,375,1,1,4,1,13,Domanda
T-01221,chat,Business,Nessuno,Media,0,0,510,0,0,3,1,11,Domanda
T-01222,email,Business,Frontend,Media,0,0,413,0,2,4,2,12,Richiesta
T-01223,email,Business,Nessuno,Media,0,0,966,0,4,1,1,12,Richiesta
T-01224,chat,Enterprise,Frontend,Media,0,1,747,0,2,1,2,15,Richiesta
T-01225,chat,Free,Fatturazione,Media,0,0,370,0,1,6,1,10,Domanda
T-01226,chat,Enterprise,Backend,Alta,0,3,988,2,0,0,9,15,Incidente
T-01227,email,Enterprise,Backend,Bassa,1,1,537,4,0,0,1,14,Bug
T-01228,form,Business,Backend,Alta,0,0,664,7,0,0,6,1,Incidente
T-01229,telefono,Business,API,Alta,1,2,282,4,0,0,7,0,Incidente
T-01230,chat,Free,Backend,Media,1,2,2371,5,1,0,1,13,Bug
T-01231,email,Business,Nessuno,Bassa,0,1,383,0,1,0,1,10,Richiesta
T-01232,form,Free,Fatturazione,Media,0,0,554,4,1,0,1,13,Bug
T-01233,email,Enterprise,Backend,Bassa,1,1,1073,3,0,2,2,12,Bug
T-01234,chat,Free,Account,Bassa,0,0,335,0,1,2,1,12,Domanda
T-01235,chat,Free,Nessuno,Media,0,1,275,0,3,1,1,16,Richiesta
T-01236,chat,Business,API,Bassa,0,0,1664,0,1,1,1,16,Richiesta
T-01237,form,Business,Frontend,Bassa,0,1,1123,0,4,1,1,14,Richiesta
T-01238,email,Free,Mobile,Bassa,0,0,427,0,0,2,1,14,Domanda
T-01239,form,Free,Frontend,Alta,1,0,573,1,0,1,1,10,Bug
T-01240,form,Business,Frontend,Alta,0,1,344,6,0,1,2,11,Bug
T-01241,email,Business,Frontend,Media,0,3,536,1,1,1,1,7,Bug
T-01242,email,Enterprise,API,Bassa,0,0,659,1,3,1,1,15,Richiesta
T-01243,chat,Business,Frontend,Media,0,1,699,0,2,0,1,18,Richiesta
T-01244,form,Business,Account,Media,0,0,288,1,2,1,1,11,Richiesta
T-01245,form,Free,Nessuno,Alta,0,1,198,0,2,2,1,16,Domanda
T-01246,chat,Business,Account,Media,0,1,237,0,2,1,2,12,Domanda
T-01247,chat,Enterprise,Frontend,Alta,0,0,327,0,5,1,1,15,Richiesta
T-01248,email,Enterprise,API,Bassa,0,0,367,1,1,5,1,13,Domanda
T-01249,chat,Business,Fatturazione,Bassa,0,0,243,0,1,2,1,8,Domanda
T-01250,form,Free,API,Media,0,0,215,6,0,0,1,6,Bug
T-01251,chat,Business,Fatturazione,Bassa,0,0,252,0,0,3,1,15,Domanda
T-01252,chat,Free,Frontend,Bassa,0,0,124,0,1,2,1,16,Domanda
T-01253,email,Business,Frontend,Bassa,0,0,551,0,2,3,1,9,Domanda
T-01254,form,Free,Frontend,Alta,0,2,1008,5,0,1,1,12,Bug
T-01255,email,Free,Nessuno,Alta,0,2,1950,0,2,2,1,18,Richiesta
T-01256,email,Free,Nessuno,Media,0,0,214,0,2,1,2,12,Richiesta
T-01257,email,Business,Frontend,Media,0,1,426,0,3,0,1,8,Richiesta
T-01258,telefono,Business,Frontend,Alta,0,1,310,3,0,0,8,9,Incidente
T-01259,form,Business,Nessuno,Urgente,0,0,211,0,1,1,1,15,Domanda
T-01260,telefono,Business,Mobile,Urgente,0,0,449,5,0,0,7,4,Incidente
T-01261,form,Enterprise,API,Media,1,1,287,2,0,0,1,10,Bug
T-01262,form,Free,Backend,Alta,0,0,632,5,1,3,1,19,Bug
T-01263,email,Business,Mobile,Media,0,0,1188,4,0,0,1,10,Bug
T-01264,chat,Business,API,Alta,0,1,383,2,0,0,10,14,Incidente
T-01265,email,Free,Mobile,Bassa,0,1,100,1,0,1,1,13,Domanda
T-01266,chat,Free,Nessuno,Bassa,0,0,1216,0,0,4,1,15,Domanda
T-01267,email,Free,Backend,Media,0,0,612,3,0,1,2,9,Bug
T-01268,email,Business,Frontend,Media,0,1,570,0,2,0,1,13,Richiesta
T-01269,chat,Business,Fatturazione,Bassa,0,0,287,0,0,3,1,10,Domanda
T-01270,telefono,Business,Frontend,Urgente,0,0,574,1,1,2,9,0,Incidente
T-01271,email,Free,Frontend,Media,1,3,435,3,0,0,1,21,Bug
T-01272,email,Enterprise,Frontend,Bassa,0,1,1044,1,0,0,1,9,Bug
T-01273,form,Free,Nessuno,Bassa,0,0,1198,0,6,0,1,8,Richiesta
T-01274,email,Free,Fatturazione,Bassa,0,0,121,1,1,5,1,11,Domanda
T-01275,email,Business,Frontend,Media,0,0,642,2,0,0,1,15,Bug
T-01276,email,Business,API,Media,1,0,462,5,0,0,1,15,Bug
T-01277,form,Business,Frontend,Alta,1,1,1441,3,1,2,2,14,Bug
T-01278,chat,Free,Mobile,Bassa,0,1,342,3,0,2,1,8,Domanda
T-01279,form,Enterprise,Account,Media,0,1,878,1,2,0,1,12,Richiesta
T-01280,chat,Enterprise,Frontend,Alta,0,0,269,1,0,1,6,23,Incidente
T-01281,form,Business,Nessuno,Bassa,0,0,374,1,1,6,1,12,Domanda
T-01282,form,Enterprise,Frontend,Bassa,0,3,959,6,3,0,1,11,Bug
T-01283,email,Free,Backend,Bassa,1,1,653,0,0,0,1,18,Bug
T-01284,chat,Enterprise,Nessuno,Alta,0,0,619,0,1,0,2,17,Richiesta
T-01285,chat,Free,API,Bassa,0,1,394,0,4,2,1,15,Domanda
T-01286,email,Free,Mobile,Alta,1,0,400,7,1,0,1,18,Bug
T-01287,chat,Enterprise,Nessuno,Media,0,1,123,0,0,3,1,13,Domanda
T-01288,form,Enterprise,Nessuno,Media,0,0,274,0,3,0,1,15,Richiesta
T-01289,email,Free,Backend,Alta,0,1,549,4,0,0,1,14,Bug
T-01290,telefono,Business,Backend,Media,0,0,353,2,0,0,2,9,Incidente
T-01291,telefono,Free,API,Alta,1,1,671,4,0,0,5,20,Incidente
T-01292,email,Business,Mobile,Media,0,0,367,0,3,1,1,16,Richiesta
T-01293,form,Enterprise,Account,Bassa,1,1,1845,4,0,0,2,15,Bug
T-01294,email,Free,Frontend,Media,0,0,453,1,0,2,1,11,Richiesta
T-01295,form,Business,Frontend,Alta,1,0,431,4,1,0,2,10,Bug
T-01296,form,Free,Nessuno,Media,0,1,216,1,2,3,1,13,Richiesta
T-01297,chat,Business,API,Bassa,0,0,266,0,1,1,1,12,Richiesta
T-01298,chat,Free,Nessuno,Media,0,0,101,2,0,4,1,12,Domanda
T-01299,email,Free,API,Alta,0,0,230,0,3,4,1,12,Domanda
T-01300,form,Business,Mobile,Media,0,1,173,0,2,3,1,14,Richiesta
T-01301,chat,Business,Mobile,Bassa,1,3,1001,3,1,0,3,16,Bug
T-01302,form,Free,API,Media,1,0,932,0,1,1,2,14,Bug
T-01303,email,Business,Frontend,Media,0,1,775,3,0,2,1,15,Bug
T-01304,email,Business,Backend,Media,0,1,473,1,1,0,1,19,Bug
T-01305,form,Business,API,Media,1,0,1167,2,1,2,1,10,Bug
T-01306,chat,Free,Frontend,Media,1,0,798,5,0,0,1,15,Bug
T-01307,chat,Business,API,Bassa,1,0,555,6,2,0,2,8,Bug
T-01308,form,Business,Mobile,Alta,1,3,588,4,0,1,1,15,Bug
T-01309,form,Business,Nessuno,Bassa,0,3,370,0,1,2,1,20,Richiesta
T-01310,chat,Free,Account,Media,0,0,454,1,2,5,1,17,Domanda
T-01311,chat,Business,Nessuno,Bassa,0,0,359,0,0,5,1,16,Domanda
T-01312,telefono,Enterprise,Frontend,Alta,1,1,145,3,0,0,6,23,Incidente
T-01313,email,Free,Account,Bassa,0,1,194,1,0,0,1,7,Domanda
T-01314,chat,Free,Backend,Media,1,2,105,3,0,2,2,14,Bug
T-01315,email,Enterprise,Nessuno,Bassa,0,2,317,0,3,1,1,13,Richiesta
T-01316,email,Free,Account,Media,0,0,237,0,0,5,1,13,Domanda
T-01317,form,Business,Backend,Media,0,2,1162,1,0,0,1,12,Bug
T-01318,email,Free,Frontend,Media,0,0,232,0,2,1,1,16,Richiesta
T-01319,email,Free,API,Bassa,1,3,648,3,1,1,1,8,Bug
T-01320,form,Business,Account,Bassa,0,1,622,0,1,1,1,14,Richiesta
T-01321,email,Business,Frontend,Media,1,2,703,5,0,0,1,12,Bug
T-01322,form,Enterprise,Account,Bassa,1,0,315,1,1,0,1,14,Domanda
T-01323,email,Business,Nessuno,Bassa,0,1,657,0,5,0,2,11,Richiesta
T-01324,form,Free,Mobile,Alta,1,1,920,5,0,0,1,15,Bug
T-01325,email,Business,Backend,Alta,0,1,253,2,0,1,1,9,Bug
T-01326,chat,Enterprise,Mobile,Media,1,0,521,3,1,0,3,15,Bug
T-01327,email,Free,Mobile,Alta,1,3,1502,1,0,1,1,14,Bug
T-01328,telefono,Free,Backend,Bassa,1,2,1384,2,0,2,2,9,Bug
T-01329,form,Business,Backend,Alta,1,0,329,6,0,2,1,18,Bug
T-01330,chat,Business,Fatturazione,Bassa,0,0,266,0,3,1,1,12,Domanda
T-01331,email,Free,Nessuno,Bassa,0,0,544,0,3,0,1,11,Richiesta
T-01332,email,Business,Fatturazione,Alta,0,0,1263,0,0,0,1,9,Bug
T-01333,email,Free,Frontend,Media,1,2,336,4,0,0,2,11,Bug
T-01334,email,Business,Mobile,Media,0,1,728,4,1,2,1,17,Bug
T-01335,email,Business,Frontend,Bassa,0,0,603,0,0,0,1,10,Richiesta
T-01336,form,Free,Fatturazione,Media,0,0,341,0,0,4,1,9,Domanda
T-01337,telefono,Enterprise,API,Urgente,1,0,173,1,0,1,6,0,Incidente
T-01338,email,Business,Mobile,Media,0,0,828,0,2,1,1,20,Richiesta
T-01339,form,Business,Backend,Media,0,0,1203,2,1,0,1,12,Bug
T-01340,email,Business,Backend,Alta,0,1,1142,3,0,1,2,11,Bug
T-01341,telefono,Enterprise,API,Alta,1,1,671,3,0,0,11,5,Incidente
T-01342,form,Business,Frontend,Bassa,1,0,1386,1,1,2,2,12,Bug
T-01343,form,Business,Mobile,Alta,1,0,1353,4,2,0,1,15,Bug
T-01344,email,Free,Nessuno,Bassa,0,1,210,2,0,0,1,9,Domanda
T-01345,email,Free,Nessuno,Media,0,0,164,1,1,4,1,15,Domanda
T-01346,form,Business,API,Media,1,2,1797,4,0,2,1,13,Bug
T-01347,telefono,Enterprise,Frontend,Urgente,1,0,332,2,0,0,7,6,Incidente
T-01348,email,Free,Fatturazione,Bassa,0,0,233,0,1,2,1,11,Domanda
T-01349,email,Business,API,Bassa,0,2,467,0,4,0,1,12,Richiesta
T-01350,chat,Free,Frontend,Alta,0,0,80,1,2,5,1,12,Domanda
T-01351,form,Business,Backend,Bassa,0,1,380,6,0,0,1,13,Bug
T-01352,form,Free,Backend,Alta,0,0,225,4,0,0,6,1,Incidente
T-01353,form,Free,Frontend,Media,0,2,249,2,0,2,1,15,Bug
T-01354,form,Business,Frontend,Media,0,0,443,0,5,0,1,12,Richiesta
T-01355,email,Business,Nessuno,Bassa,0,0,489,0,3,1,1,15,Richiesta
T-01356,telefono,Business,Frontend,Media,1,0,452,3,0,0,1,14,Bug
T-01357,form,Business,Mobile,Media,0,2,1593,1,0,1,1,8,Bug
T-01358,form,Free,Backend,Media,0,0,198,0,1,0,1,12,Domanda
T-01359,chat,Free,Account,Bassa,0,1,159,0,1,1,1,13,Domanda
T-01360,telefono,Enterprise,Frontend,Urgente,1,0,271,1,1,0,6,9,Incidente
T-01361,telefono,Business,API,Media,0,0,551,3,0,0,1,9,Bug
T-01362,telefono,Enterprise,Fatturazione,Alta,0,1,681,5,0,0,9,19,Incidente
T-01363,chat,Free,Frontend,Bassa,0,1,461,1,1,0,1,14,Domanda
T-01364,chat,Business,Account,Media,1,1,354,0,0,0,1,12,Domanda
T-01365,form,Business,Account,Bassa,0,0,358,1,1,4,1,9,Domanda
T-01366,email,Free,Backend,Urgente,1,0,270,4,0,1,1,15,Bug
T-01367,chat,Free,Account,Media,0,0,195,0,0,5,1,8,Domanda
T-01368,email,Business,Mobile,Alta,0,0,821,3,0,0,1,13,Bug
T-01369,chat,Business,Frontend,Bassa,0,0,996,0,2,1,1,15,Richiesta
T-01370,email,Business,Mobile,Bassa,0,1,423,0,4,1,1,13,Richiesta
T-01371,telefono,Enterprise,Nessuno,Alta,1,1,285,4,0,1,6,9,Incidente
T-01372,form,Enterprise,Mobile,Bassa,1,0,1574,6,0,2,1,13,Bug
T-01373,telefono,Free,Mobile,Bassa,1,2,157,2,0,2,1,15,Bug
T-01374,email,Enterprise,Account,Bassa,0,2,272,1,1,2,1,14,Richiesta
T-01375,form,Free,Frontend,Bassa,0,2,870,4,0,1,1,11,Bug
T-01376,chat,Free,Nessuno,Media,0,1,376,1,2,5,1,14,Domanda
T-01377,telefono,Free,Mobile,Bassa,0,1,202,0,2,4,1,15,Domanda
T-01378,email,Free,Frontend,Media,0,0,185,2,0,2,1,13,Domanda
T-01379,telefono,Free,API,Alta,1,1,924,0,1,0,8,23,Incidente
T-01380,form,Free,Nessuno,Bassa,0,0,176,1,0,3,2,10,Domanda
T-01381,email,Business,Frontend,Bassa,0,0,588,1,7,4,1,15,Richiesta
T-01382,form,Free,Frontend,Bassa,1,1,3150,3,0,0,2,21,Bug
T-01383,email,Business,Frontend,Media,1,1,970,5,0,0,1,12,Bug
T-01384,form,Free,Mobile,Media,0,1,547,0,2,0,1,9,Richiesta
T-01385,form,Enterprise,Fatturazione,Media,1,3,833,2,1,0,3,13,Bug
T-01386,email,Enterprise,API,Alta,0,1,656,1,0,1,6,21,Incidente
T-01387,chat,Free,Fatturazione,Media,0,0,115,0,3,1,1,17,Domanda
T-01388,chat,Enterprise,Backend,Bassa,1,0,385,1,0,0,1,17,Bug
T-01389,chat,Free,Fatturazione,Bassa,0,1,130,1,1,2,1,10,Domanda
T-01390,email,Free,Account,Bassa,0,1,520,0,3,1,1,11,Richiesta
T-01391,email,Business,Account,Bassa,0,0,418,0,2,2,1,15,Richiesta
T-01392,form,Free,Nessuno,Bassa,0,2,325,1,4,0,1,15,Richiesta
T-01393,chat,Enterprise,API,Alta,1,2,740,3,0,1,5,14,Incidente
T-01394,email,Business,Frontend,Bassa,0,1,443,0,4,2,1,11,Richiesta
T-01395,form,Business,Frontend,Urgente,1,1,1598,5,1,1,2,12,Bug
T-01396,email,Enterprise,Nessuno,Alta,0,2,559,1,1,0,1,14,Richiesta
T-01397,chat,Business,Mobile,Bassa,0,2,1573,1,0,0,1,9,Bug
T-01398,chat,Free,API,Bassa,0,0,435,1,1,2,1,11,Domanda
T-01399,email,Free,Nessuno,Media,0,0,755,0,2,3,1,18,Domanda
T-01400,email,Business,Frontend,Alta,1,1,1314,5,1,0,1,15,Bug
T-01401,form,Business,Nessuno,Media,0,1,466,0,1,2,1,14,Domanda
T-01402,form,Free,Backend,Bassa,1,3,1102,5,1,0,1,16,Bug
T-01403,email,Free,Backend,Alta,1,1,471,4,0,0,7,7,Incidente
T-01404,chat,Business,Frontend,Alta,1,0,434,2,1,0,2,12,Bug
T-01405,email,Business,Backend,Bassa,1,0,793,3,1,1,2,15,Bug
T-01406,chat,Enterprise,Mobile,Bassa,0,0,183,0,0,3,2,12,Domanda
T-01407,telefono,Enterprise,Mobile,Urgente,0,0,235,1,0,0,10,1,Incidente
T-01408,form,Business,Mobile,Alta,1,2,623,2,1,1,1,13,Bug
T-01409,chat,Business,API,Media,0,0,379,1,1,0,1,16,Domanda
T-01410,form,Enterprise,Backend,Media,0,1,1123,3,1,1,1,19,Bug
T-01411,form,Enterprise,Nessuno,Bassa,0,0,467,1,2,1,1,12,Richiesta
T-01412,chat,Free,API,Media,0,1,129,0,0,3,1,14,Domanda
T-01413,email,Business,Account,Bassa,0,0,417,1,1,1,2,13,Richiesta
T-01414,email,Enterprise,Nessuno,Alta,0,0,935,1,0,1,1,14,Richiesta
T-01415,chat,Free,Fatturazione,Bassa,0,0,348,0,0,3,1,14,Domanda
T-01416,form,Free,API,Alta,1,0,1189,3,0,1,1,13,Bug
T-01417,email,Business,Mobile,Media,0,1,472,3,2,1,1,19,Bug
T-01418,chat,Business,Frontend,Bassa,0,0,256,0,1,3,2,10,Domanda
T-01419,form,Enterprise,Frontend,Media,1,2,1285,3,0,0,1,15,Bug
T-01420,form,Business,Backend,Bassa,0,0,1439,2,1,0,1,8,Bug
T-01421,form,Enterprise,API,Bassa,0,1,335,0,1,0,2,14,Bug
T-01422,email,Business,Backend,Bassa,0,0,336,1,1,0,2,16,Richiesta
T-01423,email,Business,Account,Media,0,0,376,1,2,2,1,14,Domanda
T-01424,email,Free,Frontend,Media,1,1,939,2,0,0,1,18,Bug
T-01425,form,Enterprise,Fatturazione,Media,0,1,496,5,0,1,1,14,Bug
T-01426,email,Business,API,Urgente,1,1,282,2,0,0,13,14,Incidente
T-01427,chat,Business,Frontend,Media,0,0,245,1,0,0,1,9,Bug
T-01428,chat,Business,Frontend,Bassa,0,0,178,0,0,1,1,9,Domanda
T-01429,email,Free,Frontend,Media,0,0,572,5,0,2,2,13,Bug
T-01430,email,Business,API,Alta,0,0,265,1,0,0,6,11,Incidente
T-01431,chat,Business,API,Alta,0,0,166,0,0,0,6,3,Incidente
T-01432,chat,Free,Nessuno,Bassa,0,1,246,0,0,3,1,16,Domanda
T-01433,email,Business,API,Urgente,0,0,2468,5,0,1,4,20,Incidente
T-01434,form,Enterprise,Frontend,Media,0,1,1678,3,0,2,1,10,Bug
T-01435,form,Enterprise,Nessuno,Media,0,2,525,0,4,2,1,16,Richiesta
T-01436,form,Business,Frontend,Media,0,0,288,0,1,0,2,9,Domanda
T-01437,chat,Business,Frontend,Alta,0,1,478,3,0,1,2,6,Incidente
T-01438,form,Free,Fatturazione,Alta,1,2,272,3,0,1,1,14,Bug
T-01439,telefono,Business,Nessuno,Alta,1,0,368,2,0,0,7,10,Incidente
T-01440,chat,Enterprise,Fatturazione,Bassa,0,0,235,2,2,2,1,14,Domanda
T-01441,form,Free,Fatturazione,Media,0,0,1053,2,6,0,1,11,Richiesta
T-01442,email,Free,Frontend,Media,1,0,1144,1,0,0,1,17,Bug
T-01443,chat,Enterprise,Account,Bassa,0,0,141,0,1,1,1,8,Domanda
T-01444,form,Free,Backend,Alta,1,1,600,1,0,0,1,13,Bug
T-01445,chat,Free,API,Media,0,2,214,0,0,3,1,16,Domanda
T-01446,email,Business,Account,Media,0,1,1085,4,0,0,2,13,Bug
T-01447,form,Free,Backend,Media,0,1,155,3,1,0,1,11,Bug
T-01448,chat,Free,Nessuno,Bassa,0,0,344,0,2,2,1,13,Domanda
T-01449,email,Business,Nessuno,Bassa,0,2,474,0,0,1,1,11,Domanda
T-01450,telefono,Enterprise,API,Urgente,0,0,186,2,0,0,8,1,Incidente
T-01451,form,Business,Frontend,Bassa,0,1,504,3,0,2,1,14,Bug
T-01452,chat,Free,Nessuno,Media,0,0,265,1,0,1,1,12,Domanda
T-01453,form,Enterprise,Mobile,Bassa,1,1,395,2,1,1,1,17,Bug
T-01454,email,Free,Fatturazione,Media,0,0,443,0,2,3,1,8,Domanda
T-01455,chat,Business,Fatturazione,Bassa,0,0,414,1,0,4,1,10,Domanda
T-01456,form,Business,Frontend,Media,1,2,609,0,0,0,1,15,Bug
T-01457,email,Free,Fatturazione,Bassa,0,1,690,0,4,2,1,17,Richiesta
T-01458,form,Business,Nessuno,Bassa,0,1,303,0,3,1,1,15,Richiesta
T-01459,chat,Enterprise,API,Alta,0,0,569,0,0,0,1,18,Bug
T-01460,email,Free,Frontend,Media,0,0,260,1,0,4,1,17,Domanda
T-01461,form,Business,Account,Alta,0,2,1098,6,1,0,1,15,Bug
T-01462,chat,Business,Account,Media,0,0,325,2,0,7,1,11,Domanda
T-01463,form,Business,Backend,Bassa,0,0,138,0,1,3,1,14,Domanda
T-01464,form,Business,Nessuno,Bassa,0,0,223,0,1,0,1,13,Richiesta
T-01465,email,Enterprise,Backend,Urgente,1,0,458,3,0,2,8,13,Incidente
T-01466,chat,Business,Nessuno,Bassa,0,0,222,0,0,2,1,13,Domanda
T-01467,telefono,Free,Backend,Urgente,0,1,547,3,0,0,10,16,Incidente
T-01468,form,Business,Frontend,Media,0,0,109,1,1,5,1,15,Domanda
T-01469,chat,Free,Frontend,Media,0,0,161,0,1,1,1,12,Domanda
T-01470,form,Business,Account,Media,0,1,436,0,1,0,1,17,Richiesta
T-01471,email,Business,Nessuno,Bassa,0,1,383,0,0,1,1,17,Richiesta
T-01472,form,Business,Frontend,Bassa,1,1,1165,4,0,0,1,15,Bug
T-01473,telefono,Enterprise,Account,Media,0,0,187,0,0,1,1,18,Domanda
T-01474,form,Business,Mobile,Media,0,2,589,2,1,1,2,19,Bug
T-01475,chat,Enterprise,API,Media,0,0,499,3,1,1,2,14,Bug
T-01476,telefono,Enterprise,Backend,Media,0,3,478,1,1,1,6,17,Incidente
T-01477,chat,Business,Nessuno,Bassa,0,0,290,0,1,2,1,18,Domanda
T-01478,email,Free,Nessuno,Media,0,4,1181,0,2,4,1,17,Richiesta
T-01479,form,Business,Backend,Alta,1,0,1796,1,0,1,1,12,Bug
T-01480,chat,Business,Nessuno,Bassa,0,1,747,1,3,0,1,16,Richiesta
T-01481,telefono,Business,API,Alta,0,0,272,5,0,0,3,13,Incidente
T-01482,email,Business,Backend,Bassa,0,1,422,1,5,0,1,15,Richiesta
T-01483,email,Business,Mobile,Media,1,0,660,4,0,0,1,15,Bug
T-01484,email,Business,Nessuno,Media,0,0,463,1,4,1,1,10,Richiesta
T-01485,form,Business,Frontend,Alta,0,1,1591,2,0,0,1,9,Bug
T-01486,form,Free,Backend,Media,1,0,415,3,0,0,2,10,Bug
T-01487,telefono,Enterprise,API,Alta,1,0,422,4,0,0,9,16,Incidente
T-01488,chat,Enterprise,Mobile,Bassa,1,2,180,1,0,3,1,11,Domanda
T-01489,chat,Enterprise,Fatturazione,Bassa,0,3,220,0,2,2,1,16,Domanda
T-01490,email,Free,Mobile,Bassa,0,0,771,1,0,0,2,9,Richiesta
T-01491,form,Business,Mobile,Media,0,1,823,2,1,0,1,12,Bug
T-01492,email,Free,Account,Media,0,0,783,0,0,2,1,9,Domanda
T-01493,email,Enterprise,API,Media,0,1,1428,3,0,0,7,13,Incidente
T-01494,chat,Enterprise,Fatturazione,Alta,0,0,170,2,1,3,1,14,Domanda
T-01495,form,Free,Account,Bassa,0,2,896,0,1,0,2,12,Bug
T-01496,telefono,Free,Mobile,Alta,1,2,1727,1,0,0,2,9,Bug
T-01497,chat,Enterprise,Nessuno,Alta,0,0,357,0,1,1,1,10,Domanda
T-01498,chat,Business,Account,Media,1,3,925,2,0,2,8,4,Incidente
T-01499,email,Business,Mobile,Alta,1,1,340,2,0,1,10,6,Incidente
T-01500,form,Business,API,Alta,1,2,552,3,0,1,1,15,Bug
T-01501,form,Business,Frontend,Alta,0,1,375,0,0,1,1,13,Richiesta
T-01502,chat,Business,Mobile,Media,0,2,629,0,0,0,1,8,Bug
T-01503,email,Business,Fatturazione,Media,0,0,375,3,0,0,1,11,Bug
T-01504,telefono,Business,Mobile,Urgente,0,0,534,5,0,1,6,9,Incidente
T-01505,email,Free,Backend,Bassa,1,1,434,3,0,2,2,13,Bug
T-01506,email,Business,Frontend,Alta,0,1,365,0,5,1,1,13,Richiesta
T-01507,form,Free,Mobile,Media,0,1,394,5,0,1,1,16,Bug
T-01508,form,Enterprise,Frontend,Bassa,0,1,440,0,0,0,1,17,Richiesta
T-01509,email,Enterprise,Nessuno,Urgente,0,0,194,0,1,2,1,15,Domanda
T-01510,form,Free,Frontend,Bassa,1,3,598,3,0,2,2,14,Bug
T-01511,form,Enterprise,Frontend,Bassa,1,0,1101,0,1,5,1,10,Domanda
T-01512,email,Enterprise,API,Bassa,0,3,506,0,3,2,1,14,Richiesta
T-01513,form,Business,Account,Media,0,0,116,0,3,2,1,15,Domanda
T-01514,form,Free,Backend,Media,0,0,251,1,0,0,1,15,Bug
T-01515,email,Free,Account,Media,0,1,631,0,1,4,1,11,Richiesta
T-01516,email,Business,Frontend,Alta,0,0,952,0,4,2,1,12,Richiesta
T-01517,email,Enterprise,Account,Media,0,1,750,0,1,0,1,18,Richiesta
T-01518,email,Free,API,Alta,1,2,448,2,0,0,1,13,Bug
T-01519,email,Business,Nessuno,Media,0,1,202,1,0,5,1,11,Domanda
T-01520,email,Business,Frontend,Bassa,0,0,769,1,2,1,1,15,Richiesta
T-01521,form,Free,Mobile,Urgente,1,3,648,4,1,2,1,12,Bug
T-01522,email,Enterprise,Mobile,Media,0,2,1571,5,0,0,1,10,Bug
T-01523,chat,Enterprise,Account,Alta,1,0,414,3,0,1,8,7,Incidente
T-01524,chat,Enterprise,Backend,Bassa,0,3,787,4,1,1,1,14,Bug
T-01525,chat,Business,Mobile,Media,1,0,280,0,0,2,1,17,Domanda
T-01526,form,Free,Backend,Alta,0,1,381,2,0,1,1,16,Bug
T-01527,chat,Free,Fatturazione,Bassa,0,0,574,0,2,2,1,7,Richiesta
T-01528,email,Business,Account,Alta,0,0,467,1,2,1,1,14,Richiesta
T-01529,form,Enterprise,API,Alta,1,1,926,4,0,0,2,15,Bug
T-01530,email,Free,API,Media,0,1,1782,7,1,0,1,11,Bug
T-01531,chat,Business,Account,Media,0,0,353,1,1,2,1,13,Domanda
T-01532,chat,Business,Frontend,Media,0,0,519,1,2,1,1,14,Richiesta
T-01533,email,Business,Backend,Media,0,0,400,5,1,0,1,16,Bug
T-01534,chat,Free,Nessuno,Media,0,0,298,0,0,3,1,13,Domanda
T-01535,chat,Free,Frontend,Media,0,1,310,0,2,4,1,19,Domanda
T-01536,chat,Business,Nessuno,Bassa,0,0,413,1,4,3,1,14,Domanda
T-01537,email,Enterprise,Fatturazione,Alta,0,0,779,1,5,0,1,14,Richiesta
T-01538,email,Free,Account,Bassa,0,0,594,0,3,0,1,7,Richiesta
T-01539,chat,Business,API,Bassa,0,1,154,0,0,3,1,18,Domanda
T-01540,chat,Enterprise,Frontend,Alta,0,0,424,1,0,0,6,13,Incidente
T-01541,email,Free,Backend,Media,0,1,390,0,1,1,1,8,Richiesta
T-01542,chat,Free,Backend,Alta,1,1,111,3,0,2,5,19,Incidente
T-01543,telefono,Enterprise,Frontend,Media,0,1,1455,6,2,0,1,18,Bug
T-01544,email,Business,Nessuno,Bassa,0,0,420,1,2,0,2,10,Richiesta
T-01545,chat,Free,Mobile,Bassa,0,3,820,4,0,1,1,9,Bug
T-01546,chat,Business,Frontend,Bassa,0,0,442,0,1,2,1,13,Richiesta
T-01547,form,Free,Frontend,Media,1,2,1946,2,0,0,1,13,Bug
T-01548,email,Business,API,Media,1,1,1881,2,0,1,1,11,Bug
T-01549,chat,Enterprise,Backend,Bassa,0,0,132,1,1,1,1,11,Domanda
T-01550,email,Business,Fatturazione,Media,0,0,192,0,0,1,1,18,Domanda
T-01551,form,Business,API,Alta,0,1,1128,0,0,0,1,13,Bug
T-01552,form,Enterprise,Account,Media,1,1,486,1,1,0,1,17,Bug
T-01553,telefono,Business,Frontend,Alta,0,0,337,1,0,1,6,7,Incidente
T-01554,chat,Business,API,Urgente,0,1,246,2,0,1,6,10,Incidente
T-01555,telefono,Business,API,Urgente,1,2,225,1,0,1,9,13,Incidente
T-01556,chat,Business,Mobile,Media,0,0,1338,0,3,0,1,17,Richiesta
T-01557,email,Enterprise,Account,Bassa,0,1,798,0,2,1,1,17,Richiesta
T-01558,chat,Free,Account,Bassa,0,1,433,0,2,3,1,9,Domanda
T-01559,email,Free,Account,Bassa,1,0,164,1,0,0,1,12,Domanda
T-01560,form,Business,Mobile,Media,0,0,486,0,0,1,1,13,Richiesta
T-01561,form,Business,Mobile,Media,0,2,674,3,0,0,1,15,Bug
T-01562,chat,Free,Frontend,Bassa,0,0,114,1,1,2,1,11,Domanda
T-01563,form,Enterprise,Mobile,Media,0,2,677,3,0,0,1,11,Bug
T-01564,chat,Free,Fatturazione,Bassa,0,0,376,1,0,3,1,8,Domanda
T-01565,email,Business,Fatturazione,Urgente,1,1,538,3,0,0,8,5,Incidente
T-01566,chat,Free,Backend,Bassa,1,1,400,3,0,1,1,11,Bug
T-01567,chat,Business,Mobile,Alta,0,1,926,4,1,1,1,13,Bug
T-01568,chat,Enterprise,Nessuno,Urgente,1,0,151,2,0,2,6,7,Incidente
T-01569,email,Business,Fatturazione,Bassa,0,0,772,0,1,1,1,9,Domanda
T-01570,form,Enterprise,Backend,Urgente,1,2,656,3,0,0,13,4,Incidente
T-01571,email,Business,Fatturazione,Bassa,0,0,171,0,0,2,1,6,Domanda
T-01572,form,Enterprise,Backend,Bassa,1,1,532,3,1,0,1,13,Bug
T-01573,form,Business,Frontend,Media,0,1,531,0,0,1,1,16,Bug
T-01574,chat,Business,Frontend,Bassa,0,0,303,0,1,3,1,15,Domanda
T-01575,email,Business,API,Urgente,1,0,899,1,0,0,3,16,Incidente
T-01576,form,Free,Mobile,Alta,0,4,509,2,0,0,1,11,Bug
T-01577,form,Enterprise,Frontend,Media,1,2,1076,0,0,0,1,12,Bug
T-01578,chat,Business,API,Bassa,0,1,1965,1,0,1,1,18,Bug
T-01579,email,Free,Frontend,Bassa,0,0,816,2,0,1,1,9,Bug
T-01580,email,Business,API,Alta,1,0,949,4,0,0,5,15,Incidente
T-01581,email,Enterprise,Backend,Alta,1,3,496,3,0,0,1,11,Bug
T-01582,form,Free,API,Media,0,0,1446,1,1,0,1,11,Bug
T-01583,form,Business,Mobile,Media,1,2,778,4,1,0,1,8,Bug
T-01584,form,Free,Mobile,Alta,1,0,923,2,0,0,1,17,Bug
T-01585,chat,Free,Nessuno,Media,0,0,239,1,1,3,1,15,Domanda
T-01586,chat,Business,API,Bassa,1,0,885,2,0,1,1,8,Bug
T-01587,email,Free,Backend,Media,0,1,905,5,1,1,2,11,Bug
T-01588,form,Free,Mobile,Alta,1,0,510,0,0,1,1,16,Bug
T-01589,email,Business,Fatturazione,Bassa,0,1,133,0,0,4,1,13,Domanda
T-01590,form,Enterprise,Mobile,Urgente,1,0,307,5,0,1,1,11,Bug
T-01591,email,Enterprise,Frontend,Bassa,0,0,235,0,3,1,1,15,Richiesta
T-01592,chat,Free,Account,Bassa,0,0,381,0,0,3,1,9,Domanda
T-01593,chat,Enterprise,Backend,Media,1,3,1260,2,1,0,1,13,Bug
T-01594,email,Business,Frontend,Bassa,0,0,300,0,1,1,1,15,Richiesta
T-01595,email,Enterprise,Frontend,Bassa,0,1,394,2,1,3,1,12,Richiesta
T-01596,telefono,Business,Backend,Alta,0,0,279,3,1,0,4,11,Incidente
T-01597,form,Free,Fatturazione,Bassa,0,0,120,1,0,1,1,17,Domanda
T-01598,email,Business,Frontend,Bassa,0,0,376,0,2,2,1,17,Richiesta
T-01599,chat,Free,Nessuno,Bassa,0,0,560,0,1,5,1,14,Domanda
T-01600,email,Business,Frontend,Media,0,0,494,2,1,1,1,14,Richiesta
T-01601,email,Business,API,Alta,1,2,785,1,0,0,3,6,Bug
T-01602,chat,Free,Frontend,Bassa,0,1,244,1,0,4,1,17,Domanda
T-01603,form,Free,Frontend,Bassa,1,2,901,5,0,1,1,15,Bug
T-01604,chat,Enterprise,Backend,Media,0,0,281,3,0,0,1,19,Bug
T-01605,email,Enterprise,Frontend,Bassa,0,1,830,0,2,2,1,16,Richiesta
T-01606,email,Enterprise,Backend,Alta,0,1,429,6,0,1,5,8,Incidente
T-01607,telefono,Business,API,Urgente,1,3,499,5,0,1,6,2,Incidente
T-01608,email,Free,Fatturazione,Bassa,0,1,267,1,0,1,1,14,Domanda
T-01609,email,Free,Backend,Bassa,1,1,993,4,0,0,1,12,Bug
T-01610,email,Enterprise,Backend,Media,0,0,585,4,1,1,8,8,Incidente
T-01611,chat,Business,Account,Bassa,0,2,211,0,0,1,1,13,Domanda
T-01612,email,Free,Nessuno,Bassa,0,1,429,0,2,4,1,12,Domanda
T-01613,chat,Free,Fatturazione,Media,1,0,591,0,0,3,1,16,Domanda
T-01614,email,Free,Nessuno,Bassa,0,0,240,0,4,1,1,16,Richiesta
T-01615,email,Free,Frontend,Alta,0,2,272,1,1,2,1,17,Domanda
T-01616,email,Business,Nessuno,Bassa,0,0,682,0,2,0,1,14,Richiesta
T-01617,form,Free,Backend,Media,0,1,788,2,0,2,1,17,Bug
T-01618,email,Business,Frontend,Media,0,2,1932,2,0,1,1,11,Bug
T-01619,form,Business,Backend,Bassa,0,1,874,0,1,0,1,15,Richiesta
T-01620,email,Enterprise,Mobile,Bassa,0,0,367,0,4,2,1,8,Richiesta
T-01621,email,Business,API,Bassa,1,1,925,2,0,2,1,15,Bug
T-01622,form,Enterprise,Backend,Media,0,1,868,4,1,1,1,17,Bug
T-01623,email,Business,Account,Media,0,0,125,1,2,6,1,13,Domanda
T-01624,form,Enterprise,Nessuno,Alta,0,1,302,0,0,1,1,9,Domanda
T-01625,email,Business,Nessuno,Media,0,2,325,4,2,1,1,13,Richiesta
T-01626,email,Business,Frontend,Alta,1,1,1005,4,1,1,1,10,Bug
T-01627,email,Free,Mobile,Bassa,0,0,166,1,2,0,1,17,Richiesta
T-01628,form,Business,Fatturazione,Bassa,0,0,244,0,2,1,1,18,Domanda
T-01629,form,Free,API,Bassa,0,0,252,0,0,4,1,14,Domanda
T-01630,email,Business,Frontend,Bassa,0,0,998,0,1,0,1,16,Richiesta
T-01631,chat,Free,Fatturazione,Media,0,1,237,0,2,1,1,13,Domanda
T-01632,form,Business,Backend,Media,1,6,489,1,1,1,2,12,Bug
T-01633,telefono,Free,Fatturazione,Alta,0,1,182,0,0,4,1,12,Domanda
T-01634,form,Business,Backend,Media,0,1,405,4,0,0,1,10,Bug
T-01635,email,Free,Frontend,Bassa,0,1,474,1,3,2,1,14,Domanda
T-01636,form,Business,API,Media,1,1,642,3,1,2,1,14,Bug
T-01637,chat,Enterprise,Mobile,Media,1,0,571,3,0,0,1,18,Bug
T-01638,chat,Free,Account,Bassa,0,0,154,1,1,2,1,13,Domanda
T-01639,chat,Free,API,Alta,0,1,625,0,0,0,1,16,Richiesta
T-01640,email,Business,Frontend,Bassa,1,4,289,3,0,1,1,13,Bug
T-01641,email,Enterprise,Backend,Alta,0,1,523,2,0,0,6,20,Incidente
T-01642,chat,Free,Fatturazione,Media,0,1,190,0,0,2,1,15,Domanda
T-01643,email,Business,Nessuno,Media,0,0,267,0,2,0,1,15,Richiesta
T-01644,chat,Enterprise,Frontend,Media,0,0,450,1,2,1,1,10,Richiesta
T-01645,email,Business,Frontend,Alta,0,0,991,2,0,0,2,11,Bug
T-01646,chat,Business,API,Media,0,3,595,4,0,0,1,12,Bug
T-01647,email,Business,Mobile,Bassa,0,1,318,1,1,2,1,14,Richiesta
T-01648,telefono,Business,API,Alta,1,0,472,2,0,2,1,13,Bug
T-01649,chat,Business,Backend,Media,0,1,1592,3,0,0,1,15,Bug
T-01650,email,Enterprise,Fatturazione,Bassa,0,0,140,0,3,3,1,15,Domanda
T-01651,form,Enterprise,Backend,Bassa,1,1,289,3,1,0,1,14,Bug
T-01652,form,Enterprise,Frontend,Bassa,1,0,1572,7,0,0,2,15,Bug
T-01653,form,Free,Backend,Media,0,3,559,4,0,0,1,11,Bug
T-01654,form,Business,API,Media,0,2,633,2,2,0,1,17,Bug
T-01655,email,Free,Fatturazione,Bassa,0,0,195,1,1,4,1,15,Domanda
T-01656,email,Business,Frontend,Bassa,0,0,971,2,2,1,1,11,Richiesta
T-01657,chat,Free,Account,Bassa,0,0,124,0,1,3,1,11,Domanda
T-01658,email,Enterprise,Account,Bassa,0,1,971,1,4,0,1,13,Richiesta
T-01659,email,Enterprise,API,Media,0,0,522,0,2,4,1,17,Domanda
T-01660,email,Free,Mobile,Bassa,0,0,255,0,2,0,1,8,Richiesta
T-01661,chat,Free,Account,Media,0,0,297,2,0,1,1,12,Domanda
T-01662,email,Business,Backend,Media,1,1,740,1,1,0,1,15,Bug
T-01663,form,Free,Backend,Alta,0,4,408,1,0,0,2,17,Bug
T-01664,form,Business,Account,Media,1,1,845,2,0,0,1,11,Bug
T-01665,chat,Free,Mobile,Bassa,0,1,667,0,0,5,1,12,Domanda
T-01666,email,Business,Backend,Bassa,1,1,1312,3,0,0,1,15,Bug
T-01667,chat,Enterprise,Mobile,Bassa,0,1,629,0,4,3,1,13,Richiesta
T-01668,form,Free,Backend,Bassa,1,1,490,9,3,2,1,18,Bug
T-01669,email,Enterprise,Nessuno,Bassa,0,0,207,0,1,0,1,15,Richiesta
T-01670,chat,Business,Account,Bassa,0,0,400,2,0,2,1,14,Domanda
T-01671,email,Business,Backend,Urgente,0,2,631,3,0,0,5,2,Incidente
T-01672,form,Enterprise,Frontend,Alta,0,1,1159,3,0,0,2,16,Bug
T-01673,telefono,Business,API,Alta,0,1,833,2,0,0,5,9,Incidente
T-01674,form,Business,Account,Bassa,0,0,351,0,2,1,1,13,Richiesta
T-01675,email,Enterprise,Nessuno,Bassa,0,0,440,0,3,1,1,10,Richiesta
T-01676,chat,Free,Fatturazione,Bassa,0,0,376,1,2,3,1,15,Domanda
T-01677,chat,Free,API,Bassa,0,1,182,0,0,1,1,10,Domanda
T-01678,chat,Business,Fatturazione,Bassa,0,0,2072,0,2,1,1,11,Richiesta
T-01679,email,Business,Nessuno,Media,0,0,1339,0,4,0,1,12,Richiesta
T-01680,email,Business,Nessuno,Media,0,0,1079,1,2,1,1,14,Richiesta
T-01681,chat,Enterprise,Nessuno,Media,0,1,600,1,0,3,1,14,Domanda
T-01682,email,Enterprise,Backend,Alta,0,1,687,5,0,0,8,6,Incidente
T-01683,telefono,Free,API,Media,0,0,294,0,2,1,2,8,Domanda
T-01684,email,Free,API,Media,1,0,750,3,0,0,1,19,Bug
T-01685,form,Enterprise,Backend,Bassa,1,0,639,6,1,0,3,12,Bug
T-01686,chat,Free,Account,Bassa,0,1,222,1,0,6,1,15,Domanda
T-01687,email,Free,Nessuno,Media,0,1,161,0,4,2,1,14,Richiesta
T-01688,form,Enterprise,Account,Media,0,2,789,0,1,1,1,10,Richiesta
T-01689,chat,Free,Frontend,Bassa,0,1,308,1,2,2,1,14,Domanda
T-01690,email,Enterprise,Frontend,Urgente,0,2,193,4,0,1,4,16,Incidente
T-01691,email,Business,Mobile,Media,1,0,962,0,0,0,1,9,Bug
T-01692,chat,Business,API,Alta,0,1,146,2,0,2,1,11,Domanda
T-01693,email,Enterprise,Nessuno,Bassa,0,0,236,0,4,1,1,13,Richiesta
T-01694,email,Enterprise,API,Media,1,2,732,5,0,1,4,0,Incidente
T-01695,email,Business,Account,Bassa,0,0,446,0,1,1,1,16,Richiesta
T-01696,telefono,Enterprise,API,Urgente,0,0,252,1,0,0,6,21,Incidente
T-01697,email,Business,Frontend,Bassa,0,1,132,0,3,0,1,15,Richiesta
T-01698,form,Business,Frontend,Bassa,0,0,916,1,3,0,2,15,Richiesta
T-01699,chat,Business,Account,Media,0,1,141,0,0,2,1,16,Domanda
T-01700,chat,Free,Nessuno,Bassa,0,0,274,0,0,3,2,12,Domanda
T-01701,chat,Free,API,Bassa,1,0,536,1,0,3,1,11,Domanda
T-01702,chat,Enterprise,API,Media,0,0,176,2,0,5,1,8,Domanda
T-01703,email,Free,Nessuno,Bassa,0,0,801,0,4,1,1,14,Richiesta
T-01704,chat,Business,Mobile,Alta,1,1,1469,0,1,0,1,15,Bug
T-01705,email,Free,Frontend,Media,1,1,737,3,1,1,1,16,Bug
T-01706,chat,Free,Nessuno,Bassa,0,0,143,0,1,5,1,17,Domanda
T-01707,email,Business,Fatturazione,Bassa,0,0,326,0,0,2,1,11,Domanda
T-01708,chat,Enterprise,Nessuno,Media,0,1,194,0,3,0,1,13,Richiesta
T-01709,form,Business,Backend,Alta,0,1,870,5,2,1,7,22,Incidente
T-01710,email,Business,Frontend,Bassa,1,1,2682,4,1,0,1,20,Bug
T-01711,email,Business,Fatturazione,Media,0,0,826,0,1,0,2,9,Richiesta
T-01712,email,Business,Backend,Alta,0,0,1397,4,1,0,1,13,Bug
T-01713,email,Free,Account,Bassa,1,0,223,1,0,0,1,17,Domanda
T-01714,form,Enterprise,API,Alta,0,0,306,2,0,0,1,13,Domanda
T-01715,telefono,Enterprise,API,Urgente,0,5,571,1,0,1,5,6,Incidente
T-01716,email,Business,Account,Media,0,0,198,1,7,0,1,13,Richiesta
T-01717,form,Business,Nessuno,Media,0,1,597,1,2,1,1,9,Richiesta
T-01718,email,Business,Backend,Media,0,0,1100,1,0,0,1,17,Bug
T-01719,form,Free,Backend,Media,0,3,601,4,0,1,2,12,Bug
T-01720,chat,Free,Nessuno,Alta,0,0,198,1,1,3,1,15,Domanda
T-01721,email,Free,Nessuno,Media,0,0,207,0,2,1,1,10,Domanda
T-01722,email,Business,Account,Media,0,1,562,0,5,0,1,15,Richiesta
T-01723,chat,Free,Mobile,Alta,0,1,194,3,0,0,2,12,Bug
T-01724,form,Free,Mobile,Urgente,1,1,680,5,0,0,1,8,Bug
T-01725,form,Enterprise,Backend,Bassa,0,1,673,0,2,0,2,11,Richiesta
T-01726,email,Free,Frontend,Bassa,0,1,867,4,2,1,1,11,Bug
T-01727,telefono,Free,Frontend,Media,1,1,756,2,0,0,1,12,Bug
T-01728,telefono,Business,Frontend,Media,1,2,389,4,0,1,4,8,Incidente
T-01729,form,Enterprise,Frontend,Media,0,0,2049,2,0,1,3,16,Bug
T-01730,form,Free,Fatturazione,Bassa,1,0,414,1,1,2,1,10,Domanda
T-01731,form,Business,Fatturazione,Alta,1,1,550,3,2,0,1,11,Bug
T-01732,email,Enterprise,Nessuno,Bassa,0,1,303,0,3,1,1,14,Richiesta
T-01733,telefono,Enterprise,Backend,Alta,0,2,239,1,0,3,9,8,Incidente
T-01734,email,Business,Frontend,Media,0,1,148,1,1,2,1,17,Domanda
T-01735,telefono,Free,API,Bassa,1,1,831,5,0,1,1,10,Bug
T-01736,chat,Free,Mobile,Media,1,2,1527,2,1,0,1,11,Bug
T-01737,form,Enterprise,Mobile,Media,1,0,964,4,1,0,1,9,Bug
T-01738,form,Free,Nessuno,Alta,0,1,360,1,2,1,1,14,Richiesta
T-01739,form,Enterprise,Mobile,Media,1,2,2283,3,0,0,2,10,Bug
T-01740,form,Free,Frontend,Alta,1,1,854,0,0,0,1,14,Bug
T-01741,chat,Business,API,Alta,1,2,157,1,0,2,7,10,Incidente
T-01742,chat,Business,Account,Media,0,0,387,1,2,1,1,14,Richiesta
T-01743,telefono,Business,Frontend,Alta,0,1,384,4,0,1,1,11,Bug
T-01744,email,Business,Frontend,Bassa,0,0,411,0,3,1,1,12,Richiesta
T-01745,form,Free,Backend,Bassa,1,0,763,0,0,2,1,16,Bug
T-01746,form,Business,Mobile,Media,0,1,549,0,4,3,1,13,Richiesta
T-01747,email,Business,Frontend,Media,0,1,1658,2,0,1,2,15,Bug
T-01748,email,Business,Nessuno,Media,0,0,374,1,0,4,1,15,Domanda
T-01749,form,Enterprise,API,Media,0,0,306,5,0,0,1,15,Bug
T-01750,email,Business,Nessuno,Bassa,0,0,680,0,1,0,1,16,Richiesta
T-01751,chat,Free,Nessuno,Bassa,0,0,597,0,3,1,1,12,Domanda
T-01752,email,Business,Nessuno,Media,0,0,687,1,1,1,1,16,Richiesta
T-01753,email,Free,Account,Bassa,0,2,316,1,0,1,1,15,Domanda
T-01754,telefono,Business,Mobile,Alta,0,0,371,3,0,0,1,19,Bug
T-01755,chat,Business,Nessuno,Media,0,0,410,0,1,1,1,14,Domanda
T-01756,chat,Free,API,Bassa,0,1,538,1,3,1,1,8,Richiesta
T-01757,chat,Business,Backend,Urgente,0,0,509,0,1,1,9,19,Incidente
T-01758,email,Free,Fatturazione,Media,0,1,588,0,1,1,1,14,Richiesta
T-01759,email,Free,Account,Bassa,0,0,676,0,2,0,1,9,Richiesta
T-01760,email,Enterprise,Fatturazione,Bassa,0,0,330,0,1,2,1,9,Domanda
T-01761,form,Business,Account,Bassa,0,0,412,0,1,2,1,11,Richiesta
T-01762,chat,Free,Nessuno,Bassa,0,0,165,0,0,2,1,14,Domanda
T-01763,email,Business,Frontend,Alta,0,0,561,0,3,2,1,18,Richiesta
T-01764,form,Business,Mobile,Alta,0,0,232,0,6,0,1,16,Richiesta
T-01765,email,Business,Frontend,Bassa,0,0,280,1,2,0,1,12,Richiesta
T-01766,form,Free,Account,Bassa,0,0,921,1,4,2,1,15,Richiesta
T-01767,email,Business,Mobile,Media,0,0,435,1,2,0,1,10,Richiesta
T-01768,form,Enterprise,Frontend,Media,0,1,582,0,3,0,1,15,Richiesta
T-01769,form,Business,Frontend,Media,1,1,606,3,0,1,1,13,Bug
T-01770,form,Free,Backend,Media,1,0,1177,3,0,1,2,12,Bug
T-01771,email,Enterprise,API,Media,1,1,1876,4,2,1,1,14,Bug
T-01772,chat,Business,Backend,Urgente,1,1,969,3,1,0,3,13,Bug
T-01773,chat,Free,API,Media,0,1,1363,3,1,0,2,18,Bug
T-01774,chat,Enterprise,Nessuno,Bassa,0,1,849,0,5,0,1,15,Richiesta
T-01775,form,Enterprise,Mobile,Media,1,1,672,5,0,0,1,13,Bug
T-01776,email,Enterprise,Nessuno,Bassa,0,0,977,1,3,0,1,18,Richiesta
T-01777,chat,Free,Fatturazione,Bassa,0,0,232,0,0,5,1,13,Domanda
T-01778,form,Free,Nessuno,Media,0,0,469,0,1,2,1,12,Richiesta
T-01779,form,Business,Frontend,Bassa,1,1,990,5,0,0,1,15,Bug
T-01780,email,Business,Frontend,Media,0,1,418,1,0,0,2,8,Bug
T-01781,email,Enterprise,Fatturazione,Bassa,0,1,342,6,1,0,1,10,Bug
T-01782,email,Business,Nessuno,Bassa,0,0,680,0,2,0,1,15,Richiesta
T-01783,email,Free,Frontend,Alta,1,0,608,2,1,0,1,11,Bug
T-01784,form,Free,Frontend,Alta,1,1,631,4,0,0,1,9,Bug
T-01785,chat,Free,Account,Bassa,0,1,94,0,1,3,1,12,Domanda
T-01786,email,Business,Fatturazione,Bassa,0,1,416,2,2,0,1,10,Richiesta
T-01787,form,Free,Backend,Alta,0,2,464,1,0,0,1,13,Bug
T-01788,email,Business,Nessuno,Bassa,0,0,510,0,3,1,1,14,Richiesta
T-01789,email,Business,Fatturazione,Urgente,0,0,425,2,0,1,9,11,Incidente
T-01790,chat,Business,Mobile,Alta,0,0,1472,3,1,0,1,12,Bug
T-01791,telefono,Free,API,Urgente,0,0,526,2,0,0,1,12,Bug
T-01792,chat,Free,Fatturazione,Bassa,0,0,265,1,0,2,1,16,Domanda
T-01793,chat,Enterprise,Frontend,Bassa,1,1,1128,4,1,1,1,7,Bug
T-01794,email,Enterprise,API,Media,0,0,505,4,0,0,1,11,Bug
T-01795,form,Enterprise,Frontend,Media,0,2,406,1,0,0,2,14,Bug
T-01796,email,Free,Frontend,Media,0,0,290,0,3,0,1,17,Richiesta
T-01797,form,Business,Backend,Alta,0,1,1709,2,0,0,1,13,Bug
T-01798,email,Business,Mobile,Bassa,0,0,109,0,1,5,1,10,Domanda
T-01799,form,Business,API,Alta,0,0,1325,0,0,0,6,20,Incidente
T-01800,form,Free,API,Media,1,0,2911,4,0,2,1,9,Bug
T-01801,form,Business,API,Media,0,1,1035,0,4,0,1,19,Richiesta
T-01802,email,Free,Nessuno,Media,0,1,528,0,3,1,1,13,Richiesta
T-01803,telefono,Free,Backend,Urgente,0,0,321,2,0,2,8,1,Incidente
T-01804,email,Business,Frontend,Bassa,0,0,247,0,4,1,1,8,Richiesta
T-01805,chat,Free,Mobile,Media,0,0,448,0,0,2,1,11,Domanda
T-01806,form,Free,Mobile,Alta,1,0,826,0,0,1,1,14,Bug
T-01807,form,Business,Mobile,Bassa,0,2,656,3,0,0,1,12,Bug
T-01808,form,Free,API,Alta,0,1,376,5,0,0,2,15,Bug
T-01809,form,Enterprise,API,Alta,0,2,866,3,1,0,4,11,Bug
T-01810,chat,Business,API,Bassa,0,0,253,1,0,2,1,18,Domanda
T-01811,email,Free,Nessuno,Media,0,1,434,1,2,0,1,17,Domanda
T-01812,email,Free,Frontend,Bassa,0,0,497,0,0,0,2,18,Richiesta
T-01813,email,Free,Nessuno,Bassa,0,1,107,3,0,1,2,13,Domanda
T-01814,chat,Free,Fatturazione,Bassa,0,0,398,0,0,1,1,12,Domanda
T-01815,chat,Free,Account,Media,0,1,306,0,0,8,1,18,Domanda
T-01816,email,Business,Mobile,Bassa,0,0,211,0,1,4,1,14,Domanda
T-01817,chat,Business,Fatturazione,Bassa,0,1,350,0,1,1,1,12,Richiesta
T-01818,email,Business,Frontend,Alta,0,0,285,1,2,4,1,17,Domanda
T-01819,chat,Business,Nessuno,Media,0,0,181,0,0,3,1,9,Domanda
T-01820,email,Enterprise,Backend,Alta,0,1,1283,2,0,1,10,23,Incidente
T-01821,chat,Enterprise,API,Alta,1,1,215,4,0,1,7,9,Incidente
T-01822,email,Enterprise,Backend,Media,0,1,949,2,0,0,1,17,Bug
T-01823,email,Business,API,Bassa,0,1,344,0,0,1,1,16,Richiesta
T-01824,email,Enterprise,Frontend,Bassa,0,0,249,0,4,0,1,11,Richiesta
T-01825,email,Free,Fatturazione,Media,0,1,497,0,1,0,1,15,Domanda
T-01826,email,Enterprise,Frontend,Bassa,0,0,577,1,3,0,1,13,Richiesta
T-01827,form,Free,Nessuno,Media,0,0,500,1,0,1,1,17,Richiesta
T-01828,form,Free,Frontend,Media,0,0,419,1,0,3,2,15,Domanda
T-01829,form,Business,Mobile,Media,1,1,253,4,1,1,1,9,Bug
T-01830,email,Business,Mobile,Media,1,1,344,4,0,1,1,12,Bug
T-01831,email,Business,Frontend,Media,0,4,565,0,0,0,1,15,Bug
T-01832,form,Enterprise,API,Alta,0,0,633,0,1,0,3,6,Incidente
T-01833,email,Free,Frontend,Alta,1,1,631,6,0,0,1,16,Bug
T-01834,telefono,Business,API,Urgente,1,2,327,1,0,0,5,7,Incidente
T-01835,email,Business,Frontend,Bassa,0,1,408,0,1,1,1,15,Richiesta
T-01836,form,Business,Fatturazione,Media,0,2,607,6,1,0,1,15,Bug
T-01837,chat,Business,Account,Bassa,0,0,206,1,1,1,1,13,Domanda
T-01838,form,Enterprise,API,Alta,0,0,333,0,3,1,1,11,Richiesta
T-01839,form,Business,Frontend,Bassa,0,0,212,0,0,1,1,21,Richiesta
T-01840,email,Business,Nessuno,Bassa,0,1,497,0,2,0,1,17,Richiesta
T-01841,email,Enterprise,API,Urgente,0,1,715,0,0,1,4,4,Incidente
T-01842,chat,Business,Frontend,Media,0,1,627,0,1,3,1,10,Domanda
T-01843,chat,Free,Backend,Media,0,0,506,0,1,4,1,12,Domanda
T-01844,email,Enterprise,API,Bassa,0,1,555,0,5,0,1,12,Richiesta
T-01845,chat,Free,API,Bassa,0,1,212,3,1,1,2,10,Bug
T-01846,form,Free,Mobile,Alta,1,1,3116,2,1,0,2,10,Bug
T-01847,telefono,Free,Fatturazione,Alta,0,0,413,0,1,0,5,17,Incidente
T-01848,chat,Business,Frontend,Media,0,1,393,0,3,1,1,12,Richiesta
T-01849,email,Free,Account,Bassa,0,0,225,1,0,0,1,17,Domanda
T-01850,chat,Enterprise,Backend,Alta,0,1,234,0,0,0,9,11,Incidente
T-01851,email,Free,API,Alta,0,1,409,2,0,0,1,15,Bug
T-01852,email,Free,Frontend,Alta,0,2,2339,4,1,1,1,18,Bug
T-01853,form,Business,API,Media,0,0,754,2,0,1,2,16,Bug
T-01854,chat,Business,Nessuno,Bassa,0,1,707,1,5,1,1,10,Richiesta
T-01855,telefono,Business,API,Urgente,0,2,440,4,0,0,11,6,Incidente
T-01856,form,Free,Mobile,Alta,0,3,1868,6,0,1,1,18,Bug
T-01857,form,Enterprise,Backend,Media,0,1,1306,4,0,0,1,12,Bug
T-01858,telefono,Enterprise,Account,Alta,0,1,606,3,0,0,1,16,Bug
T-01859,chat,Free,Nessuno,Media,0,0,219,1,0,2,1,16,Domanda
T-01860,chat,Business,Account,Alta,1,0,406,0,1,2,1,17,Domanda
T-01861,form,Enterprise,API,Bassa,1,1,473,4,1,0,1,13,Bug
T-01862,form,Free,Backend,Media,1,3,809,1,1,0,1,16,Bug
T-01863,chat,Free,Fatturazione,Bassa,0,0,95,1,1,3,1,11,Domanda
T-01864,chat,Free,Nessuno,Bassa,0,0,160,1,0,3,1,13,Domanda
T-01865,chat,Free,Mobile,Bassa,0,1,191,0,1,3,1,18,Domanda
T-01866,chat,Enterprise,Backend,Urgente,0,0,343,3,0,3,7,16,Incidente
T-01867,email,Business,Mobile,Bassa,1,3,697,5,1,1,2,11,Bug
T-01868,chat,Enterprise,Account,Alta,0,0,218,0,0,1,1,14,Domanda
T-01869,form,Enterprise,API,Media,0,0,932,4,0,3,2,17,Bug
T-01870,email,Enterprise,Backend,Bassa,0,1,550,1,3,2,1,17,Richiesta
T-01871,email,Free,Fatturazione,Media,0,0,493,0,1,5,1,10,Domanda
T-01872,email,Free,Frontend,Alta,0,1,1284,4,1,0,1,6,Bug
T-01873,email,Business,Backend,Media,1,1,771,3,1,0,1,13,Bug
T-01874,email,Enterprise,Mobile,Alta,1,2,702,2,0,1,1,13,Bug
T-01875,chat,Free,Nessuno,Alta,0,0,1173,1,3,1,1,10,Richiesta
T-01876,email,Business,Fatturazione,Bassa,0,1,562,0,3,2,1,12,Richiesta
T-01877,email,Enterprise,Nessuno,Bassa,0,1,321,0,1,0,1,14,Richiesta
T-01878,email,Business,Backend,Alta,0,0,342,3,0,1,1,14,Bug
T-01879,form,Free,Nessuno,Alta,0,1,866,0,6,0,1,10,Richiesta
T-01880,form,Free,Fatturazione,Media,0,1,158,0,1,6,1,10,Domanda
T-01881,email,Business,Mobile,Bassa,0,2,95,0,6,0,1,13,Richiesta
T-01882,chat,Business,Nessuno,Media,0,0,106,0,0,3,1,14,Domanda
T-01883,telefono,Enterprise,API,Urgente,1,0,643,4,0,0,11,8,Incidente
T-01884,chat,Business,Backend,Alta,1,1,298,3,2,1,9,23,Incidente
T-01885,chat,Free,Nessuno,Bassa,0,0,322,0,1,1,1,7,Domanda
T-01886,chat,Enterprise,Frontend,Alta,1,0,966,3,1,2,1,15,Bug
T-01887,chat,Business,Nessuno,Media,0,0,209,0,2,1,1,11,Domanda
T-01888,email,Business,Mobile,Media,0,2,526,0,3,3,1,9,Richiesta
T-01889,chat,Business,Mobile,Bassa,0,0,314,0,0,2,1,14,Domanda
T-01890,form,Free,Backend,Bassa,1,2,946,3,1,2,1,10,Bug
T-01891,form,Enterprise,Account,Bassa,0,0,859,0,3,2,1,15,Richiesta
T-01892,chat,Enterprise,Mobile,Alta,0,0,349,1,0,0,4,23,Incidente
T-01893,chat,Free,Backend,Alta,1,1,2173,4,0,0,1,15,Bug
T-01894,chat,Free,API,Bassa,0,1,559,3,0,2,2,13,Domanda
T-01895,form,Enterprise,API,Alta,0,1,999,3,0,0,1,11,Bug
T-01896,chat,Enterprise,Account,Media,0,0,1007,0,1,1,1,12,Domanda
T-01897,chat,Business,Backend,Media,0,1,517,2,0,0,2,16,Bug
T-01898,chat,Business,Account,Bassa,0,0,425,2,0,6,1,11,Domanda
T-01899,chat,Business,Mobile,Bassa,0,1,189,1,2,4,1,14,Domanda
T-01900,chat,Free,Fatturazione,Media,0,1,552,2,0,3,1,14,Domanda
T-01901,email,Business,Fatturazione,Media,0,1,440,0,1,3,1,15,Domanda
T-01902,email,Free,Nessuno,Media,0,0,108,0,0,4,1,15,Domanda
T-01903,chat,Enterprise,API,Urgente,0,0,677,3,0,1,5,14,Incidente
T-01904,telefono,Enterprise,Frontend,Media,1,3,1811,4,0,1,1,7,Bug
T-01905,form,Business,API,Alta,0,0,406,5,0,0,1,16,Bug
T-01906,chat,Free,Fatturazione,Alta,1,0,809,1,0,1,1,15,Bug
T-01907,chat,Business,Frontend,Media,0,2,846,3,0,0,3,17,Bug
T-01908,chat,Free,Backend,Media,0,3,1274,6,0,1,1,9,Bug
T-01909,chat,Business,Backend,Alta,0,2,819,2,0,0,1,17,Bug
T-01910,form,Free,Backend,Bassa,0,1,165,0,0,2,1,18,Domanda
T-01911,form,Business,Account,Bassa,0,1,518,0,2,2,1,8,Richiesta
T-01912,form,Enterprise,Frontend,Bassa,0,0,483,1,5,1,1,13,Richiesta
T-01913,form,Business,Frontend,Media,0,2,732,1,0,0,2,20,Bug
T-01914,email,Free,Frontend,Media,0,0,646,0,0,1,1,16,Domanda
T-01915,email,Business,Nessuno,Bassa,0,2,453,1,4,1,1,9,Richiesta
T-01916,email,Enterprise,Nessuno,Bassa,0,0,1195,0,1,2,1,12,Richiesta
T-01917,form,Free,Mobile,Bassa,0,0,99,0,4,0,1,16,Richiesta
T-01918,telefono,Enterprise,Frontend,Alta,0,2,656,4,1,0,1,15,Bug
T-01919,chat,Enterprise,Mobile,Media,0,0,415,0,3,0,1,17,Richiesta
T-01920,email,Free,Account,Media,0,0,687,0,1,2,1,13,Domanda
T-01921,chat,Free,Account,Bassa,0,0,510,0,0,3,1,14,Domanda
T-01922,email,Free,Mobile,Bassa,0,2,439,0,0,1,2,6,Richiesta
T-01923,form,Free,Frontend,Alta,1,1,929,3,1,0,1,14,Bug
T-01924,form,Enterprise,Account,Alta,1,1,1090,1,1,0,2,15,Bug
T-01925,email,Business,API,Alta,1,1,463,3,1,1,7,9,Incidente
T-01926,form,Business,Frontend,Media,0,1,800,7,1,1,1,11,Bug
T-01927,telefono,Business,Backend,Media,0,1,245,3,0,0,11,15,Incidente
T-01928,email,Enterprise,Account,Bassa,0,1,103,0,2,3,1,15,Domanda
T-01929,email,Enterprise,Account,Bassa,1,0,149,0,0,3,1,13,Domanda
T-01930,form,Business,Frontend,Media,0,0,880,1,3,0,1,10,Richiesta
T-01931,chat,Business,Nessuno,Bassa,0,0,357,1,3,2,1,15,Domanda
T-01932,form,Free,Mobile,Media,0,2,802,3,0,0,1,14,Bug
T-01933,email,Business,Fatturazione,Media,0,1,165,0,2,1,1,15,Richiesta
T-01934,form,Business,Frontend,Media,1,3,222,3,0,2,2,18,Bug
T-01935,telefono,Business,API,Alta,0,2,288,4,0,0,10,7,Incidente
T-01936,email,Business,Backend,Media,0,4,490,3,1,1,1,13,Bug
T-01937,chat,Business,Backend,Urgente,0,1,487,4,0,2,2,12,Incidente
T-01938,email,Free,Frontend,Bassa,0,1,1550,0,1,2,1,10,Richiesta
T-01939,telefono,Free,Fatturazione,Bassa,0,1,184,2,1,7,1,12,Domanda
T-01940,form,Free,Frontend,Bassa,0,1,700,5,0,1,1,17,Bug
T-01941,telefono,Enterprise,Backend,Alta,1,2,480,3,1,0,5,12,Incidente
T-01942,chat,Business,Nessuno,Bassa,0,0,154,2,1,1,1,19,Domanda
T-01943,form,Business,Nessuno,Media,0,1,1015,0,2,1,1,10,Richiesta
T-01944,email,Free,Frontend,Alta,1,0,352,4,0,0,2,16,Bug
T-01945,email,Business,Mobile,Media,0,0,287,1,1,2,1,13,Domanda
T-01946,chat,Free,Nessuno,Urgente,0,0,256,3,2,0,1,17,Domanda
T-01947,email,Enterprise,Fatturazione,Bassa,0,0,192,0,2,2,2,14,Domanda
T-01948,chat,Business,Backend,Bassa,0,1,364,1,1,2,1,14,Richiesta
T-01949,form,Enterprise,Account,Bassa,0,0,437,0,3,1,1,14,Richiesta
T-01950,email,Business,Mobile,Bassa,0,0,1154,0,3,0,1,8,Richiesta
T-01951,chat,Free,Mobile,Bassa,0,0,319,1,1,1,1,7,Domanda
T-01952,email,Free,Nessuno,Bassa,0,0,297,0,1,1,1,13,Domanda
T-01953,email,Enterprise,Frontend,Bassa,0,1,1116,4,0,0,1,14,Bug
T-01954,form,Enterprise,Backend,Alta,0,1,2749,1,0,2,2,15,Bug
T-01955,form,Free,API,Bassa,0,0,104,1,0,3,1,9,Domanda
T-01956,email,Free,Mobile,Media,0,0,537,0,4,1,2,12,Richiesta
T-01957,chat,Enterprise,Backend,Bassa,0,1,467,2,0,0,1,16,Bug
T-01958,chat,Enterprise,Fatturazione,Media,0,0,189,0,0,2,1,12,Domanda
T-01959,form,Business,Account,Bassa,0,0,265,1,0,2,1,14,Richiesta
T-01960,chat,Free,Account,Media,0,0,336,1,0,4,1,9,Domanda
T-01961,form,Business,Fatturazione,Bassa,0,0,712,0,2,3,1,17,Richiesta
T-01962,telefono,Business,Fatturazione,Alta,1,1,243,1,3,4,1,12,Domanda
T-01963,email,Free,API,Media,1,0,336,4,0,0,1,9,Bug
T-01964,chat,Enterprise,Backend,Urgente,0,1,257,1,1,0,7,14,Incidente
T-01965,email,Business,Frontend,Alta,0,0,589,2,5,0,1,12,Richiesta
T-01966,form,Business,API,Bassa,0,0,1091,6,2,0,3,12,Bug
T-01967,email,Business,Account,Bassa,0,1,275,3,1,4,1,11,Domanda
T-01968,email,Enterprise,Frontend,Urgente,0,1,632,2,0,0,11,6,Incidente
T-01969,telefono,Free,Backend,Urgente,1,1,305,3,0,0,5,8,Incidente
T-01970,email,Business,Frontend,Alta,0,0,1462,2,1,0,1,14,Bug
T-01971,email,Enterprise,Fatturazione,Bassa,0,1,441,1,1,5,1,10,Domanda
T-01972,email,Enterprise,Mobile,Alta,1,1,373,3,0,0,1,9,Bug
T-01973,form,Enterprise,Nessuno,Bassa,0,0,256,0,2,1,1,5,Richiesta
T-01974,email,Business,Nessuno,Media,0,2,559,0,4,2,1,12,Richiesta
T-01975,email,Enterprise,Account,Urgente,1,0,454,5,0,1,5,0,Incidente
T-01976,form,Business,Frontend,Media,1,3,916,4,0,0,1,15,Bug
T-01977,email,Business,Frontend,Alta,0,1,562,5,0,1,1,15,Bug
T-01978,email,Free,API,Media,0,0,169,2,1,2,1,13,Domanda
T-01979,email,Business,API,Media,0,2,595,0,2,1,1,12,Richiesta
T-01980,email,Free,API,Bassa,0,0,203,1,1,3,1,14,Domanda
T-01981,form,Business,Backend,Urgente,0,1,465,3,0,1,6,22,Incidente
T-01982,form,Business,Backend,Media,1,3,581,5,1,1,2,10,Bug
T-01983,email,Enterprise,Fatturazione,Media,0,0,479,1,3,0,1,10,Richiesta
T-01984,telefono,Free,API,Media,0,1,378,1,1,0,6,3,Incidente
T-01985,form,Business,Backend,Alta,0,1,1310,4,0,1,2,12,Bug
T-01986,form,Business,Backend,Media,1,0,260,0,0,0,2,9,Bug
T-01987,email,Free,Mobile,Bassa,0,2,545,1,3,0,1,23,Richiesta
T-01988,form,Free,Mobile,Media,1,1,465,2,0,0,1,17,Bug
T-01989,chat,Business,Backend,Urgente,1,2,303,1,0,3,9,0,Incidente
T-01990,chat,Business,Fatturazione,Alta,0,0,803,1,0,2,1,15,Domanda
T-01991,form,Free,Mobile,Media,0,1,1287,5,0,1,3,14,Bug
T-01992,form,Business,Frontend,Bassa,0,1,309,1,3,1,1,11,Richiesta
T-01993,chat,Business,Mobile,Bassa,0,1,646,0,4,0,1,10,Richiesta
T-01994,email,Enterprise,API,Media,1,2,328,3,0,1,1,17,Bug
T-01995,chat,Enterprise,Backend,Media,1,1,583,2,0,0,1,12,Bug
T-01996,email,Free,Frontend,Bassa,0,1,277,0,2,4,1,14,Domanda
T-01997,chat,Business,Mobile,Bassa,0,1,457,0,5,2,1,10,Richiesta
T-01998,form,Business,Fatturazione,Urgente,1,1,622,0,1,0,1,12,Bug
T-01999,form,Free,Backend,Bassa,1,1,164,3,0,1,1,9,Bug
T-02000,form,Free,Mobile,Alta,1,2,1423,6,0,1,2,17,Bug
